region,region_name,k,design,model,repeat,r2_log,rmse,rpd
002,USA,10,target_only,PLSR,0,-0.5897004544340863,7.943181907704165,0.27686378400808087
002,USA,10,target_only,Ridge,0,0.2543699330062541,1.6497307722827557,1.3330535121124438
002,USA,10,target_only,MLP,0,-1.7921769825428346,1.4706311791123239,1.495398323704065
002,USA,10,pooled,PLSR,0,0.4470840102735937,1.9600146443805218,1.1220219228140358
002,USA,10,pooled,Ridge,0,0.545013333669436,1.8462906075547385,1.1911339368963891
002,USA,10,pooled,MLP,0,0.5737129718174996,1.2967138546551027,1.6959635251344136
002,USA,10,target_only,PLSR,1,-0.32405464948931084,2.1431317020437652,1.026152241569796
002,USA,10,target_only,Ridge,1,0.33931232966417024,1.806097046176201,1.217641878484614
002,USA,10,target_only,MLP,1,0.01674112647088588,2.3832827319457874,0.9227522066742044
002,USA,10,pooled,PLSR,1,0.4357207504248607,1.9764184840698436,1.1127093870843328
002,USA,10,pooled,Ridge,1,0.5349934435209073,1.863201423081576,1.1803229499439984
002,USA,10,pooled,MLP,1,0.622669795946468,1.4351982370355902,1.5323175177346362
002,USA,10,target_only,PLSR,2,-0.6189526724544892,2.6846486978362156,0.8191684080691845
002,USA,10,target_only,Ridge,2,-0.06279170885100527,2.52374758390607,0.8713943557809274
002,USA,10,target_only,MLP,2,0.14662666192379004,1.9538580204634928,1.125557423824385
002,USA,10,pooled,PLSR,2,0.43614172530946693,1.9721562974622795,1.1151141534072881
002,USA,10,pooled,Ridge,2,0.5371133938179513,1.857581831198573,1.1838936853794046
002,USA,10,pooled,MLP,2,0.476955184729716,1.587197028220842,1.3855742928756976
002,USA,10,target_only,PLSR,3,-3.257425534244865,2.943822921844067,0.747048806405072
002,USA,10,target_only,Ridge,3,-0.24650497167784957,2.096003742367878,1.0492249396210835
002,USA,10,target_only,MLP,3,-0.13304509089589134,2.5673242201231234,0.8566036898627606
002,USA,10,pooled,PLSR,3,0.43899114496274083,1.9754134324030654,1.1132755118285431
002,USA,10,pooled,Ridge,3,0.538803215303783,1.8618511825346824,1.1811789366739764
002,USA,10,pooled,MLP,3,0.5295321115576739,1.5753123473673774,1.3960275266722282
002,USA,10,target_only,PLSR,4,-1.548586927300685,2.77766615157402,0.7917364002816871
002,USA,10,target_only,Ridge,4,-0.3721536206109217,1.9066298425438633,1.1534380460012694
002,USA,10,target_only,MLP,4,-1.1228777511658508,1.2321437468272947,1.7848399634330596
002,USA,10,pooled,PLSR,4,0.4451369773851336,1.9690722669583,1.1168606845642373
002,USA,10,pooled,Ridge,4,0.5467890406704117,1.850930415456778,1.1881480695689912
002,USA,10,pooled,MLP,4,0.5153068625358554,1.4425758202667402,1.5244809798800463
002,USA,10,target_only,PLSR,5,0.14019877394204583,3.630583246075662,0.6057372193320781
002,USA,10,target_only,Ridge,5,0.32256030699967464,1.5400093645993391,1.4280298877297135
002,USA,10,target_only,MLP,5,0.10400288682950642,1.7381747907441627,1.265223389351982
002,USA,10,pooled,PLSR,5,0.4417277863638258,1.977024971357016,1.1123680438502506
002,USA,10,pooled,Ridge,5,0.5393484804831546,1.867550558247717,1.1775742243331528
002,USA,10,pooled,MLP,5,0.7073429083735163,1.339833114553827,1.6413830768497184
002,USA,10,target_only,PLSR,6,-0.8838922455845661,2.445422612587892,0.8993044346245734
002,USA,10,target_only,Ridge,6,-0.08474145486236928,2.4038868272774856,0.9148431511321086
002,USA,10,target_only,MLP,6,0.43181031827696525,2.865636980976099,0.7674312603553898
002,USA,10,pooled,PLSR,6,0.4355879662264107,1.9785654324552377,1.111501982172255
002,USA,10,pooled,Ridge,6,0.5336793197816498,1.8690239151122263,1.176645939225155
002,USA,10,pooled,MLP,6,0.6316420640671743,1.447837563373739,1.5189406986423202
002,USA,10,target_only,PLSR,7,-2.209310362621112,87.60923346698566,0.025102141783494
002,USA,10,target_only,Ridge,7,-1.163057532406068,9.132378369113432,0.24081124446938537
002,USA,10,target_only,MLP,7,-2.692351642082867,2.3777618610719915,0.9248947239148761
002,USA,10,pooled,PLSR,7,0.43201530023511026,1.9824788677546685,1.1093078649167472
002,USA,10,pooled,Ridge,7,0.5318393220400814,1.871271766995618,1.1752325016704277
002,USA,10,pooled,MLP,7,0.5200368880871036,1.5575012836133049,1.411992030548793
002,USA,10,target_only,PLSR,8,-3.6594585643274344,3.6373460525083248,0.6046109906190918
002,USA,10,target_only,Ridge,8,-1.592553319836941,2.498285465288827,0.8802754651487572
002,USA,10,target_only,MLP,8,-1.6874375660654204,39.78429810272024,0.055277571929341976
002,USA,10,pooled,PLSR,8,0.4327871202304261,1.98241553501785,1.1093433042592151
002,USA,10,pooled,Ridge,8,0.5322972355116118,1.8712569024653782,1.1752418372560636
002,USA,10,pooled,MLP,8,0.5772251942752945,1.400417685280383,1.5703739128310106
002,USA,10,target_only,PLSR,9,-0.13813406984932453,1.7835386413423082,1.2330427550346643
002,USA,10,target_only,Ridge,9,0.3032117898653456,1.577478175447871,1.394110824643973
002,USA,10,target_only,MLP,9,0.041900875924143155,2.4701571165288665,0.890299400518235
002,USA,10,pooled,PLSR,9,0.43832944297111376,1.9726470923682553,1.1148367128310233
002,USA,10,pooled,Ridge,9,0.5366563386249675,1.8617196490768781,1.1812623888467584
002,USA,10,pooled,MLP,9,0.49055066265272496,1.5656863780546908,1.4046104193381967
002,USA,10,target_only,PLSR,10,-0.051559190421501366,1.7813374301208864,1.2345664346604222
002,USA,10,target_only,Ridge,10,0.1663483966570911,1.7669219865183676,1.2446386523068151
002,USA,10,target_only,MLP,10,0.187895433671732,1.3410735014509751,1.6398649273526755
002,USA,10,target_only,PLSR,11,-0.7130625351410482,15.334241577145756,0.1434162484637761
002,USA,10,target_only,Ridge,11,-0.21111800591148366,3.6530100090947553,0.6020184435729142
002,USA,10,target_only,MLP,11,-0.6206205803455773,3.427242138350016,0.6416761090274926
002,USA,10,target_only,PLSR,12,-5.068788507472499,5300.247811268152,0.0004149201090854882
002,USA,10,target_only,Ridge,12,-1.6305479083725145,37.2311971009782,0.05906818934848918
002,USA,10,target_only,MLP,12,-0.1589701346676491,10.319326687768786,0.2131126832759475
002,USA,10,target_only,PLSR,13,-1.3210828744864949,3.976746192584091,0.5530097455383428
002,USA,10,target_only,Ridge,13,-1.0165789102950007,2.885819773285479,0.7620640139726247
002,USA,10,target_only,MLP,13,-0.43608942049342647,2.1521132901056816,1.0218697176130114
002,USA,10,target_only,PLSR,14,-2.2503810261916657,1092.041347511339,0.002013824297993137
002,USA,10,target_only,Ridge,14,-0.1807789395068844,11.815463855414162,0.18612721658183387
002,USA,10,target_only,MLP,14,-0.15034890311719096,15.290785649094431,0.14382383289518835
002,USA,10,target_only,PLSR,15,0.1905962036772667,1.6296500874129487,1.349479509139704
002,USA,10,target_only,Ridge,15,0.37453016423064267,1.654758812055059,1.329002984610381
002,USA,10,target_only,MLP,15,-0.022639608965754787,3.3353067402102816,0.6593634622921818
002,USA,10,target_only,PLSR,16,-0.23891859803708737,3.8200389507287964,0.5756955435263132
002,USA,10,target_only,Ridge,16,0.03932619751149258,2.6748892748039457,0.8221571714188765
002,USA,10,target_only,MLP,16,0.24561940973147567,2.1667455862721825,1.0149689072703365
002,USA,10,target_only,PLSR,17,-1.6635436812949087,29.7051754827811,0.07403354345798353
002,USA,10,target_only,Ridge,17,-0.5198366160706638,7.37642456838061,0.2981362284186281
002,USA,10,target_only,MLP,17,0.11154291823639884,3.6979850327351165,0.5946966741520143
002,USA,10,target_only,PLSR,18,-0.31441980811233927,2.5346494465123506,0.8676463733703089
002,USA,10,target_only,Ridge,18,0.05419599317428203,1.995933917762227,1.1018297652344855
002,USA,10,target_only,MLP,18,-0.22720770813109126,1.6599689331229244,1.3248316616951092
002,USA,10,target_only,PLSR,19,0.1641752451473294,2.1077133539556376,1.0433958659056772
002,USA,10,target_only,Ridge,19,0.27083819544267473,2.1658207115301455,1.015402331468974
002,USA,10,target_only,MLP,19,-0.23543143495915286,2.791823216892144,0.7877215816263706
002,USA,10,target_only,PLSR,20,-1.7761235774047548,2.7364253027871572,0.8036687125322042
002,USA,10,target_only,Ridge,20,-0.597810917186067,2.4415744695080335,0.9007218200781018
002,USA,10,target_only,MLP,20,-0.4931356403424225,3.0791256326039704,0.7142220430192998
002,USA,10,target_only,PLSR,21,0.12809695612839977,3.103296332332437,0.7086591690000158
002,USA,10,target_only,Ridge,21,0.397613223775798,2.211056883065462,0.9946281422586047
002,USA,10,target_only,MLP,21,-0.09167984890429248,1.8233528607103515,1.2061183808243972
002,USA,10,target_only,PLSR,22,-0.6729330929008115,12.234341658451994,0.17975461707922932
002,USA,10,target_only,Ridge,22,0.06166161777901269,2.2884166445206024,0.9610048088477372
002,USA,10,target_only,MLP,22,-3.106581480527698,43.168714884708166,0.050943823690487625
002,USA,10,target_only,PLSR,23,-2.3269886261767727,1330.3461561532376,0.001653088100311079
002,USA,10,target_only,Ridge,23,-0.28525442259925815,9.731625013588326,0.22598275179744126
002,USA,10,target_only,MLP,23,0.07112531459194715,4.561224117002402,0.4821467535072107
002,USA,10,target_only,PLSR,24,-0.4437913550946697,3.075661039788496,0.7150265817922292
002,USA,10,target_only,Ridge,24,0.03234712580654209,2.6392919013658713,0.8332459925684593
002,USA,10,target_only,MLP,24,-6.409622961310133,2.437147635584415,0.9023578908071157
002,USA,10,target_only,PLSR,25,-5.63209758661958,96.19118548669965,0.02286258755315561
002,USA,10,target_only,Ridge,25,-3.6050168659123036,33.04221158979211,0.06655666476970643
002,USA,10,target_only,MLP,25,-1.6689565732632952,155.2173989346505,0.014168381992777744
002,USA,10,target_only,PLSR,26,0.25262203247300485,3.1997602861584933,0.6872950481774215
002,USA,10,target_only,Ridge,26,0.4693261153430903,1.361521872843348,1.6152361881919848
002,USA,10,target_only,MLP,26,0.14407760679667536,2.011467918198819,1.0933206441595997
002,USA,10,target_only,PLSR,27,-1.3760420164298313,13.631924133788758,0.16132567775817558
002,USA,10,target_only,Ridge,27,0.2782641830415973,2.00839363606187,1.0949942085774236
002,USA,10,target_only,MLP,27,-0.20793827970508905,7.665778431436908,0.28688272426617445
002,USA,10,target_only,PLSR,28,-0.38217075771195685,2.089482326984447,1.052499641480754
002,USA,10,target_only,Ridge,28,0.06934404523415383,1.8897156665945858,1.1637620616198805
002,USA,10,target_only,MLP,28,-0.0621676148592718,1.4654341925022119,1.5007015745118029
002,USA,10,target_only,PLSR,29,0.14751280196239025,1.8031334663130605,1.2196431607074834
002,USA,10,target_only,Ridge,29,0.23639386279683228,1.9174088420481987,1.1469538221604905
002,USA,10,target_only,MLP,29,-1.0663720440589208,5.38452168152088,0.4084261388674239
002,USA,25,target_only,PLSR,0,-0.5815666758619666,62.55955001308217,0.03515337625624895
002,USA,25,target_only,Ridge,0,0.04661595547058395,3.1569088292379823,0.6966242989546017
002,USA,25,target_only,MLP,0,0.10798014505792897,1.9649849684894791,1.119183828526715
002,USA,25,pooled,PLSR,0,0.44188982882933614,1.9571358625961826,1.1236723224284713
002,USA,25,pooled,Ridge,0,0.5434507937472075,1.8395868207819475,1.1954746441903206
002,USA,25,pooled,MLP,0,0.6202127960194534,1.4746539795019356,1.4913189335265447
002,USA,25,target_only,PLSR,1,-1.322064690404945,7931.31276785258,0.00027727810822759095
002,USA,25,target_only,Ridge,1,0.5736318933502866,1.690937863185074,1.3005678374775387
002,USA,25,target_only,MLP,1,0.5517613078364771,2.810993137577915,0.7823496153841268
002,USA,25,pooled,PLSR,1,0.4452393708215665,1.9592087021116575,1.1224834789990474
002,USA,25,pooled,Ridge,1,0.5455995171696972,1.8413463299345365,1.1943323014686145
002,USA,25,pooled,MLP,1,0.6986083533895194,1.1423934964935754,1.9250629549114118
002,USA,25,target_only,PLSR,2,-1.0416471852085807,26.531228301465067,0.08289022185640994
002,USA,25,target_only,Ridge,2,0.37143886223177314,1.4465426995718345,1.520300369067876
002,USA,25,target_only,MLP,2,0.6046667936210199,1.3171266388975869,1.6696795396015818
002,USA,25,pooled,PLSR,2,0.44664704694742097,1.9543378969829597,1.1252810496212144
002,USA,25,pooled,Ridge,2,0.5447491547737411,1.8417026287236091,1.1941012439970515
002,USA,25,pooled,MLP,2,0.6885135809386678,1.4110787885958773,1.558509289350058
002,USA,25,target_only,PLSR,3,0.4602158556372117,2.382560139822445,0.9230320625591388
002,USA,25,target_only,Ridge,3,0.38015109599223784,1.8363311777200655,1.1975941086846533
002,USA,25,target_only,MLP,3,0.41162915864480154,1.3150438027943312,1.6723240665888652
002,USA,25,pooled,PLSR,3,0.44510500637019446,1.9551382953973087,1.1248203798210605
002,USA,25,pooled,Ridge,3,0.547856801568639,1.8339907397276733,1.199122412340018
002,USA,25,pooled,MLP,3,0.6885675259124644,1.050140343999677,2.0941766618121456
002,USA,25,target_only,PLSR,4,0.2868926077897621,3.411533744692877,0.6446307041378782
002,USA,25,target_only,Ridge,4,0.3296312529514781,2.4262953451583638,0.9063939410426399
002,USA,25,target_only,MLP,4,0.41707125308632964,1.684695180080311,1.3053871264276216
002,USA,25,pooled,PLSR,4,0.446320452952784,1.9738181870752494,1.1141752641818476
002,USA,25,pooled,Ridge,4,0.5418667317157454,1.864131781998961,1.1797338692832433
002,USA,25,pooled,MLP,4,0.6497769412326406,1.5535783181010594,1.4155574742569537
002,USA,25,target_only,PLSR,5,-0.09898924304114654,5.267575574878726,0.41749365885123213
002,USA,25,target_only,Ridge,5,0.4309961096702176,1.3222999206861203,1.6631471919701717
002,USA,25,target_only,MLP,5,0.12517311548633892,1.6189584126813323,1.358391532979036
002,USA,25,pooled,PLSR,5,0.448595113021132,1.9675677493768575,1.117714701680792
002,USA,25,pooled,Ridge,5,0.5509598747129423,1.8491726966214082,1.1892774558317807
002,USA,25,pooled,MLP,5,0.6914250331238511,1.5145616341801722,1.4520237079832747
002,USA,25,target_only,PLSR,6,-3.833257036118485,5027.45735811833,0.0004374337251175826
002,USA,25,target_only,Ridge,6,0.12765264529114706,2.75581317324213,0.7980146917739835
002,USA,25,target_only,MLP,6,0.5368690550430765,1.4589635191870096,1.507357360968812
002,USA,25,pooled,PLSR,6,0.4395162009749921,1.9628806367685598,1.120383664109069
002,USA,25,pooled,Ridge,6,0.5420861254894095,1.8460952448847165,1.191259988413455
002,USA,25,pooled,MLP,6,0.6641656122281903,1.3994243768870511,1.571488560834895
002,USA,25,target_only,PLSR,7,-4.033970716358092,629.5294858520928,0.0034933699682943783
002,USA,25,target_only,Ridge,7,0.33216422737158924,1.5818288481270573,1.3902764528763083
002,USA,25,target_only,MLP,7,0.34713898126315945,1.8131383783639954,1.2129131600070333
002,USA,25,pooled,PLSR,7,0.45052911174290267,1.9495062133739152,1.1280699619959094
002,USA,25,pooled,Ridge,7,0.5492927606771658,1.8330423819643968,1.199742800095397
002,USA,25,pooled,MLP,7,0.6056456704408428,1.5355283031736162,1.4321972414876738
002,USA,25,target_only,PLSR,8,-0.7392472246598087,5.674927908680493,0.38752552198373996
002,USA,25,target_only,Ridge,8,0.46926554506047613,1.2178533298770986,1.8057834601917417
002,USA,25,target_only,MLP,8,0.2539483335435805,1.3408926498599876,1.6400861025385844
002,USA,25,pooled,PLSR,8,0.44638230009129487,1.955852639178899,1.1244095572326733
002,USA,25,pooled,Ridge,8,0.5472439195370555,1.837819717500175,1.196624118835145
002,USA,25,pooled,MLP,8,0.6915113246098757,1.3680779885893317,1.6074956386800323
002,USA,25,target_only,PLSR,9,-0.6032797506403011,10.677034512999892,0.2059728660944082
002,USA,25,target_only,Ridge,9,0.3680954509599458,1.5384262442191325,1.4294994045345029
002,USA,25,target_only,MLP,9,0.1017518802398869,1.4261926705317638,1.5419932001273893
002,USA,25,pooled,PLSR,9,0.4374861511093806,1.9718813223595069,1.1152696539566667
002,USA,25,pooled,Ridge,9,0.5399192169246365,1.8542666321244556,1.186010340655203
002,USA,25,pooled,MLP,9,0.629876073511751,1.5058532762659818,1.4604207692031852
002,USA,25,target_only,PLSR,10,-4.051086139347825,394.4165799100018,0.0055757782812611775
002,USA,25,target_only,Ridge,10,-0.3270748451544021,3.751280591394537,0.5862476416923954
002,USA,25,target_only,MLP,10,0.37968379740433156,1.685300165884922,1.3049185210735148
002,USA,25,target_only,PLSR,11,-1.319659356521222,3200.93103142789,0.0006870436689947921
002,USA,25,target_only,Ridge,11,0.3868604609658739,3.5189793253458737,0.6249480877002165
002,USA,25,target_only,MLP,11,0.399290126202695,1.3464339960647562,1.6333362099138002
002,USA,25,target_only,PLSR,12,-0.830636976269616,125.38548698187543,0.0175393456847952
002,USA,25,target_only,Ridge,12,0.003424259106395322,2.58771137777833,0.849854979545516
002,USA,25,target_only,MLP,12,-0.44635651279534616,2.2818442787915165,0.9637727782178919
002,USA,25,target_only,PLSR,13,-4.9290806403176335,4.4852901752331915,0.4903092808074933
002,USA,25,target_only,Ridge,13,0.23437949952318404,1.4773392179877627,1.4886082852568787
002,USA,25,target_only,MLP,13,0.1665596440605076,1.8902078004264404,1.1634590649426775
002,USA,25,target_only,PLSR,14,0.21543266174748998,6.019064048359594,0.36536899796420264
002,USA,25,target_only,Ridge,14,0.3670442737169616,1.373620660618529,1.6010092619320613
002,USA,25,target_only,MLP,14,0.3219116058068726,2.0652517281152205,1.0648481103262437
002,USA,25,target_only,PLSR,15,-8.255049061996306,203.88851905939245,0.010786185559525712
002,USA,25,target_only,Ridge,15,-0.6505459956039619,4.188251126274277,0.5250829842163297
002,USA,25,target_only,MLP,15,-1.3008350520593628,2.336015937747256,0.9414231146694517
002,USA,25,target_only,PLSR,16,-1.1022943967118355,2.660891739160267,0.8264821028477941
002,USA,25,target_only,Ridge,16,0.453387305256426,1.4159019273173794,1.5532003718634306
002,USA,25,target_only,MLP,16,0.12120840770169194,4.163997625285541,0.5281413674871382
002,USA,25,target_only,PLSR,17,-0.21383962299176895,17.738395557825942,0.12397848457389109
002,USA,25,target_only,Ridge,17,0.4763821397984478,1.9745050980516978,1.1137876535246714
002,USA,25,target_only,MLP,17,0.5383129890589651,1.1026779972673717,1.9943985510561122
002,USA,25,target_only,PLSR,18,-0.6889376834560057,44.41934422648803,0.04950949723206613
002,USA,25,target_only,Ridge,18,0.5099435400102377,1.492442618881169,1.473543687515536
002,USA,25,target_only,MLP,18,0.16663975944797282,1.617488764675165,1.3596257656065733
002,USA,25,target_only,PLSR,19,-2.2837990065100393,460.67113833345803,0.0047738597386138394
002,USA,25,target_only,Ridge,19,-0.1258587608498063,2.3577618497434454,0.9327402596962032
002,USA,25,target_only,MLP,19,-0.34968015512801176,2.489262318208246,0.8834663120656789
002,USA,25,target_only,PLSR,20,-1.1278296903153082,4.816983987408891,0.45654696087425956
002,USA,25,target_only,Ridge,20,0.2130226692653251,1.8258569556423832,1.2044642343067746
002,USA,25,target_only,MLP,20,-0.2109593966165213,1.731813933169563,1.2698704854548475
002,USA,25,target_only,PLSR,21,-2.1818798830898296,47.147495091043076,0.046644671064386925
002,USA,25,target_only,Ridge,21,0.06124492656733016,2.54175213974388,0.8652218151582248
002,USA,25,target_only,MLP,21,-0.14251206763109536,2.40404621792645,0.9147824961237014
002,USA,25,target_only,PLSR,22,-1.736485560864447,4275.396091735352,0.0005143802709373931
002,USA,25,target_only,Ridge,22,0.2745538081631477,2.5001497234758547,0.8796190801621566
002,USA,25,target_only,MLP,22,0.3508515648303008,2.594636362946229,0.8475867491251518
002,USA,25,target_only,PLSR,23,0.26020067471253516,2.011124418707028,1.0935073830217705
002,USA,25,target_only,Ridge,23,0.5714026847944639,1.4426655184167658,1.524386194829805
002,USA,25,target_only,MLP,23,0.6453987815205787,1.596935368605016,1.3771248625751014
002,USA,25,target_only,PLSR,24,-0.5532105867855899,207.60214057623358,0.010593240483587119
002,USA,25,target_only,Ridge,24,0.4467343583458139,1.8735361213235446,1.1738121165648565
002,USA,25,target_only,MLP,24,0.3928172741940932,3.434902827569253,0.6402450114106358
002,USA,25,target_only,PLSR,25,0.3059279601588978,3.358205405843538,0.6548674468228652
002,USA,25,target_only,Ridge,25,0.21143108919304554,3.0784715542264585,0.7143737927388774
002,USA,25,target_only,MLP,25,0.15046540601000147,3.2300399360070537,0.6808520772501988
002,USA,25,target_only,PLSR,26,-1.1558989483927977,38.56813699682399,0.05702062819919458
002,USA,25,target_only,Ridge,26,0.04928172833789801,2.305918751274298,0.9537107059024478
002,USA,25,target_only,MLP,26,0.0746682741157565,2.2097439476956873,0.9952191077725534
002,USA,25,target_only,PLSR,27,0.038466863037408205,6.397823506389093,0.3437386789171854
002,USA,25,target_only,Ridge,27,0.09781164126100683,2.747836646568567,0.8003311997377226
002,USA,25,target_only,MLP,27,-0.0070385872356546475,4.371650025924794,0.5030547703933093
002,USA,25,target_only,PLSR,28,-0.532275926789924,208.94880711759055,0.010524967480641634
002,USA,25,target_only,Ridge,28,0.332533359048961,2.4576291936096815,0.89483775898732
002,USA,25,target_only,MLP,28,0.25802908460490015,1.7101342585570436,1.2859688583088784
002,USA,25,target_only,PLSR,29,-0.041689485071064736,1.831407902505756,1.2008135364178325
002,USA,25,target_only,Ridge,29,0.5200026324350661,1.629754941194241,1.349392687479752
002,USA,25,target_only,MLP,29,0.5323492773726167,1.2844619127910846,1.7121406077761951
002,USA,50,target_only,PLSR,0,0.4666744605767027,2.9951652575822725,0.7342430920845755
002,USA,50,target_only,Ridge,0,0.5195977511768283,1.382496164100149,1.5907309236282203
002,USA,50,target_only,MLP,0,0.5059134627751276,1.1484777684787018,1.9148645802213322
002,USA,50,pooled,PLSR,0,0.45138878192258614,1.9486282527210461,1.1285782175027936
002,USA,50,pooled,Ridge,0,0.5519914428287727,1.8294409409699128,1.2021046161050517
002,USA,50,pooled,MLP,0,0.7179490905412982,1.155699585278583,1.9028988398411395
002,USA,50,target_only,PLSR,1,0.3039180808473183,1.7682439392147882,1.2437081509285852
002,USA,50,target_only,Ridge,1,0.6304730369242426,1.3663806245377703,1.6094925239264548
002,USA,50,target_only,MLP,1,0.6963819280052288,1.2095267800675942,1.8182147235372506
002,USA,50,pooled,PLSR,1,0.46113722206203966,1.9462778857843115,1.1299411127744874
002,USA,50,pooled,Ridge,1,0.5596726126413922,1.8269518635454849,1.203742388572653
002,USA,50,pooled,MLP,1,0.7517720178659361,1.163231372086429,1.890577792865873
002,USA,50,target_only,PLSR,2,0.24205821991752519,2.958685935584646,0.7432959928533058
002,USA,50,target_only,Ridge,2,0.5304901021657791,1.3658976552896134,1.6100616261510503
002,USA,50,target_only,MLP,2,0.7781466033415187,0.980286459933931,2.243404851455075
002,USA,50,pooled,PLSR,2,0.45906927008469756,1.9216343324440879,1.1444317802307424
002,USA,50,pooled,Ridge,2,0.5595312528885028,1.7990916775285577,1.2223831767442508
002,USA,50,pooled,MLP,2,0.7321098346632399,1.1474581593238822,1.9165660918977003
002,USA,50,target_only,PLSR,3,0.6296189485957122,3.6584064728930104,0.6011304146563095
002,USA,50,target_only,Ridge,3,0.6157145481885222,2.2286855857017445,0.9867607230649575
002,USA,50,target_only,MLP,3,0.8206143780401376,0.7872713410673589,2.7934198608702308
002,USA,50,pooled,PLSR,3,0.4636611525906247,1.9404236968502597,1.1333501047226233
002,USA,50,pooled,Ridge,3,0.559939470003083,1.8231394356283575,1.2062595745857143
002,USA,50,pooled,MLP,3,0.8153332651409098,0.957317962409851,2.297229850879973
002,USA,50,target_only,PLSR,4,0.5928874579828283,4.819197200262129,0.45633729201035445
002,USA,50,target_only,Ridge,4,0.6031234947718749,1.6807466966113274,1.3084537988177656
002,USA,50,target_only,MLP,4,0.6445060436633347,1.436467970793289,1.5309630599121578
002,USA,50,pooled,PLSR,4,0.45858128965582123,1.945119677370324,1.1306139286013752
002,USA,50,pooled,Ridge,4,0.5573574735026479,1.8305840137312739,1.2013539851410158
002,USA,50,pooled,MLP,4,0.7064174848301676,1.3492060793192622,1.6299803519571234
002,USA,50,target_only,PLSR,5,0.48899975528807826,4.476850367740407,0.49123361724986353
002,USA,50,target_only,Ridge,5,0.4962367148813286,1.3477181180933984,1.6317799475328387
002,USA,50,target_only,MLP,5,0.3930160826300675,2.9855199092303386,0.7366152184188401
002,USA,50,pooled,PLSR,5,0.45724252712443303,1.95440544567918,1.1252421573494233
002,USA,50,pooled,Ridge,5,0.5530674651469294,1.8415445235340202,1.1942037631602638
002,USA,50,pooled,MLP,5,0.7819705307748686,1.2108322236774245,1.8162544380858672
002,USA,50,target_only,PLSR,6,0.5258795623196226,3.5961533020962815,0.6115366101744185
002,USA,50,target_only,Ridge,6,0.6486680091282115,1.5196952323715394,1.44711870721579
002,USA,50,target_only,MLP,6,0.7622878947060705,1.221615402742324,1.8002223900375753
002,USA,50,pooled,PLSR,6,0.46033564208870037,1.9467897579389188,1.1296440157769216
002,USA,50,pooled,Ridge,6,0.558392533286688,1.8260052291864375,1.2043664305448507
002,USA,50,pooled,MLP,6,0.7528991382451586,1.1951905067377127,1.8400241531654977
002,USA,50,target_only,PLSR,7,0.5030914560292463,1.7630550504324982,1.2473685376369938
002,USA,50,target_only,Ridge,7,0.6481861475613997,1.4208084655469098,1.5478366390398546
002,USA,50,target_only,MLP,7,0.7421189235758286,1.0572762658284203,2.08004234192125
002,USA,50,pooled,PLSR,7,0.4578047657901606,1.9531776527496745,1.1259494992355186
002,USA,50,pooled,Ridge,7,0.5537649990857102,1.8371583019478497,1.1970549286361543
002,USA,50,pooled,MLP,7,0.7958264501447768,1.0694715870965719,2.0563233531073872
002,USA,50,target_only,PLSR,8,0.7033914455154416,1.3030146341619,1.687762625510354
002,USA,50,target_only,Ridge,8,0.6737628569518701,1.1459975368427975,1.919008836694537
002,USA,50,target_only,MLP,8,0.7816381391264651,0.9452789712649208,2.326487171388865
002,USA,50,pooled,PLSR,8,0.4612579622794578,1.9230581916258995,1.1435844269341369
002,USA,50,pooled,Ridge,8,0.5629676498208391,1.800182545780022,1.221642441310636
002,USA,50,pooled,MLP,8,0.7083378217072043,0.897796868482701,2.4495289271259875
002,USA,50,target_only,PLSR,9,0.39151974698836656,3.649762874197443,0.6025540496285217
002,USA,50,target_only,Ridge,9,0.6124276733031836,1.5789582847277517,1.3928039906454466
002,USA,50,target_only,MLP,9,0.7870491611548256,0.9032390153378245,2.4347701579398415
002,USA,50,pooled,PLSR,9,0.4660143839679328,1.9274028251894433,1.1410066288635567
002,USA,50,pooled,Ridge,9,0.5667224475801628,1.806839167232714,1.2171417577800692
002,USA,50,pooled,MLP,9,0.7140092832480569,1.5384496768274136,1.4294776313819006
002,USA,50,target_only,PLSR,10,0.2821931448627438,5.207663845087392,0.42229672756356573
002,USA,50,target_only,Ridge,10,0.45573175001794497,1.7891785183995499,1.229155937999247
002,USA,50,target_only,MLP,10,0.6627233940688715,1.345366680177093,1.63463197984212
002,USA,50,target_only,PLSR,11,0.5380078912536788,1.945755736283247,1.1302443359269447
002,USA,50,target_only,Ridge,11,0.6249779285973033,1.2908086426456462,1.7037222461758974
002,USA,50,target_only,MLP,11,0.7634601895026409,1.8849444838509088,1.1667077831059598
002,USA,50,target_only,PLSR,12,0.3888397504504215,9.465662935494274,0.23233231681904018
002,USA,50,target_only,Ridge,12,0.5765558710903124,2.7036660835968473,0.8134064385294958
002,USA,50,target_only,MLP,12,0.7943969721468682,1.1783401366308814,1.8663366643178354
002,USA,50,target_only,PLSR,13,0.555963163259638,1.7672194524971825,1.2444291493758373
002,USA,50,target_only,Ridge,13,0.5502341994687638,1.3169577344163903,1.6698936819001773
002,USA,50,target_only,MLP,13,0.7897203433178155,0.8504337473088949,2.58595029535289
002,USA,50,target_only,PLSR,14,0.4759432749259772,4.457469412631034,0.4933694875840841
002,USA,50,target_only,Ridge,14,0.5792757627449978,2.230934297788636,0.9857660990784844
002,USA,50,target_only,MLP,14,0.7834410247362084,1.2438855045412367,1.7679918224005604
002,USA,50,target_only,PLSR,15,0.44500124006468245,3.8588213539257072,0.5699096170373897
002,USA,50,target_only,Ridge,15,0.6363912116386461,1.174820959129147,1.8719272778906457
002,USA,50,target_only,MLP,15,0.7766777459496673,1.3094935802519023,1.679412127861256
002,USA,50,target_only,PLSR,16,0.43988360588825015,33.82766031475667,0.06501127714919591
002,USA,50,target_only,Ridge,16,0.6050534794195689,1.4774975033335112,1.4884488096052555
002,USA,50,target_only,MLP,16,0.6475716805500662,1.0361944292922407,2.122361728516166
002,USA,50,target_only,PLSR,17,0.49814438195852606,1.4163330877193978,1.5527275462953813
002,USA,50,target_only,Ridge,17,0.5905959962233658,1.53665005486789,1.4311517401537275
002,USA,50,target_only,MLP,17,0.6310504043402465,2.4512526079537222,0.8971655523774645
002,USA,50,target_only,PLSR,18,-0.25647611545929183,2.166559973756074,1.0150558612134226
002,USA,50,target_only,Ridge,18,0.38577430525372947,1.2647991152621272,1.7387578576663743
002,USA,50,target_only,MLP,18,0.4102980665126845,1.4749608801254173,1.4910086292217481
002,USA,50,target_only,PLSR,19,0.1659155914056314,54.394292772627686,0.04043033355032742
002,USA,50,target_only,Ridge,19,0.5860160046710063,1.46857247534031,1.497494633025782
002,USA,50,target_only,MLP,19,0.778875614770655,1.094834100555642,2.008687342598656
002,USA,50,target_only,PLSR,20,0.48819911056889087,1.7926741974590747,1.226759108346963
002,USA,50,target_only,Ridge,20,0.6300212380929834,1.4525650721744912,1.5139971641610026
002,USA,50,target_only,MLP,20,0.823423320066283,0.9888028019983139,2.22408289659686
002,USA,50,target_only,PLSR,21,0.29200834554293786,1.926355676376275,1.141626869326875
002,USA,50,target_only,Ridge,21,0.3615513575621042,1.4424680107995542,1.524594918962886
002,USA,50,target_only,MLP,21,0.3625278864266267,2.08466914748671,1.054929700803049
002,USA,50,target_only,PLSR,22,0.46662705932842374,3.441979182837288,0.6389287335022976
002,USA,50,target_only,Ridge,22,0.48005463785850266,1.663468380369886,1.3220446063077531
002,USA,50,target_only,MLP,22,0.6653798114452166,1.269955537820456,1.7316979488949777
002,USA,50,target_only,PLSR,23,0.3831303341088824,26.151755323555737,0.08409299386686404
002,USA,50,target_only,Ridge,23,0.5467478804246912,1.449549237103305,1.51714708527336
002,USA,50,target_only,MLP,23,0.5756542653007418,1.2038272040331017,1.8268231459330193
002,USA,50,target_only,PLSR,24,0.5559640449195146,2.4687122213699593,0.8908204775731673
002,USA,50,target_only,Ridge,24,0.6093865994890184,1.889257444633619,1.1640443213698626
002,USA,50,target_only,MLP,24,0.7154281253063939,1.1103605517667214,1.9805993616508928
002,USA,50,target_only,PLSR,25,0.5988000376887477,1.6651100703579884,1.3207411565042615
002,USA,50,target_only,Ridge,25,0.6147016607539972,1.4699552673686265,1.4960859346204887
002,USA,50,target_only,MLP,25,0.6813983838985205,1.094372619992593,2.009534376002925
002,USA,50,target_only,PLSR,26,0.6070911343854226,1.3393761070562715,1.6419431319145572
002,USA,50,target_only,Ridge,26,0.6332941386430448,1.0981002631787256,2.0027127519899026
002,USA,50,target_only,MLP,26,0.5708109342190718,1.0092589689203428,2.1790040690786023
002,USA,50,target_only,PLSR,27,0.3598133163051872,7.805000486497951,0.28176544048087027
002,USA,50,target_only,Ridge,27,0.5995291350988758,2.045733321905727,1.0750078597648447
002,USA,50,target_only,MLP,27,0.6657013777523111,5.792090677870646,0.3796866317086025
002,USA,50,target_only,PLSR,28,0.6358753610918243,4.461907937833644,0.49287870361109526
002,USA,50,target_only,Ridge,28,0.6554407134489686,1.4675068606735016,1.4985820229979738
002,USA,50,target_only,MLP,28,0.7285924090836171,1.3007902410181247,1.6906487538761135
002,USA,50,target_only,PLSR,29,0.3813743551518305,13.09845309260059,0.16789611601341184
002,USA,50,target_only,Ridge,29,0.5853682179237041,1.904395440373141,1.1547913597191777
002,USA,50,target_only,MLP,29,0.7341443032501995,1.331421436074316,1.6517530366010647
002,USA,100,target_only,PLSR,0,0.7076893256071718,1.1498614049219864,1.9125604099919393
002,USA,100,target_only,Ridge,0,0.7114186025053151,1.2025119159252484,1.8288212955789196
002,USA,100,target_only,MLP,0,0.9018342835978955,0.8726203662886739,2.5202017795949367
002,USA,100,pooled,PLSR,0,0.48639378041598014,1.9125693155738952,1.1498560507709519
002,USA,100,pooled,Ridge,0,0.5819822719351814,1.7847286194015226,1.232220616694631
002,USA,100,pooled,MLP,0,0.804984377675741,1.0732056649123587,2.049168646730069
002,USA,100,target_only,PLSR,1,0.7640153455222333,1.219813279614361,1.8028819957811602
002,USA,100,target_only,Ridge,1,0.7244863299150363,1.1571833268036504,1.9004589411999504
002,USA,100,target_only,MLP,1,0.8919448183167233,0.6589208004990427,3.3375473932010085
002,USA,100,pooled,PLSR,1,0.4804236442907065,1.9168899407374431,1.147264302083749
002,USA,100,pooled,Ridge,1,0.5761665205116842,1.7939856495458564,1.2258623142209746
002,USA,100,pooled,MLP,1,0.8883339539864701,1.0041327578542143,2.190128130797214
002,USA,100,target_only,PLSR,2,0.7443602581303986,1.3477444481216938,1.6317480684831789
002,USA,100,target_only,Ridge,2,0.6976806086852201,1.0572147117229544,2.080163448016605
002,USA,100,target_only,MLP,2,0.9281753771839614,0.41565063826047743,5.29093233017805
002,USA,100,pooled,PLSR,2,0.48916691225010556,1.8994859479642348,1.1577760827283097
002,USA,100,pooled,Ridge,2,0.5857458602590999,1.7700711333265293,1.2424243063602427
002,USA,100,pooled,MLP,2,0.8540215904491475,0.9716935433582409,2.2632438128908254
002,USA,100,target_only,PLSR,3,0.7386671080634253,1.264636276121451,1.738981746416628
002,USA,100,target_only,Ridge,3,0.6996890519976993,1.1541222921304928,1.905499456190079
002,USA,100,target_only,MLP,3,0.9300192321910088,0.6211229150245525,3.5406508870222084
002,USA,100,pooled,PLSR,3,0.491534942330052,1.8914137787786385,1.1627172354912207
002,USA,100,pooled,Ridge,3,0.5864344647275556,1.7636006875791836,1.2469826165979883
002,USA,100,pooled,MLP,3,0.8580244436775541,0.9541632437870066,2.304825106554214
002,USA,100,target_only,PLSR,4,0.7440774931646761,1.4445088032507873,1.5224409813788395
002,USA,100,target_only,Ridge,4,0.7052630971254221,0.9865217101494012,2.229225548111306
002,USA,100,target_only,MLP,4,0.9337909240743997,0.48985328423399027,4.489465459990691
002,USA,100,pooled,PLSR,4,0.48113245431934104,1.9056892135584371,1.1540073713934913
002,USA,100,pooled,Ridge,4,0.5825326314162371,1.7744471676951015,1.2393603146201875
002,USA,100,pooled,MLP,4,0.8334453694675682,1.0213675563347189,2.153171389077092
002,USA,100,target_only,PLSR,5,0.7321089957193565,1.1731462922065579,1.874599455022007
002,USA,100,target_only,Ridge,5,0.725930081698653,1.0683591981890872,2.058464422601688
002,USA,100,target_only,MLP,5,0.9193806087002387,0.5379005266244141,4.088449985041687
002,USA,100,pooled,PLSR,5,0.4780471900390383,1.8927936458436554,1.1618696020354
002,USA,100,pooled,Ridge,5,0.5794587638243445,1.7630328064311063,1.2473842755559856
002,USA,100,pooled,MLP,5,0.8322762234054396,0.9632475957432853,2.2830883873990007
002,USA,100,target_only,PLSR,6,0.7493798268121649,1.7803857847979476,1.2352263306129925
002,USA,100,target_only,Ridge,6,0.7210436870538854,1.310078267886516,1.6786626066084802
002,USA,100,target_only,MLP,6,0.9107850895215088,0.7820183597167332,2.8121838479957173
002,USA,100,pooled,PLSR,6,0.48425407341316473,1.9064330244723346,1.1535571256903683
002,USA,100,pooled,Ridge,6,0.5820276686962426,1.7745598438577717,1.2392816210980162
002,USA,100,pooled,MLP,6,0.8694017940862451,1.0414708444312264,2.1116091840598084
002,USA,100,target_only,PLSR,7,0.7264332317315005,4.205973610047784,0.5228704704132742
002,USA,100,target_only,Ridge,7,0.7189423019006127,1.1717242469587732,1.8768745340377677
002,USA,100,target_only,MLP,7,0.9486748794974547,0.4509996699190404,4.876232837213117
002,USA,100,pooled,PLSR,7,0.47941718137219935,1.9027140712172643,1.1558118128724266
002,USA,100,pooled,Ridge,7,0.5759136001033681,1.7792258292394778,1.236031628976256
002,USA,100,pooled,MLP,7,0.845449922807733,0.91160959602297,2.4124136139261183
002,USA,100,target_only,PLSR,8,0.7402870743596308,1.4004054504253105,1.5703876326413893
002,USA,100,target_only,Ridge,8,0.7221965742207754,1.2401272418898237,1.7733498029445618
002,USA,100,target_only,MLP,8,0.9010018705418574,0.8618126509458581,2.5518068197512007
002,USA,100,pooled,PLSR,8,0.4820294081380321,1.9014840736749485,1.1565594634622447
002,USA,100,pooled,Ridge,8,0.5811033326853825,1.7743092849901085,1.2394566260998638
002,USA,100,pooled,MLP,8,0.8569400948570525,0.9672679105951374,2.273599047319163
002,USA,100,target_only,PLSR,9,0.7217874622007139,1.439264506075052,1.5279883515148835
002,USA,100,target_only,Ridge,9,0.6978398960994681,1.1431625854680596,1.9237678244438552
002,USA,100,target_only,MLP,9,0.9043509930049978,1.0719113614507114,2.051642961462
002,USA,100,pooled,PLSR,9,0.4820875382056171,1.9146757535013756,1.1485910321942778
002,USA,100,pooled,Ridge,9,0.5788373681552433,1.7905335887882734,1.2282257165137993
002,USA,100,pooled,MLP,9,0.826244683080301,1.0951313225053423,2.0081421787849316
002,USA,100,target_only,PLSR,10,0.7084112684971056,2.4187819488885545,0.9092094477726851
002,USA,100,target_only,Ridge,10,0.7116933919621682,1.1023267531157734,1.9950340439578624
002,USA,100,target_only,MLP,10,0.943722003919116,0.52158110797158,4.216370889244959
002,USA,100,target_only,PLSR,11,0.708312097697209,1.7336087398489923,1.2685557874051
002,USA,100,target_only,Ridge,11,0.6997022513444885,1.38532342909387,1.587484448646024
002,USA,100,target_only,MLP,11,0.922590954752737,0.9096888551687964,2.417507247160278
002,USA,100,target_only,PLSR,12,0.7591487706272273,2.1362321803114033,1.029466469188252
002,USA,100,target_only,Ridge,12,0.7332563912115553,1.142828849575602,1.9243296149271898
002,USA,100,target_only,MLP,12,0.9542407785661244,0.46067787775818697,4.77378990007822
002,USA,100,target_only,PLSR,13,0.7646416186696919,2.1376773279810655,1.0287705123899695
002,USA,100,target_only,Ridge,13,0.723243269960304,1.3221430390404092,1.6633445361763821
002,USA,100,target_only,MLP,13,0.9183420045368229,0.9023486619930333,2.4371725616283793
002,USA,100,target_only,PLSR,14,0.7496512128103606,1.5528811680219083,1.4161929742717283
002,USA,100,target_only,Ridge,14,0.7168380282140321,1.1609398264251265,1.8943095498785831
002,USA,100,target_only,MLP,14,0.9449823736817412,0.6597855619392616,3.333172968452973
002,USA,100,target_only,PLSR,15,0.7550719303422956,1.3505371475769101,1.6283738688544762
002,USA,100,target_only,Ridge,15,0.7156675266687785,1.2168632388227594,1.8072527214800844
002,USA,100,target_only,MLP,15,0.9303488464975371,0.98384908395097,2.2352812396795376
002,USA,100,target_only,PLSR,16,0.7343573750004921,2.2678806728246554,0.9697068396867697
002,USA,100,target_only,Ridge,16,0.7136819500351671,1.1510496739928786,1.9105860065993188
002,USA,100,target_only,MLP,16,0.8868618912042627,1.0953411299526787,2.007757528585192
002,USA,100,target_only,PLSR,17,0.7582243947464258,1.2099961586052022,1.8175094064484965
002,USA,100,target_only,Ridge,17,0.7202530107375892,1.009217210165314,2.179094230538604
002,USA,100,target_only,MLP,17,0.9423148729766317,0.26163527206822734,8.405515749642563
002,USA,100,target_only,PLSR,18,0.7512354744140506,1.1138616306373141,1.974373961309005
002,USA,100,target_only,Ridge,18,0.7195558522614789,1.0669290522275494,2.0612236544126565
002,USA,100,target_only,MLP,18,0.9565686374780137,0.5460089986757204,4.027734717496138
002,USA,100,target_only,PLSR,19,0.7061679392304141,1.2031593221907926,1.8278372277638921
002,USA,100,target_only,Ridge,19,0.7178946767743088,1.039291435294912,2.1160372589883383
002,USA,100,target_only,MLP,19,0.9577423638937302,0.5258620477262612,4.182046241101411
002,USA,100,target_only,PLSR,20,0.6302286609367624,2.3974860732004033,0.9172855786794282
002,USA,100,target_only,Ridge,20,0.669169235029007,1.4570639157065515,1.5093225330236029
002,USA,100,target_only,MLP,20,0.9097493849583574,0.8438398741745483,2.6061572430228646
002,USA,100,target_only,PLSR,21,0.7056847516341812,1.3991306634066376,1.5718184566671463
002,USA,100,target_only,Ridge,21,0.6862405906649325,1.447766488776741,1.5190152673651474
002,USA,100,target_only,MLP,21,0.8934291235811989,1.0383307315474752,2.117995098492324
002,USA,100,target_only,PLSR,22,0.7407887637723498,1.7413858931033652,1.2628903270327358
002,USA,100,target_only,Ridge,22,0.7318424569428039,1.1533861243466257,1.9067156727564247
002,USA,100,target_only,MLP,22,0.9086296468832049,0.7003026292867821,3.1403272072121724
002,USA,100,target_only,PLSR,23,0.7175914168678061,2.2549964580781015,0.9752473854907197
002,USA,100,target_only,Ridge,23,0.7170873002684441,1.0895997428920088,2.018336930031255
002,USA,100,target_only,MLP,23,0.9476374974775541,0.6892808619705263,3.1905417970614405
002,USA,100,target_only,PLSR,24,0.7304208747637386,1.5227730586479338,1.4441937933838593
002,USA,100,target_only,Ridge,24,0.6871138169744415,1.3976695366703273,1.573461639058553
002,USA,100,target_only,MLP,24,0.8479883924377174,0.7840318951292873,2.804961652317545
002,USA,100,target_only,PLSR,25,0.737012010669039,1.3156282216758295,1.6715811988513112
002,USA,100,target_only,Ridge,25,0.6920422915145872,0.9732225683756768,2.259688042070341
002,USA,100,target_only,MLP,25,0.9060949997161741,0.4303054726135336,5.1107400207448235
002,USA,100,target_only,PLSR,26,0.7381846894258542,1.4661562063419828,1.499962548682579
002,USA,100,target_only,Ridge,26,0.7020416930645903,1.0689165664630738,2.0573910715111676
002,USA,100,target_only,MLP,26,0.9112738325602792,0.5237175944549406,4.199170360736685
002,USA,100,target_only,PLSR,27,0.723353392039383,1.6013992131003696,1.3732861750155396
002,USA,100,target_only,Ridge,27,0.7129612955535028,1.1091109711281446,1.9828308052841475
002,USA,100,target_only,MLP,27,0.9209666868280991,0.6358611207354766,3.458584474370431
002,USA,100,target_only,PLSR,28,0.740649801837588,1.1594069912068627,1.8968139891431115
002,USA,100,target_only,Ridge,28,0.7017504183021301,1.3364550114062694,1.6455319343053982
002,USA,100,target_only,MLP,28,0.9290270491881463,0.5062430421306732,4.3441177794278545
002,USA,100,target_only,PLSR,29,0.7575644367514203,1.054110508532002,2.0862892289103256
002,USA,100,target_only,Ridge,29,0.7247819740530552,1.1872816669401778,1.8522811067226808
002,USA,100,target_only,MLP,29,0.9441701717222709,0.6828849148312461,3.220424631249851
003,Central America,10,target_only,PLSR,0,-0.10812678398763165,4.0377178018417075,0.4035039378563297
003,Central America,10,target_only,Ridge,0,0.10376342797152827,2.0467538822131717,0.7960092550228988
003,Central America,10,target_only,MLP,0,-0.045234768181887874,1.574581528863085,1.0347098598140612
003,Central America,10,pooled,PLSR,0,0.5760477239379574,1.0138154889524713,1.607033085161429
003,Central America,10,pooled,Ridge,0,0.6273015973830255,0.9389556995225192,1.735156444360726
003,Central America,10,pooled,MLP,0,0.6231738906667326,1.269074984349377,1.283797295737415
003,Central America,10,target_only,PLSR,1,-0.3535791798866941,5.870740088255769,0.2775178271398807
003,Central America,10,target_only,Ridge,1,-0.18970592141029918,2.8422135129638177,0.5732275304316566
003,Central America,10,target_only,MLP,1,-0.22517449600001416,2.110481851334605,0.7719730126868675
003,Central America,10,pooled,PLSR,1,0.5774869205861498,1.0142399505711157,1.6063605383305153
003,Central America,10,pooled,Ridge,1,0.6257761892320541,0.9390338037841127,1.7350121224925568
003,Central America,10,pooled,MLP,1,0.6447638582700865,1.2325688716287997,1.321820687263302
003,Central America,10,target_only,PLSR,2,-0.6170770640228944,13.4030582967698,0.12155696087574176
003,Central America,10,target_only,Ridge,2,0.15413972224709893,1.8471162694741814,0.882042489647675
003,Central America,10,target_only,MLP,2,0.058742596260682234,1.4573289891736063,1.1179596680634256
003,Central America,10,pooled,PLSR,2,0.5776875577887373,1.0145248935462026,1.605909370346599
003,Central America,10,pooled,Ridge,2,0.6263616998988124,0.9387270110311381,1.7355791554416984
003,Central America,10,pooled,MLP,2,0.622308588118063,1.43336753192947,1.1366484845673903
003,Central America,10,target_only,PLSR,3,-0.2662518133138625,1.470166628236579,1.1081975346903032
003,Central America,10,target_only,Ridge,3,-0.14711959396275187,1.4669672932244706,1.1106144223669698
003,Central America,10,target_only,MLP,3,-1.6792213409686334,1.9193385013525854,0.8488523685882335
003,Central America,10,pooled,PLSR,3,0.5734851841645108,1.015788714895514,1.6039113342220177
003,Central America,10,pooled,Ridge,3,0.6252297851690067,0.9401300258019409,1.7329890422401706
003,Central America,10,pooled,MLP,3,0.6086830318069436,1.2114746293579592,1.344836279286486
003,Central America,10,target_only,PLSR,4,0.4305415921955974,1.2080973833577622,1.3485957799755088
003,Central America,10,target_only,Ridge,4,0.4265660189004785,1.3101712593031523,1.2435282955773908
003,Central America,10,target_only,MLP,4,0.05141554739820997,1.7252514299727462,0.944346432462583
003,Central America,10,pooled,PLSR,4,0.5760440728112186,1.0121362621419157,1.609699300317422
003,Central America,10,pooled,Ridge,4,0.6240208402294052,0.9386997226537785,1.7356296094237207
003,Central America,10,pooled,MLP,4,0.6225562166439653,1.226693488447979,1.3281516926099053
003,Central America,10,target_only,PLSR,5,-0.8879460944066271,87.46519668391907,0.018627237973104286
003,Central America,10,target_only,Ridge,5,-0.07671393651009817,12.264392817602802,0.13284269814461006
003,Central America,10,target_only,MLP,5,-0.7379689258526336,1.9027079315059992,0.8562717409319822
003,Central America,10,pooled,PLSR,5,0.5742544245312391,1.0167134944178728,1.6024524528697868
003,Central America,10,pooled,Ridge,5,0.6257284438417583,0.9406676393654614,1.7319985984579553
003,Central America,10,pooled,MLP,5,0.5653373998615017,1.291669556093075,1.2613404297641688
003,Central America,10,target_only,PLSR,6,0.3189698237958206,1.448892252147347,1.1244694217814377
003,Central America,10,target_only,Ridge,6,0.17011834333750075,1.5175049955525644,1.0736274593959305
003,Central America,10,target_only,MLP,6,-0.2867772261920727,2.9081667268153457,0.5602275199606123
003,Central America,10,pooled,PLSR,6,0.5718493464344233,1.0123348078134011,1.6093835956454061
003,Central America,10,pooled,Ridge,6,0.6244450809917403,0.9396525798750897,1.7338695895586334
003,Central America,10,pooled,MLP,6,0.6239430806505986,1.4183833565974475,1.1486563385121045
003,Central America,10,target_only,PLSR,7,-0.06526016687895453,2.5845879752155674,0.6303654774451415
003,Central America,10,target_only,Ridge,7,0.3357834820833907,1.5096998989440613,1.079178076474191
003,Central America,10,target_only,MLP,7,-0.25651545822325317,2.9725290697765323,0.5480972581769283
003,Central America,10,pooled,PLSR,7,0.5725115541938488,1.0151548902208645,1.6049127563590462
003,Central America,10,pooled,Ridge,7,0.6248106813540935,0.9379895119755082,1.7369437634375953
003,Central America,10,pooled,MLP,7,0.6378469840945384,1.3304849278945698,1.2245422693918981
003,Central America,10,target_only,PLSR,8,-0.2201388572668479,5.570062798076015,0.2924985035282718
003,Central America,10,target_only,Ridge,8,0.07484271813857912,2.0244568115506243,0.8047763843121093
003,Central America,10,target_only,MLP,8,0.08484439919640563,1.5220995765764889,1.0703866278316778
003,Central America,10,pooled,PLSR,8,0.5761171078184475,1.0150863264497925,1.6050211598198656
003,Central America,10,pooled,Ridge,8,0.6241389415826512,0.9377066044898479,1.7374678019700047
003,Central America,10,pooled,MLP,8,0.6714466187719526,1.295841565141652,1.257279498375742
003,Central America,10,target_only,PLSR,9,-0.961253328002371,8.437193486484995,0.19310153733057098
003,Central America,10,target_only,Ridge,9,-0.3373268777713643,4.902111423887873,0.3323537333436586
003,Central America,10,target_only,MLP,9,-0.6533011107789266,31.471744155504304,0.05176818370617012
003,Central America,10,pooled,PLSR,9,0.5734866758958979,1.014719107647709,1.6056020042557155
003,Central America,10,pooled,Ridge,9,0.6242732747381243,0.9376087819686603,1.737649075315711
003,Central America,10,pooled,MLP,9,0.6510749627808115,1.2478667918083217,1.3056161472449783
003,Central America,10,target_only,PLSR,10,-0.9701206007963941,12.538804241233182,0.12993543895023746
003,Central America,10,target_only,Ridge,10,-0.49555566327111955,6.004161146133746,0.27135098364987165
003,Central America,10,target_only,MLP,10,-0.8190958330144735,4.9801285070584544,0.32714718720341834
003,Central America,10,target_only,PLSR,11,-0.2856154023395314,5.176914640006115,0.314711589100841
003,Central America,10,target_only,Ridge,11,0.0757024143900844,2.3037602706488265,0.707206845153588
003,Central America,10,target_only,MLP,11,-0.31403230889199896,1.6029817255941934,1.016377795817858
003,Central America,10,target_only,PLSR,12,-1.3586424009970846,13.592785128103023,0.1198602801148748
003,Central America,10,target_only,Ridge,12,-0.43917951709117675,2.1771930132426247,0.7483190617855303
003,Central America,10,target_only,MLP,12,-0.18270781254075263,1.7597151360016867,0.925851576578228
003,Central America,10,target_only,PLSR,13,0.18468267275529016,1.4308590321891261,1.138641191301077
003,Central America,10,target_only,Ridge,13,0.2466478380902113,1.0927434949643382,1.4909583452143111
003,Central America,10,target_only,MLP,13,-0.4709980692788047,1.6991764438392014,0.9588380529302538
003,Central America,10,target_only,PLSR,14,0.07867338494758369,2.207289573165059,0.7381156748996703
003,Central America,10,target_only,Ridge,14,0.23591673976428873,1.5266585596240947,1.0671901865187818
003,Central America,10,target_only,MLP,14,-0.3352454190268541,1.8639708845377,0.8740667821106087
003,Central America,10,target_only,PLSR,15,-0.1606502489006718,3.4704193587434435,0.46946344651144406
003,Central America,10,target_only,Ridge,15,0.13525506072996063,1.929452174825192,0.8444029109678973
003,Central America,10,target_only,MLP,15,-0.13899549345747175,2.179180472551043,0.7476365787586559
003,Central America,10,target_only,PLSR,16,-0.2997386013884289,1.8082011622648637,0.9010253211844157
003,Central America,10,target_only,Ridge,16,-0.27058617558144715,1.72370481353598,0.9451937595124227
003,Central America,10,target_only,MLP,16,-0.9474501611839761,2.730924845904095,0.5965872826706664
003,Central America,10,target_only,PLSR,17,0.06194563390107244,1.452799283143305,1.121445372323345
003,Central America,10,target_only,Ridge,17,0.12945003476647077,1.4921338065167689,1.0918826621849766
003,Central America,10,target_only,MLP,17,-0.3859278167974052,1.8502822504668601,0.8805332443656348
003,Central America,10,target_only,PLSR,18,0.2587784826299613,1.5745229092020319,1.0347483821759245
003,Central America,10,target_only,Ridge,18,0.4674481841536997,1.137422449122334,1.4323921901250452
003,Central America,10,target_only,MLP,18,-1.4091506281804786,6.467289079508381,0.25191931471842927
003,Central America,10,target_only,PLSR,19,-1.1298878500605114,6.982957547059502,0.23331590118026674
003,Central America,10,target_only,Ridge,19,0.043679604996710086,2.548785172842406,0.6392202255236793
003,Central America,10,target_only,MLP,19,-2.3831105910275987,1.5846842108044392,1.028113375452058
003,Central America,10,target_only,PLSR,20,-1.354205874372596,4.770179611696818,0.34154584640811697
003,Central America,10,target_only,Ridge,20,-0.23199006254555266,1.4829785363419907,1.098623475033231
003,Central America,10,target_only,MLP,20,-0.8033362943692715,1.7543422294343345,0.9286871202553557
003,Central America,10,target_only,PLSR,21,-1.3544971928701015,8.205029896101273,0.19856539874033668
003,Central America,10,target_only,Ridge,21,-0.45945066477106766,2.3470293057018154,0.6941690199767463
003,Central America,10,target_only,MLP,21,-0.6339258890977186,4.988405835786394,0.32660434748667416
003,Central America,10,target_only,PLSR,22,-0.18557178738269475,2.7123333190020382,0.6006765546039838
003,Central America,10,target_only,Ridge,22,0.15302840899965076,1.57505495027307,1.034398852378623
003,Central America,10,target_only,MLP,22,-0.02143122025032662,2.371785352634189,0.6869234735707623
003,Central America,10,target_only,PLSR,23,-0.043407873554514476,1.2842722783747844,1.268605622366536
003,Central America,10,target_only,Ridge,23,0.03998812503417293,1.2813413150008466,1.2715074538860522
003,Central America,10,target_only,MLP,23,-0.5748606212230707,2.283108173852419,0.7136039595735103
003,Central America,10,target_only,PLSR,24,-0.09807684601567823,1.7153805969558287,0.9497804952947626
003,Central America,10,target_only,Ridge,24,0.25754617166025184,1.239002074442291,1.3149574698888993
003,Central America,10,target_only,MLP,24,-1.5552772263875339,2.064320883858939,0.7892353585795836
003,Central America,10,target_only,PLSR,25,-0.7757351923043561,4.798027155001059,0.3395635290011969
003,Central America,10,target_only,Ridge,25,-0.0697842211711659,2.2554662596527746,0.7223495479141199
003,Central America,10,target_only,MLP,25,-0.6837782888584387,4.476041992874973,0.3639901134951754
003,Central America,10,target_only,PLSR,26,-0.24737109847840877,4.580650600567298,0.35567764823493797
003,Central America,10,target_only,Ridge,26,-0.13011231230718168,3.809750868763048,0.42764870699398605
003,Central America,10,target_only,MLP,26,-0.7400095992237887,2.0594832250466877,0.7910892466525424
003,Central America,10,target_only,PLSR,27,-1.0322137528969098,1.9125103174818328,0.8518830032461819
003,Central America,10,target_only,Ridge,27,0.10041606489923549,1.1697287296344603,1.3928315101783195
003,Central America,10,target_only,MLP,27,-0.8713479525508459,2.226844751367625,0.7316338653582078
003,Central America,10,target_only,PLSR,28,-2.6565009200833436,478.35000431177195,0.003405947566238243
003,Central America,10,target_only,Ridge,28,-1.2343974588208062,50.03527371776287,0.03256172919500474
003,Central America,10,target_only,MLP,28,-0.26755464769161263,2.2378210920807278,0.728045257398512
003,Central America,10,target_only,PLSR,29,-0.12337013408302733,2.9241430675805034,0.5571666622809244
003,Central America,10,target_only,Ridge,29,0.05892511890541907,1.1651376335187378,1.398319808858471
003,Central America,10,target_only,MLP,29,-0.0562142442479272,1.5109019006834632,1.0783195336896068
003,Central America,25,target_only,PLSR,0,0.37467039673494096,3.1620363901453077,0.5152486663573353
003,Central America,25,target_only,Ridge,0,0.33253373253220453,2.5041527697204335,0.6506132743561097
003,Central America,25,target_only,MLP,0,0.18819405995683902,2.115333336704372,0.7702025041282777
003,Central America,25,pooled,PLSR,0,0.5764614456615005,1.0110089381629885,1.611494193074164
003,Central America,25,pooled,Ridge,0,0.6292255956698584,0.9358986677511052,1.740824182291725
003,Central America,25,pooled,MLP,0,0.6145808437386784,1.223760715543785,1.3313346410795452
003,Central America,25,target_only,PLSR,1,0.4408460643516514,1.6170604999088571,1.0075288049442563
003,Central America,25,target_only,Ridge,1,0.5902739281805853,0.9605913576373954,1.696075047981784
003,Central America,25,target_only,MLP,1,0.39724780015232586,2.194802256519726,0.7423151804022622
003,Central America,25,pooled,PLSR,1,0.5782348726202873,1.01143605408584,1.610813680621929
003,Central America,25,pooled,Ridge,1,0.6277516364924014,0.9386946235474537,1.73563903758033
003,Central America,25,pooled,MLP,1,0.6755323929785013,1.2120708483553546,1.3441747528260608
003,Central America,25,target_only,PLSR,2,-0.1683042718201473,10.45112432381013,0.15589088623545988
003,Central America,25,target_only,Ridge,2,0.21178232281212828,1.5111623395043274,1.0781336924596294
003,Central America,25,target_only,MLP,2,0.13150705350917535,4.523300925434889,0.3601871862723994
003,Central America,25,pooled,PLSR,2,0.5853397667744465,1.0041722422838868,1.622465712944031
003,Central America,25,pooled,Ridge,2,0.6301926418904767,0.9360043956682301,1.7406275446309125
003,Central America,25,pooled,MLP,2,0.6345164652105673,1.2042699011290832,1.3528819672967134
003,Central America,25,target_only,PLSR,3,0.02128489346265927,3.3370998725625993,0.48821884127328297
003,Central America,25,target_only,Ridge,3,0.3926028941815626,1.2453121082119674,1.3082945409845939
003,Central America,25,target_only,MLP,3,0.34332785760893036,1.5317207389798544,1.0636632328167235
003,Central America,25,pooled,PLSR,3,0.5815177053880722,1.0142175307567942,1.6063960477788441
003,Central America,25,pooled,Ridge,3,0.6268028481706733,0.9389581491305821,1.7351519175847239
003,Central America,25,pooled,MLP,3,0.6579724952371481,1.2312564623153637,1.3232296299440125
003,Central America,25,target_only,PLSR,4,0.1906082693252047,1.0894374131760305,1.4954829100701006
003,Central America,25,target_only,Ridge,4,0.5371074705182761,0.8773422402905499,1.8570119597298518
003,Central America,25,target_only,MLP,4,0.12946130391389665,1.6883523538751204,0.9649851994794207
003,Central America,25,pooled,PLSR,4,0.5785187064285329,1.0092429012204007,1.6143140873476767
003,Central America,25,pooled,Ridge,4,0.6253183140644025,0.9353714310257832,1.7418054250481199
003,Central America,25,pooled,MLP,4,0.6038157013214257,1.181611970668806,1.3788240754480228
003,Central America,25,target_only,PLSR,5,0.2869085642835727,4.876739369015611,0.3340828594095239
003,Central America,25,target_only,Ridge,5,0.6182151390054671,0.9143576556179206,1.7818356121212762
003,Central America,25,target_only,MLP,5,0.35918141485136845,1.3021551573343324,1.2511834890175237
003,Central America,25,pooled,PLSR,5,0.5809190721150355,1.0144204496674456,1.6060747134285787
003,Central America,25,pooled,Ridge,5,0.6322663660103812,0.9388070284681761,1.7354312266431449
003,Central America,25,pooled,MLP,5,0.6860463735097007,1.2512858431514067,1.3020486421331579
003,Central America,25,target_only,PLSR,6,0.29515881502524133,2.0685041323819795,0.7876392449453761
003,Central America,25,target_only,Ridge,6,0.1973797527099247,1.44878491311505,1.1245527326017597
003,Central America,25,target_only,MLP,6,0.20796864803048332,1.914917304543218,0.850812214778313
003,Central America,25,pooled,PLSR,6,0.5779522312831484,1.0164682485669647,1.6028390806035089
003,Central America,25,pooled,Ridge,6,0.6263702262418982,0.9428521953906385,1.7279856174283128
003,Central America,25,pooled,MLP,6,0.5958765754003934,1.2011839315288035,1.3563576653261822
003,Central America,25,target_only,PLSR,7,-0.08825626257845598,3.7337338473172768,0.43635542853874104
003,Central America,25,target_only,Ridge,7,0.44060087071777254,1.7036801980056875,0.9563033220101403
003,Central America,25,target_only,MLP,7,0.2845146527424195,1.191198167140019,1.3677279548770702
003,Central America,25,pooled,PLSR,7,0.5761262578336241,1.0157930436744411,1.6039044991903861
003,Central America,25,pooled,Ridge,7,0.625779639962204,0.9398252109734063,1.7335511050063053
003,Central America,25,pooled,MLP,7,0.6568240437531447,1.1674896225699019,1.3955027963412876
003,Central America,25,target_only,PLSR,8,-1.1591180839695348,75.75962771088732,0.021505319947098915
003,Central America,25,target_only,Ridge,8,0.16792522983349234,1.9863388967478337,0.8202200720447174
003,Central America,25,target_only,MLP,8,0.22185529903853307,1.3294443460352858,1.2255007423623958
003,Central America,25,pooled,PLSR,8,0.5767488696977143,1.014400825763695,1.6061057834502035
003,Central America,25,pooled,Ridge,8,0.630253723702542,0.93918175317037,1.734738805876465
003,Central America,25,pooled,MLP,8,0.6472502427908176,1.2612790263728715,1.2917324389996496
003,Central America,25,target_only,PLSR,9,0.05352624687531071,1.8601775263168017,0.8758492186612205
003,Central America,25,target_only,Ridge,9,0.35855480467418754,1.2886852560252124,1.2642614054737487
003,Central America,25,target_only,MLP,9,-0.10748019798419728,1.1947613675115647,1.363648907052531
003,Central America,25,pooled,PLSR,9,0.5780260577571833,1.0077174402747322,1.616757801226063
003,Central America,25,pooled,Ridge,9,0.6340585435644492,0.9383763429258742,1.736227735575418
003,Central America,25,pooled,MLP,9,0.6167312695120677,1.271273377893723,1.281577244774125
003,Central America,25,target_only,PLSR,10,-0.7815426156264309,408.3405885023192,0.003989892454657319
003,Central America,25,target_only,Ridge,10,0.5111768708638327,1.172953328963886,1.3890024374924597
003,Central America,25,target_only,MLP,10,0.15627184344823364,1.531359987500881,1.06391380622043
003,Central America,25,target_only,PLSR,11,-1.149081069406511,924.1300198074956,0.001762993299725418
003,Central America,25,target_only,Ridge,11,0.23415763855275862,1.5217911390507828,1.0706035744247846
003,Central America,25,target_only,MLP,11,-0.24626306566957257,1.9651540163849508,0.8290622614876942
003,Central America,25,target_only,PLSR,12,0.4054222849588478,1.2649765127906083,1.287956745854158
003,Central America,25,target_only,Ridge,12,0.47968842701349756,1.0534188397975106,1.5466165702038384
003,Central America,25,target_only,MLP,12,0.27994076308225135,1.6670826932525205,0.9772970708591868
003,Central America,25,target_only,PLSR,13,0.07964615028538047,6.024572796274855,0.270431628613257
003,Central America,25,target_only,Ridge,13,0.2637399379767359,1.7696461626210984,0.9206558166309378
003,Central America,25,target_only,MLP,13,-0.07837781938135624,1.4817745518199918,1.0995161382645033
003,Central America,25,target_only,PLSR,14,0.5435026471034852,3.101246507504465,0.5253484458759643
003,Central America,25,target_only,Ridge,14,0.5498526938711148,0.9949760132558824,1.6374616184608815
003,Central America,25,target_only,MLP,14,0.15793131062909538,1.0883022373186022,1.497042804037507
003,Central America,25,target_only,PLSR,15,-0.2331084361754805,1.9015133153789823,0.8568096893242196
003,Central America,25,target_only,Ridge,15,0.3585154272887049,1.0031243543898805,1.6241605797584933
003,Central America,25,target_only,MLP,15,0.3498341507839602,1.1312998133935985,1.440144348745591
003,Central America,25,target_only,PLSR,16,-0.3272821824305552,18.372598738214112,0.08867744058476622
003,Central America,25,target_only,Ridge,16,0.26022928820481983,1.3820986308714407,1.178812420911283
003,Central America,25,target_only,MLP,16,0.03523979927550358,3.448978428307902,0.4723819144891112
003,Central America,25,target_only,PLSR,17,-0.0357063069317487,5.34858258316135,0.304610615553542
003,Central America,25,target_only,Ridge,17,0.4973702100395607,1.324320798267748,1.230241973943792
003,Central America,25,target_only,MLP,17,0.21421825244387216,1.3414848981157081,1.2145012107733806
003,Central America,25,target_only,PLSR,18,0.006505437849342766,1.0654278955950613,1.5291837577481247
003,Central America,25,target_only,Ridge,18,0.26669969619600287,1.0465369417488657,1.5567869303047452
003,Central America,25,target_only,MLP,18,0.2652409661605435,1.359372614090163,1.1985198290066998
003,Central America,25,target_only,PLSR,19,-4.880346453032864,2391.918538899182,0.0006811415215442686
003,Central America,25,target_only,Ridge,19,-0.0033338892408347753,3.1977297169878134,0.5094974176023963
003,Central America,25,target_only,MLP,19,-0.0944021208139072,3.520845743043021,0.4627396801507146
003,Central America,25,target_only,PLSR,20,-0.3957293926892478,4.779714097375946,0.34086453704211717
003,Central America,25,target_only,Ridge,20,0.5602793467799461,1.3193337344442293,1.2348922721073676
003,Central America,25,target_only,MLP,20,0.1584935548655233,1.078801448896209,1.510226960357448
003,Central America,25,target_only,PLSR,21,-0.6394765535839293,39.8579366609868,0.04087605053049417
003,Central America,25,target_only,Ridge,21,0.3893815867070609,1.1291445929345125,1.4428931805461198
003,Central America,25,target_only,MLP,21,-0.0011511769760872426,2.09904654229282,0.7761786126076532
003,Central America,25,target_only,PLSR,22,-0.5238837421270333,8.32891681290487,0.19561187482043124
003,Central America,25,target_only,Ridge,22,0.07291144857395804,3.729529385976834,0.436847351068399
003,Central America,25,target_only,MLP,22,0.23013186432472044,2.3271646128060066,0.7000944514325795
003,Central America,25,target_only,PLSR,23,-0.6602645877830315,19.639996235009388,0.08295495648270697
003,Central America,25,target_only,Ridge,23,0.36255616121462964,1.0264265494473022,1.5872884756079464
003,Central America,25,target_only,MLP,23,0.2750230962259095,1.2446702487503636,1.3089692106254394
003,Central America,25,target_only,PLSR,24,0.02387077791318959,2.731988568928708,0.5963549963295062
003,Central America,25,target_only,Ridge,24,0.4957616349534373,1.1871875352810362,1.37234849977603
003,Central America,25,target_only,MLP,24,0.18053352112113574,1.488104641127345,1.0948390240631676
003,Central America,25,target_only,PLSR,25,0.136358057484116,34.06252068195844,0.04783072422055581
003,Central America,25,target_only,Ridge,25,0.4807126471731952,3.353141069754284,0.48588323577901893
003,Central America,25,target_only,MLP,25,0.5236795184794731,2.6177475502535494,0.6223805014497782
003,Central America,25,target_only,PLSR,26,-1.7042554212381607,4285.6260770831395,0.00038016266554561707
003,Central America,25,target_only,Ridge,26,0.15940163710562305,16.845908238737756,0.09671399190274879
003,Central America,25,target_only,MLP,26,0.18222842127670413,2.224791747316698,0.7323090059825774
003,Central America,25,target_only,PLSR,27,0.05078050480681262,2.165174041327001,0.7524730122836686
003,Central America,25,target_only,Ridge,27,-0.20370582662952508,9.909795611539852,0.1644065222796831
003,Central America,25,target_only,MLP,27,0.4322477367649894,1.4663612871568588,1.111073408214882
003,Central America,25,target_only,PLSR,28,0.1291696272918833,2.319790691163921,0.7023198425622993
003,Central America,25,target_only,Ridge,28,0.43956386826871297,1.192081189816247,1.3667148235489484
003,Central America,25,target_only,MLP,28,0.01071050967222753,1.3385214637411769,1.2171900691394288
003,Central America,25,target_only,PLSR,29,-1.0429245157660638,664.4852202243583,0.0024518755021302567
003,Central America,25,target_only,Ridge,29,0.2408045208385724,6.887091121199973,0.23656359474910835
003,Central America,25,target_only,MLP,29,0.10521421129146025,1.821364795362804,0.8945132996661438
003,Central America,50,target_only,PLSR,0,0.6169829825862678,1.073726978379033,1.5173643447567369
003,Central America,50,target_only,Ridge,0,0.6417140495982012,0.8243203699274653,1.9764585377637756
003,Central America,50,target_only,MLP,0,0.5210324960682744,1.2747715908396569,1.2780603558340993
003,Central America,50,pooled,PLSR,0,0.5806636721191046,1.0174752315751299,1.601252770029155
003,Central America,50,pooled,Ridge,0,0.6276714513668324,0.9382317091391765,1.7364953850158704
003,Central America,50,pooled,MLP,0,0.7211862927436152,1.3122662975196064,1.2415429978467387
003,Central America,50,target_only,PLSR,1,0.5874660157724905,3.4899671067416964,0.46683392225917547
003,Central America,50,target_only,Ridge,1,0.6064548112946878,1.658530363233516,0.9823365728555802
003,Central America,50,target_only,MLP,1,0.6668376571772456,0.8623795631526487,1.8892319607385497
003,Central America,50,pooled,PLSR,1,0.5817450848516432,1.0175617354025863,1.6011166461081057
003,Central America,50,pooled,Ridge,1,0.6312382132118273,0.9404597070944126,1.732381537141361
003,Central America,50,pooled,MLP,1,0.7458798560927045,1.2730803328942357,1.2797582296254713
003,Central America,50,target_only,PLSR,2,0.6197148468456782,1.858033047464934,0.8768600941832713
003,Central America,50,target_only,Ridge,2,0.6637302425973315,0.7816785805371418,2.0842774428796296
003,Central America,50,target_only,MLP,2,0.6729221229818394,1.0459870565242153,1.5576053478229772
003,Central America,50,pooled,PLSR,2,0.5774003580199153,1.0076422705774095,1.6168784106904641
003,Central America,50,pooled,Ridge,2,0.6290549939777432,0.9402585652810382,1.7327521313339624
003,Central America,50,pooled,MLP,2,0.7544841701943905,1.0808774091471436,1.5073263805941375
003,Central America,50,target_only,PLSR,3,0.6214835117013691,2.651623462067004,0.6144292567564268
003,Central America,50,target_only,Ridge,3,0.6743105700169582,0.8523858543979748,1.9113820631695406
003,Central America,50,target_only,MLP,3,0.5912844921028078,1.4583902315570072,1.1171461504211586
003,Central America,50,pooled,PLSR,3,0.5788893381363125,1.00181902303069,1.6262767980458104
003,Central America,50,pooled,Ridge,3,0.6311732114412418,0.9362943027671133,1.7400885898597378
003,Central America,50,pooled,MLP,3,0.6705258204392448,1.2272736191137945,1.327523877008121
003,Central America,50,target_only,PLSR,4,0.6075280107853975,2.6980045130618127,0.6038666818784546
003,Central America,50,target_only,Ridge,4,0.6949093355393127,0.9814304622348384,1.6600616097504892
003,Central America,50,target_only,MLP,4,0.6666737267081304,0.8929385372655363,1.8245769053545073
003,Central America,50,pooled,PLSR,4,0.5847496358430504,1.002955886401199,1.6244333924214207
003,Central America,50,pooled,Ridge,4,0.6315801617800577,0.9376987770412574,1.737482305497396
003,Central America,50,pooled,MLP,4,0.7440389436387526,1.1471192212558923,1.4202839624742831
003,Central America,50,target_only,PLSR,5,0.3977227264092935,1.305038287035631,1.2484193369502654
003,Central America,50,target_only,Ridge,5,0.5364572049846478,1.2644787065020329,1.2884637950944517
003,Central America,50,target_only,MLP,5,0.5229624673940512,1.338512625903599,1.2171981059169117
003,Central America,50,pooled,PLSR,5,0.5850102648921657,1.0120973576286194,1.6097611763487745
003,Central America,50,pooled,Ridge,5,0.6294428965313006,0.9404597664908123,1.7323814277297414
003,Central America,50,pooled,MLP,5,0.6663531234600013,1.2066990321792948,1.3501585644378442
003,Central America,50,target_only,PLSR,6,0.453790027441042,1.4834554429398572,1.0982702856022253
003,Central America,50,target_only,Ridge,6,0.5771233551676671,1.3295987406621235,1.225358435722039
003,Central America,50,target_only,MLP,6,0.4653456897178242,1.849437678402386,0.8809353524164855
003,Central America,50,pooled,PLSR,6,0.577066628359826,1.0122705142568467,1.609485814364382
003,Central America,50,pooled,Ridge,6,0.6269540924309972,0.9417071574714464,1.7300867048418211
003,Central America,50,pooled,MLP,6,0.6108288882332462,1.2097105226863147,1.3467974382646608
003,Central America,50,target_only,PLSR,7,0.10733588466544963,12.764763434493716,0.1276353487752946
003,Central America,50,target_only,Ridge,7,0.3708362409705257,3.864406527325655,0.421600321155455
003,Central America,50,target_only,MLP,7,0.4790358546570975,2.106605447418786,0.7733935346042263
003,Central America,50,pooled,PLSR,7,0.5781155808410295,1.0107698247191879,1.611875417282433
003,Central America,50,pooled,Ridge,7,0.6279306776640603,0.9371333597229777,1.7385306115634858
003,Central America,50,pooled,MLP,7,0.6958851078099423,1.0485201614094903,1.5538423513054882
003,Central America,50,target_only,PLSR,8,0.5451048121396538,1.9807445621624475,0.8225366683410404
003,Central America,50,target_only,Ridge,8,0.6442251061498803,0.877851305750829,1.8559350795773353
003,Central America,50,target_only,MLP,8,0.5238576565838382,1.2570636901975638,1.2960640305660862
003,Central America,50,pooled,PLSR,8,0.5832847499329898,1.0100829360660537,1.6129715440408052
003,Central America,50,pooled,Ridge,8,0.6290352695592091,0.9371977134319117,1.7384112334521802
003,Central America,50,pooled,MLP,8,0.7360775366783464,1.3000590177894664,1.2532008245025483
003,Central America,50,target_only,PLSR,9,0.37430325745993487,2.4461109047510536,0.6660511712004913
003,Central America,50,target_only,Ridge,9,0.587351250409863,0.9173677701175615,1.7759889610978425
003,Central America,50,target_only,MLP,9,0.4599024166755611,0.9275681253617318,1.7564586238454083
003,Central America,50,pooled,PLSR,9,0.587133995103577,1.011263825715747,1.6110880183443734
003,Central America,50,pooled,Ridge,9,0.6275412669537991,0.9407504097309779,1.7318462114320392
003,Central America,50,pooled,MLP,9,0.7152515848917937,1.0706658379200755,1.5217026408171939
003,Central America,50,target_only,PLSR,10,0.6484803263800399,5.179316716871802,0.31456563134832893
003,Central America,50,target_only,Ridge,10,0.5374850241043703,5.4511647027095895,0.2988783355208282
003,Central America,50,target_only,MLP,10,0.5104469947974537,1.9825030994404191,0.8218070546550974
003,Central America,50,target_only,PLSR,11,0.614757298199301,1.7321746369274313,0.9405720406377182
003,Central America,50,target_only,Ridge,11,0.7386878759261247,0.9082629250702663,1.7937922907837391
003,Central America,50,target_only,MLP,11,0.6759325453258822,1.1022742639248375,1.4780668353759439
003,Central America,50,target_only,PLSR,12,0.5139363236267653,1.8498333296376384,0.8807469337331496
003,Central America,50,target_only,Ridge,12,0.4022559211063079,2.898749037732989,0.5620476321985779
003,Central America,50,target_only,MLP,12,0.5659561597367563,1.5731279583238011,1.0356659319256614
003,Central America,50,target_only,PLSR,13,0.5640166348152886,1.177724392488027,1.3833754683078756
003,Central America,50,target_only,Ridge,13,0.4903226125492868,1.7312474494502266,0.9410757737220702
003,Central America,50,target_only,MLP,13,0.4973874862037705,1.1785872189365885,1.3823627193800327
003,Central America,50,target_only,PLSR,14,0.5314433041516643,2.0332138652358744,0.8013102118043661
003,Central America,50,target_only,Ridge,14,0.4962325926945702,2.201171726390329,0.7401671634532088
003,Central America,50,target_only,MLP,14,0.2169930578408371,4.926748259941243,0.33069175590781313
003,Central America,50,target_only,PLSR,15,0.13462508031153353,2.676135454648173,0.6088014080774269
003,Central America,50,target_only,Ridge,15,0.6179980223031328,0.8312329670730242,1.9600221568842127
003,Central America,50,target_only,MLP,15,0.46336329591274905,0.9842898985319001,1.655239005729703
003,Central America,50,target_only,PLSR,16,0.6902210794416526,1.4096114143642275,1.1558043701927323
003,Central America,50,target_only,Ridge,16,0.5837957016436248,1.1396879253277519,1.4295448752141482
003,Central America,50,target_only,MLP,16,0.4353664873722032,2.2007267722192903,0.7403168142280355
003,Central America,50,target_only,PLSR,17,0.6058650987744445,2.2705777481303735,0.7175420592125807
003,Central America,50,target_only,Ridge,17,0.7325143607874738,0.9304463967567584,1.7510251409159412
003,Central America,50,target_only,MLP,17,0.6848056263588684,1.3782712572244367,1.1820859097625578
003,Central America,50,target_only,PLSR,18,0.5478941706270224,1.0999415727722408,1.4812014322628841
003,Central America,50,target_only,Ridge,18,0.6314644831928545,0.9043168942022964,1.8016195909210464
003,Central America,50,target_only,MLP,18,0.4977902365710969,1.2963987329031361,1.2567391433245603
003,Central America,50,target_only,PLSR,19,0.5012675049745665,1.529704208465828,1.0650654054418311
003,Central America,50,target_only,Ridge,19,0.578722196694302,1.0039289214199705,1.6228589477144664
003,Central America,50,target_only,MLP,19,0.4848866845772525,1.220186895516004,1.3352340030719199
003,Central America,50,target_only,PLSR,20,0.44041349257221496,3.694921153298938,0.44093905266181443
003,Central America,50,target_only,Ridge,20,0.580041978781605,1.1061919896777634,1.472832065499166
003,Central America,50,target_only,MLP,20,0.572295753760728,2.3322083146698374,0.6985804067105291
003,Central America,50,target_only,PLSR,21,0.4496685521871716,10.111683030764448,0.16112402139573018
003,Central America,50,target_only,Ridge,21,0.6552134494923932,1.3016482617902978,1.2516707322720726
003,Central America,50,target_only,MLP,21,0.6241750729247743,0.9254453682117727,1.7604875327690974
003,Central America,50,target_only,PLSR,22,0.14242709531084807,7.493817171263456,0.21741056603880876
003,Central America,50,target_only,Ridge,22,0.5561118039645163,1.269782589499686,1.2830818806845323
003,Central America,50,target_only,MLP,22,0.597016678955488,0.9728818223901594,1.674648447015955
003,Central America,50,target_only,PLSR,23,0.5921542514602018,1.005977994272668,1.6195533523312162
003,Central America,50,target_only,Ridge,23,0.6109909123647526,0.8401065413052774,1.939319542095676
003,Central America,50,target_only,MLP,23,0.6261952371152739,0.8482971044668897,1.9205948298263043
003,Central America,50,target_only,PLSR,24,0.692980424626527,1.2556356480142328,1.2975380521987736
003,Central America,50,target_only,Ridge,24,0.6285934112542093,0.6885397469409181,2.3662178403413696
003,Central America,50,target_only,MLP,24,0.41016758494047023,1.0798487235300978,1.5087622900267494
003,Central America,50,target_only,PLSR,25,0.5444496777993645,1.9452528574844936,0.8375440893080502
003,Central America,50,target_only,Ridge,25,0.6102662034341684,1.1858138540517198,1.3739382681598125
003,Central America,50,target_only,MLP,25,0.5885501492995919,1.9678683561096006,0.8279187110954246
003,Central America,50,target_only,PLSR,26,-0.03116388302458173,1.885044673651028,0.8642951839651454
003,Central America,50,target_only,Ridge,26,0.5783940210678793,0.9918577492537062,1.6426095720092946
003,Central America,50,target_only,MLP,26,0.2980829471436647,1.0528707054716944,1.5474217532397032
003,Central America,50,target_only,PLSR,27,0.43987377702216646,1.4676135985361893,1.1101253317772102
003,Central America,50,target_only,Ridge,27,0.4906976995955593,1.1324485922754888,1.4386834370309247
003,Central America,50,target_only,MLP,27,0.4798552573771053,1.2852936458675566,1.267597516127157
003,Central America,50,target_only,PLSR,28,0.6273184868901778,2.393718124618926,0.6806294426396186
003,Central America,50,target_only,Ridge,28,0.612209238717845,0.9974841813386631,1.6333442308921982
003,Central America,50,target_only,MLP,28,0.4227277243801626,2.0872208751612136,0.7805762448930533
003,Central America,50,target_only,PLSR,29,0.5691422009270368,1.686022920579923,0.9663184367833755
003,Central America,50,target_only,Ridge,29,0.6457427257154875,0.7599344921954806,2.1439151002197683
003,Central America,50,target_only,MLP,29,0.5971287848664313,1.3477836178849656,1.2088253717999926
003,Central America,100,target_only,PLSR,0,0.712562033153989,4.834348331061324,0.33701233784245194
003,Central America,100,target_only,Ridge,0,0.730869308090573,1.6027161245788881,1.0165462292480598
003,Central America,100,target_only,MLP,0,0.7865487944200829,0.8900553942203723,1.8304872298682389
003,Central America,100,pooled,PLSR,0,0.593290544046412,1.0015109954922894,1.6267769803115217
003,Central America,100,pooled,Ridge,0,0.6399515949254682,0.9380447188553672,1.7368415388381253
003,Central America,100,pooled,MLP,0,0.7650141770411493,1.1875375425694292,1.3719440224774868
003,Central America,100,target_only,PLSR,1,0.7254391204494033,1.7939696770378872,0.9081731167752198
003,Central America,100,target_only,Ridge,1,0.7245179715739906,0.977372537616534,1.6669539712757437
003,Central America,100,target_only,MLP,1,0.7603490608198883,0.5489963699263144,2.9676608484941465
003,Central America,100,pooled,PLSR,1,0.5976825970442603,1.0030115238611828,1.6243432844359018
003,Central America,100,pooled,Ridge,1,0.6356900757202587,0.9315327784027116,1.7489830425391608
003,Central America,100,pooled,MLP,1,0.8027187197216882,0.8694478878399815,1.8738731277424034
003,Central America,100,target_only,PLSR,2,0.7734298922660483,1.768774780236541,0.9211093753710421
003,Central America,100,target_only,Ridge,2,0.7601190607872542,0.9156253998930209,1.7793685421855792
003,Central America,100,target_only,MLP,2,0.8052533070397161,0.6102577172444753,2.669749168191256
003,Central America,100,pooled,PLSR,2,0.5948409529582005,1.0005529639204067,1.628334622699031
003,Central America,100,pooled,Ridge,2,0.6400468657805081,0.9354641751435278,1.741632738363027
003,Central America,100,pooled,MLP,2,0.7635312038237427,1.0816105532101683,1.5063046751534006
003,Central America,100,target_only,PLSR,3,0.7131270826048246,0.9032096492974503,1.8038281967680612
003,Central America,100,target_only,Ridge,3,0.6898329596161008,0.9140913471295506,1.7823547264853687
003,Central America,100,target_only,MLP,3,0.8337137949024167,0.8493474787727007,1.9182196612274194
003,Central America,100,pooled,PLSR,3,0.601016087505155,1.0002213820954526,1.6288744293613313
003,Central America,100,pooled,Ridge,3,0.6404564159239892,0.9313878763868166,1.7492551431054828
003,Central America,100,pooled,MLP,3,0.8157106774624535,0.9221221040792882,1.7668322077828031
003,Central America,100,target_only,PLSR,4,0.7501558818477699,1.1301536931555183,1.441604839114158
003,Central America,100,target_only,Ridge,4,0.7539002040397539,0.8742996594743134,1.8634743995843897
003,Central America,100,target_only,MLP,4,0.8101453005706861,0.6932261221546265,2.350221638982505
003,Central America,100,pooled,PLSR,4,0.5924219337064359,1.006312393107057,1.6190151727788626
003,Central America,100,pooled,Ridge,4,0.6372238860941579,0.9361266687727773,1.7404001908540767
003,Central America,100,pooled,MLP,4,0.8034164059097264,1.1378046639414765,1.4319110165640285
003,Central America,100,target_only,PLSR,5,0.7525063484863265,2.7007050729571187,0.6032628476577091
003,Central America,100,target_only,Ridge,5,0.7894332035622725,1.008919307926948,1.6148318504711372
003,Central America,100,target_only,MLP,5,0.828258426912728,0.7606525399161496,2.141891267694092
003,Central America,100,pooled,PLSR,5,0.5970305512488193,0.9986477646958187,1.6314411252820322
003,Central America,100,pooled,Ridge,5,0.6424062966744006,0.9345254591997542,1.7433821807175451
003,Central America,100,pooled,MLP,5,0.7803131616686376,1.0735463534719336,1.5176196423439545
003,Central America,100,target_only,PLSR,6,0.7547486751240584,1.043718672075999,1.560990596972954
003,Central America,100,target_only,Ridge,6,0.7240350157524396,0.974309122335378,1.6721951951866412
003,Central America,100,target_only,MLP,6,0.7459104348669093,1.4356446908187839,1.1348455808146647
003,Central America,100,pooled,PLSR,6,0.6011457347782831,1.0060943611253528,1.6193660316050023
003,Central America,100,pooled,Ridge,6,0.6370394202221372,0.9336233580285842,1.745066700597535
003,Central America,100,pooled,MLP,6,0.7574513620518358,1.1670581231668737,1.3960187591811772
003,Central America,100,target_only,PLSR,7,0.7738964266590904,5.655437987718291,0.2880829100299363
003,Central America,100,target_only,Ridge,7,0.7820199209140597,2.1891236759340336,0.7442407438677885
003,Central America,100,target_only,MLP,7,0.807888738284774,2.2354553165188236,0.728815745479927
003,Central America,100,pooled,PLSR,7,0.5996316911851598,1.0045491869426415,1.621856902750905
003,Central America,100,pooled,Ridge,7,0.6470233036515463,0.9370948734603884,1.738602012600383
003,Central America,100,pooled,MLP,7,0.7931197230138788,1.1797619593811037,1.3809862405212827
003,Central America,100,target_only,PLSR,8,0.7222445699392781,2.545530107055247,0.6400376206433815
003,Central America,100,target_only,Ridge,8,0.7340335871219534,0.9165817117707167,1.7775120451053539
003,Central America,100,target_only,MLP,8,0.6513651777363144,0.9852212211189649,1.6536743201139426
003,Central America,100,pooled,PLSR,8,0.6022749357668773,1.001607965536909,1.6266194849223128
003,Central America,100,pooled,Ridge,8,0.6419947002793215,0.9358495146422388,1.7409156146419167
003,Central America,100,pooled,MLP,8,0.7832865104032374,0.9799866952499576,1.662507298203856
003,Central America,100,target_only,PLSR,9,0.7691862276437673,0.8915632885551222,1.8273913404802589
003,Central America,100,target_only,Ridge,9,0.744127709748988,0.7702054361248241,2.115325284112496
003,Central America,100,target_only,MLP,9,0.8374566147457864,0.5978108067704991,2.72533553181684
003,Central America,100,pooled,PLSR,9,0.5992917844328478,1.0009610738516368,1.627670721226487
003,Central America,100,pooled,Ridge,9,0.6398936787710876,0.9345899499095617,1.7432618798793955
003,Central America,100,pooled,MLP,9,0.8185656337809601,1.0019317977436863,1.626093748760854
003,Central America,100,target_only,PLSR,10,0.7645701093616193,1.0078551506073152,1.6165368922448677
003,Central America,100,target_only,Ridge,10,0.7522917196702915,0.7446779261905191,2.1878384945962632
003,Central America,100,target_only,MLP,10,0.8033349925641068,0.616043034386148,2.6446773067066216
003,Central America,100,target_only,PLSR,11,0.7149011313114031,4.315133931131791,0.3775630279379093
003,Central America,100,target_only,Ridge,11,0.7090105923831103,2.244901748613737,0.7257489259838706
003,Central America,100,target_only,MLP,11,0.7660448418365305,2.1202816323799416,0.7684050119167299
003,Central America,100,target_only,PLSR,12,0.5356175316966816,2.1777741573732032,0.7481193710925884
003,Central America,100,target_only,Ridge,12,0.5161490944736342,2.3402486242249894,0.6961803186767302
003,Central America,100,target_only,MLP,12,0.7096931174278863,0.6702981392259785,2.430612495623334
003,Central America,100,target_only,PLSR,13,0.7502903422560612,1.2583916909417274,1.2946962736033973
003,Central America,100,target_only,Ridge,13,0.7574473454726245,0.7649659586886395,2.1298137707835867
003,Central America,100,target_only,MLP,13,0.7565819367295129,0.9594923939177841,1.6980176636348998
003,Central America,100,target_only,PLSR,14,0.7172384554726239,3.169695719038359,0.5140036071001854
003,Central America,100,target_only,Ridge,14,0.7177156940971668,1.5641875172570499,1.041585497276407
003,Central America,100,target_only,MLP,14,0.8047079199872657,0.698662352511959,2.3319347709777234
003,Central America,100,target_only,PLSR,15,0.732420650297422,1.319973423978722,1.2342938148594087
003,Central America,100,target_only,Ridge,15,0.7488253355845862,0.8219530697695511,1.9821509194588411
003,Central America,100,target_only,MLP,15,0.8489001556163243,0.7560055229804616,2.155057051134584
003,Central America,100,target_only,PLSR,16,0.7132295805256257,1.4672429488831413,1.1104057676582457
003,Central America,100,target_only,Ridge,16,0.7454296504666912,0.9205000946041966,1.7699455356343914
003,Central America,100,target_only,MLP,16,0.7633655735206439,0.8412852546408368,1.9366023878444047
003,Central America,100,target_only,PLSR,17,0.7468672140502963,2.9257500817774234,0.5568606297383936
003,Central America,100,target_only,Ridge,17,0.7294420409166974,1.4510425095569301,1.1228031034688382
003,Central America,100,target_only,MLP,17,0.8034244322281304,1.0727545633416138,1.518739783236802
003,Central America,100,target_only,PLSR,18,0.7094485041680305,1.9188338593509986,0.8490756117607722
003,Central America,100,target_only,Ridge,18,0.7421656461863155,1.1624096109107753,1.4016014817007478
003,Central America,100,target_only,MLP,18,0.8335642736610815,0.5970712726741094,2.728711139792173
003,Central America,100,target_only,PLSR,19,0.7813721858998558,1.210959181697452,1.3454087120525118
003,Central America,100,target_only,Ridge,19,0.7601155911188336,0.8330041168690157,1.9558547190852826
003,Central America,100,target_only,MLP,19,0.8049761506792378,0.842070222233545,1.934797110713969
003,Central America,100,target_only,PLSR,20,0.69670671817694,2.1382441174019298,0.7619499662065397
003,Central America,100,target_only,Ridge,20,0.6993686515747644,0.8796573037056684,1.8521247150820808
003,Central America,100,target_only,MLP,20,0.7135546674361495,0.8284867429630458,1.9665191348371445
003,Central America,100,target_only,PLSR,21,0.7484081205619322,1.1854888995391648,1.3743148785526926
003,Central America,100,target_only,Ridge,21,0.7489406243884721,0.8328336568783653,1.9562550330908168
003,Central America,100,target_only,MLP,21,0.7370724410506797,1.3830982803831446,1.1779604212539425
003,Central America,100,target_only,PLSR,22,0.7861352456231429,2.044965268309895,0.7967054786912094
003,Central America,100,target_only,Ridge,22,0.7682722395574344,0.938786853429542,1.7354685220014217
003,Central America,100,target_only,MLP,22,0.8378529213424144,0.8610624264270953,1.8921218520196075
003,Central America,100,target_only,PLSR,23,0.7439232863309087,1.3001560538844956,1.253107292873069
003,Central America,100,target_only,Ridge,23,0.7673702149301818,0.8519975356964854,1.9122532222629918
003,Central America,100,target_only,MLP,23,0.8241774023405557,0.6192330331431497,2.6310531670539903
003,Central America,100,target_only,PLSR,24,0.7797652069599393,1.545989757975022,1.0538459421165556
003,Central America,100,target_only,Ridge,24,0.7417722126727976,0.7969622161988219,2.044306492679798
003,Central America,100,target_only,MLP,24,0.7361418899704449,0.7952320800145913,2.04875416113223
003,Central America,100,target_only,PLSR,25,0.7678283291337177,1.0369896899142752,1.5711197988192307
003,Central America,100,target_only,Ridge,25,0.7470633786960282,0.7866708352929129,2.071050507915544
003,Central America,100,target_only,MLP,25,0.8526399372951512,1.2216644556716894,1.3336190845463822
003,Central America,100,target_only,PLSR,26,0.7523826335861011,1.9893851257445245,0.8189641170590304
003,Central America,100,target_only,Ridge,26,0.7489608524549252,1.1907895019446317,1.3681973433046668
003,Central America,100,target_only,MLP,26,0.8392235442601615,0.6712515226254684,2.4271602790907645
003,Central America,100,target_only,PLSR,27,0.7573340480376249,1.2872945225444352,1.2656272550398382
003,Central America,100,target_only,Ridge,27,0.7481976328354312,0.8863328923765244,1.8381750773428533
003,Central America,100,target_only,MLP,27,0.7625189728685713,1.1979296793161078,1.3600422972455737
003,Central America,100,target_only,PLSR,28,0.7147012478949135,1.4826650105244203,1.0988557910457941
003,Central America,100,target_only,Ridge,28,0.6978086459245298,1.0926131214508854,1.491136250342907
003,Central America,100,target_only,MLP,28,0.7460691573717333,0.5670574261697806,2.8731393996556696
003,Central America,100,target_only,PLSR,29,0.6880876240579002,2.5628688712518444,0.6357075273226623
003,Central America,100,target_only,Ridge,29,0.7633928076866894,1.070891629516508,1.521381798204276
003,Central America,100,target_only,MLP,29,0.6800531761900575,0.8365866149653526,1.947479201616449
004,South America,10,target_only,PLSR,0,-0.5078722348608713,11.253151886123126,0.16671720495845618
004,South America,10,target_only,Ridge,0,0.1997618389501089,1.629176769072049,1.1515595268989858
004,South America,10,target_only,MLP,0,-0.7500224788810104,8.423490123810586,0.22272169870826972
004,South America,10,pooled,PLSR,0,0.45205594239322544,1.5217949757332236,1.2328165484470053
004,South America,10,pooled,Ridge,0,0.5107963728783089,1.3760558154515468,1.363385124615599
004,South America,10,pooled,MLP,0,0.5882470542583109,1.2866650416067684,1.4581060095365521
004,South America,10,target_only,PLSR,1,-0.0329981855271575,1.6872317429993329,1.1119361861295711
004,South America,10,target_only,Ridge,1,-0.02959238329492231,1.6848520280233652,1.1135067045789315
004,South America,10,target_only,MLP,1,-0.6296722773101433,9.089622111117967,0.20639956276429616
004,South America,10,pooled,PLSR,1,0.45103757418699386,1.5281442825954235,1.2276943026878588
004,South America,10,pooled,Ridge,1,0.5102320602929269,1.3814148520192358,1.3580960322564295
004,South America,10,pooled,MLP,1,0.5522673617904894,1.2947781480885074,1.4489694873188286
004,South America,10,target_only,PLSR,2,-0.12178112374338301,3.3050983292071545,0.5676363734320349
004,South America,10,target_only,Ridge,2,0.27450377681432003,1.4138216141794973,1.3269665781112043
004,South America,10,target_only,MLP,2,-0.4087139477778443,3.7776069058369983,0.4966355886655559
004,South America,10,pooled,PLSR,2,0.45205566681951914,1.5270432207011269,1.2285795215187405
004,South America,10,pooled,Ridge,2,0.5112494346472238,1.3818963712601944,1.3576228061996851
004,South America,10,pooled,MLP,2,0.5446651569934051,1.2511002246696707,1.4995553453143802
004,South America,10,target_only,PLSR,3,-1.7733878595273227,15.930528682672058,0.11776721707096202
004,South America,10,target_only,Ridge,3,-1.0648885064352687,3.575553881965853,0.524700253823596
004,South America,10,target_only,MLP,3,-1.1027919621337676,4.1807809185517,0.4487424875822818
004,South America,10,pooled,PLSR,3,0.45424071921499987,1.5065777993131442,1.2452686016498762
004,South America,10,pooled,Ridge,3,0.5131162333764592,1.3681629118991931,1.371250465211893
004,South America,10,pooled,MLP,3,0.5905009826093139,1.110810486677672,1.6889415898823974
004,South America,10,target_only,PLSR,4,-0.5740266455435672,2.124011857225907,0.8832785104494302
004,South America,10,target_only,Ridge,4,0.06625411625281352,1.881133392223321,0.9973211028964096
004,South America,10,target_only,MLP,4,-0.6673048602329501,3.394134188567844,0.5527459803287993
004,South America,10,pooled,PLSR,4,0.4585601225425622,1.523804030934527,1.2311911448855044
004,South America,10,pooled,Ridge,4,0.5183640574216932,1.3784225068146017,1.3610442517823471
004,South America,10,pooled,MLP,4,0.5924962936174563,1.166301637854052,1.6085838933394316
004,South America,10,target_only,PLSR,5,-0.03721791562068355,1.7252793776520658,1.0874146261346986
004,South America,10,target_only,Ridge,5,0.05256397908199939,1.5798055145640513,1.187547462097027
004,South America,10,target_only,MLP,5,-0.27906992235503836,1.8569994931294427,1.010282467156631
004,South America,10,pooled,PLSR,5,0.4559054461116442,1.526405965050766,1.2290924383049242
004,South America,10,pooled,Ridge,5,0.5159224154854882,1.3802673033422121,1.3592251478279664
004,South America,10,pooled,MLP,5,0.5937974831374708,1.1843717429938032,1.5840415313228584
004,South America,10,target_only,PLSR,6,-0.3013100739977399,1.8126167337920631,1.0350197007740114
004,South America,10,target_only,Ridge,6,0.12317095549847212,1.4090769921419661,1.3314347192452123
004,South America,10,target_only,MLP,6,-0.1336662018509267,1.83506559103658,1.0223580228364866
004,South America,10,pooled,PLSR,6,0.4543818831581714,1.5236756728136045,1.2312948634029512
004,South America,10,pooled,Ridge,6,0.514686262650113,1.3790144413010303,1.360460030902524
004,South America,10,pooled,MLP,6,0.5364956378021623,1.502946814944892,1.2482770586238057
004,South America,10,target_only,PLSR,7,-0.7335305288626759,1.962572157366661,0.9559363320147838
004,South America,10,target_only,Ridge,7,-0.1373530079389007,1.8361513661571869,1.0217534697881878
004,South America,10,target_only,MLP,7,-1.1645409712991621,39.02923254478173,0.04806894491903771
004,South America,10,pooled,PLSR,7,0.45218578223991357,1.5244541964791372,1.2306660533064446
004,South America,10,pooled,Ridge,7,0.5123208642506405,1.3792156930055783,1.3602615159772828
004,South America,10,pooled,MLP,7,0.5358452857919509,1.2930383096563416,1.4509191378297581
004,South America,10,target_only,PLSR,8,-0.14166162536059135,5.954833857895304,0.31505396694485105
004,South America,10,target_only,Ridge,8,-0.013825454806834392,3.3045499868472956,0.5677305644927809
004,South America,10,target_only,MLP,8,-0.7480478034063203,23.630437693935253,0.07939311381900159
004,South America,10,pooled,PLSR,8,0.454369543164429,1.5248877113812593,1.2303161835621597
004,South America,10,pooled,Ridge,8,0.5135265325757168,1.3780328987481947,1.3614290566877403
004,South America,10,pooled,MLP,8,0.5897416213021913,1.1183366186211734,1.6775754260291615
004,South America,10,target_only,PLSR,9,-1.5330721591374061,2.144861326836002,0.8746924595796373
004,South America,10,target_only,Ridge,9,-0.29010661537868665,1.9748415833049218,0.9499972277714349
004,South America,10,target_only,MLP,9,-1.571917492597687,2.029335788255255,0.9244867410732556
004,South America,10,pooled,PLSR,9,0.45072586414616034,1.5350101113248367,1.2222030432152706
004,South America,10,pooled,Ridge,9,0.5103099328844489,1.3891913390654624,1.3504936121251043
004,South America,10,pooled,MLP,9,0.5894910639410413,1.4101443111320735,1.3304269744713473
004,South America,10,target_only,PLSR,10,-24.175908844168625,1185524.1992068691,1.5825016736752889e-06
004,South America,10,target_only,Ridge,10,-0.013539007060552999,2.0573353568720014,0.9119048205538371
004,South America,10,target_only,MLP,10,-1.1482782216586283,13.490732209174526,0.1390653969212707
004,South America,10,target_only,PLSR,11,-4.4338960881550875,2403.268550557106,0.0007806426913848334
004,South America,10,target_only,Ridge,11,-1.6114953952733364,8.773328852761678,0.21384061408308752
004,South America,10,target_only,MLP,11,-1.1470951619104919,6.061814608815901,0.3094937985564521
004,South America,10,target_only,PLSR,12,-0.2348638213340315,1.925219796220526,0.9744830346698389
004,South America,10,target_only,Ridge,12,-0.09936517628903374,1.7477989173356767,1.073403817120634
004,South America,10,target_only,MLP,12,-0.5068190243844257,4.696769633231556,0.3994434847630802
004,South America,10,target_only,PLSR,13,-1.174127301434277,2.9223372385085122,0.6419840957113281
004,South America,10,target_only,Ridge,13,-0.877410328335432,2.3000790714623465,0.8156650146095378
004,South America,10,target_only,MLP,13,-1.787887767174285,5.67431875750859,0.33062894588797465
004,South America,10,target_only,PLSR,14,-2.865823054577206,23.245599981042705,0.08070749006080387
004,South America,10,target_only,Ridge,14,-0.017811455381668395,1.6756518253019361,1.1196204373121326
004,South America,10,target_only,MLP,14,-3.3197838291654325,5.674076819401315,0.3306430436423626
004,South America,10,target_only,PLSR,15,-0.501109160450457,2.382756005299982,0.7873630473512256
004,South America,10,target_only,Ridge,15,-0.0025609951778993167,1.7118256135785954,1.0959609521821712
004,South America,10,target_only,MLP,15,-0.6974566431451441,2.8025047057487584,0.669434747274111
004,South America,10,target_only,PLSR,16,-0.2161598656481547,2.1533187338416035,0.8712570043360013
004,South America,10,target_only,Ridge,16,-0.09263908988760461,1.985203936811495,0.9450384389427953
004,South America,10,target_only,MLP,16,-0.2813300602309743,3.0414103860439594,0.6168500107832243
004,South America,10,target_only,PLSR,17,0.10912385627346477,1.5529097243902072,1.2081153205245894
004,South America,10,target_only,Ridge,17,0.2899834494687241,1.5379331589161962,1.2198800829221588
004,South America,10,target_only,MLP,17,-0.6321959489487343,2.3954783100939934,0.7831813886696445
004,South America,10,target_only,PLSR,18,-0.16440096005450044,2.212058568276314,0.8481213184555605
004,South America,10,target_only,Ridge,18,-0.03084228715313242,1.9432199796229703,0.9654563297519371
004,South America,10,target_only,MLP,18,-0.81481892498936,2.414824525877727,0.7769069799162797
004,South America,10,target_only,PLSR,19,-0.6310742402949983,3.448844122736221,0.5439776234186495
004,South America,10,target_only,Ridge,19,-0.2496529312412139,1.6152327021390498,1.161500771339584
004,South America,10,target_only,MLP,19,-0.04236090876002163,2.3906491222034876,0.7847634401899223
004,South America,10,target_only,PLSR,20,-0.33123651314519154,8.156043795860057,0.23002500677837423
004,South America,10,target_only,Ridge,20,-0.32800075370536663,4.663595062022285,0.402284933506618
004,South America,10,target_only,MLP,20,-1.679914895277911,37.25735176891773,0.05035500217684754
004,South America,10,target_only,PLSR,21,-0.2492465154235044,1.6192797874583205,1.1585978185846506
004,South America,10,target_only,Ridge,21,0.03265721962755763,1.5248855951126274,1.2303178910211028
004,South America,10,target_only,MLP,21,-0.0198994309172289,1.6762162482114247,1.1192434337927926
004,South America,10,target_only,PLSR,22,-0.6773739456976653,2.2664427886279186,0.8277703010377752
004,South America,10,target_only,Ridge,22,-0.5155764117542925,2.0818897273325954,0.9011495684889888
004,South America,10,target_only,MLP,22,-2.688137097152862,33.844434301336086,0.0554328671214742
004,South America,10,target_only,PLSR,23,-0.26722740803890366,3.3938351438967516,0.5527946850339122
004,South America,10,target_only,Ridge,23,-0.033098852748467245,2.3510138324730487,0.7979936159941474
004,South America,10,target_only,MLP,23,-1.5319833446064837,4.456139771029505,0.42101328185987114
004,South America,10,target_only,PLSR,24,-0.35036569534241746,2.8277296046414495,0.6634630221885419
004,South America,10,target_only,Ridge,24,-0.08525007797945539,1.8829783913335463,0.996343897551982
004,South America,10,target_only,MLP,24,-1.549855551428276,2.4482826992345808,0.7662897875371826
004,South America,10,target_only,PLSR,25,-1.0706325904346636,22.1890760036739,0.08455034491372229
004,South America,10,target_only,Ridge,25,-0.8748876926064761,14.923048657486435,0.1257178792676688
004,South America,10,target_only,MLP,25,-0.5297614859817581,32.30573236598061,0.0580731000979578
004,South America,10,target_only,PLSR,26,-2.9043893372110614,38.85078999423089,0.048289726662083726
004,South America,10,target_only,Ridge,26,-2.3194745629332316,17.581275601264252,0.1067097787428188
004,South America,10,target_only,MLP,26,-1.176440098793154,7.9369433894330825,0.23637487851118866
004,South America,10,target_only,PLSR,27,-1.2258977300628184,9.92635793889691,0.18900124708135524
004,South America,10,target_only,Ridge,27,-0.32822209022511317,2.2859963569721535,0.8206898596777948
004,South America,10,target_only,MLP,27,-0.7563067795455449,2.7050705966884667,0.6935471598131787
004,South America,10,target_only,PLSR,28,-1.6510392830814835,3.0824816283436522,0.6086310497933224
004,South America,10,target_only,Ridge,28,-0.70974959149394,2.0006198589986126,0.9377563763495201
004,South America,10,target_only,MLP,28,-1.2462544279935521,2.228508629533213,0.8418607873286076
004,South America,10,target_only,PLSR,29,-0.5262896802908759,2.019721709395282,0.928887391119414
004,South America,10,target_only,Ridge,29,-0.4399072784436846,2.033124083396158,0.9227641562799128
004,South America,10,target_only,MLP,29,-1.0386930426858951,7.337240312321349,0.2556947775414855
004,South America,25,target_only,PLSR,0,-0.1547116499996235,13.802789188502976,0.13592137094943957
004,South America,25,target_only,Ridge,0,0.4214614882092078,1.6885237426431536,1.1110853712312374
004,South America,25,target_only,MLP,0,0.19792763053636175,2.4773498844463555,0.7572987736638183
004,South America,25,pooled,PLSR,0,0.45881516059143945,1.5397199510615562,1.2184644539638252
004,South America,25,pooled,Ridge,0,0.5168165689103673,1.382169677539547,1.357354353748473
004,South America,25,pooled,MLP,0,0.5436305372650543,1.352368602537141,1.3872652957986005
004,South America,25,target_only,PLSR,1,0.029388572434696503,1.5900497894413523,1.179896404430564
004,South America,25,target_only,Ridge,1,0.4452089953070997,1.3609782496936527,1.378489354881111
004,South America,25,target_only,MLP,1,-0.15218127479281174,3.221445319075279,0.5823764936559478
004,South America,25,pooled,PLSR,1,0.462923430912636,1.4737599530275602,1.2729983777706455
004,South America,25,pooled,Ridge,1,0.5255554973910896,1.3381159680058452,1.4020414330929138
004,South America,25,pooled,MLP,1,0.5928495720644592,1.3070608797215513,1.4353532100410649
004,South America,25,target_only,PLSR,2,-0.6075390690459288,24.078745107104645,0.07791494204047489
004,South America,25,target_only,Ridge,2,0.19965636589674396,1.7137362539268763,1.0947390680033302
004,South America,25,target_only,MLP,2,-0.262331949553839,14.043006278524516,0.1335963249049082
004,South America,25,pooled,PLSR,2,0.46298664643880505,1.506734845368676,1.2451388080617292
004,South America,25,pooled,Ridge,2,0.5240385444032798,1.3597108747301756,1.3797742331065224
004,South America,25,pooled,MLP,2,0.5862554382142013,1.1024282154651097,1.7017833933395028
004,South America,25,target_only,PLSR,3,0.01954392590714371,2.790527610330991,0.6723079974130408
004,South America,25,target_only,Ridge,3,0.2684799322096353,1.7519052977276357,1.0708878110368603
004,South America,25,target_only,MLP,3,0.006785742747815959,2.697633596607295,0.6954591727308389
004,South America,25,pooled,PLSR,3,0.46391736172252784,1.5215398813157759,1.2330232368309957
004,South America,25,pooled,Ridge,3,0.5220735409981568,1.3895683256897666,1.3501272263788497
004,South America,25,pooled,MLP,3,0.5995506248485512,1.4180667449696298,1.3229941651777515
004,South America,25,target_only,PLSR,4,-3.3384231567897524,2.564582098397651,0.7315398600807551
004,South America,25,target_only,Ridge,4,-0.42581767894957756,1.5495694120887078,1.2107195810599976
004,South America,25,target_only,MLP,4,-0.023815686045389306,3.344032199362014,0.5610275014054453
004,South America,25,pooled,PLSR,4,0.463947081754314,1.5021393785721335,1.2489480378383782
004,South America,25,pooled,Ridge,4,0.52593028989757,1.3590490008892409,1.3804462003944507
004,South America,25,pooled,MLP,4,0.590815908392142,1.709895754862895,1.0971978988145146
004,South America,25,target_only,PLSR,5,-0.8461709108762081,5.722059457803511,0.32787041855513865
004,South America,25,target_only,Ridge,5,-0.17536335472260767,1.9195464885095455,0.9773631639857507
004,South America,25,target_only,MLP,5,-0.07219530130297724,2.1124651108528067,0.8881065158373402
004,South America,25,pooled,PLSR,5,0.46272224378741034,1.501636830364736,1.2493660194600702
004,South America,25,pooled,Ridge,5,0.5256622636595729,1.3616659381638774,1.3777931700026396
004,South America,25,pooled,MLP,5,0.606490587543764,1.44935137360569,1.294436989948192
004,South America,25,target_only,PLSR,6,-2.1400641465582733,80.64219521258407,0.023264421615529954
004,South America,25,target_only,Ridge,6,-0.2361852200877257,5.5514993813004265,0.3379436618054627
004,South America,25,target_only,MLP,6,-0.7615198685022191,3.8392195410410497,0.4886654720763121
004,South America,25,pooled,PLSR,6,0.4662484280161142,1.4990266445973437,1.2515414827275255
004,South America,25,pooled,Ridge,6,0.5274666963703466,1.3581278354675235,1.3813825034972487
004,South America,25,pooled,MLP,6,0.5941514601942455,1.6257447284186364,1.1539905353113495
004,South America,25,target_only,PLSR,7,-0.6242600880918876,8.145972134566367,0.23030940917002002
004,South America,25,target_only,Ridge,7,0.1664542405932845,5.8710068623854665,0.31955234824323564
004,South America,25,target_only,MLP,7,-0.15759670486698218,2.205253721139233,0.8507384032247489
004,South America,25,pooled,PLSR,7,0.4605783042738326,1.5305656315155944,1.2257520950406313
004,South America,25,pooled,Ridge,7,0.5183080012868864,1.3819168650031177,1.3576026727361739
004,South America,25,pooled,MLP,7,0.5850931849375389,1.457169076703075,1.2874923434912526
004,South America,25,target_only,PLSR,8,-0.9346653633634492,103.4657743828074,0.018132508461070118
004,South America,25,target_only,Ridge,8,0.3355088380396595,1.728362783481805,1.085474674274122
004,South America,25,target_only,MLP,8,0.1688652892014233,1.5406509126164052,1.217728178436838
004,South America,25,pooled,PLSR,8,0.4556183775601378,1.5181202132645115,1.2358007047367752
004,South America,25,pooled,Ridge,8,0.5154161463709729,1.3678039496216825,1.371610331982395
004,South America,25,pooled,MLP,8,0.5523629303122607,1.164328310655665,1.6113101538954655
004,South America,25,target_only,PLSR,9,0.19020821175418823,9.368551863791023,0.20025443170981794
004,South America,25,target_only,Ridge,9,0.3214262766342296,1.8895015511596218,0.9929042017859332
004,South America,25,target_only,MLP,9,-0.14109942536264652,3.952922603852532,0.4746093504585643
004,South America,25,pooled,PLSR,9,0.45339111064826587,1.5163652867253485,1.2372309270406254
004,South America,25,pooled,Ridge,9,0.5137725152222576,1.3727653805457019,1.3666530756199882
004,South America,25,pooled,MLP,9,0.5611777524948198,1.5712979712138422,1.193977249253448
004,South America,25,target_only,PLSR,10,0.07947913818457342,6.879871577686288,0.27269317577267344
004,South America,25,target_only,Ridge,10,0.23406107286113076,2.0678447300211693,0.9072702617319921
004,South America,25,target_only,MLP,10,-0.2323476980824668,5.04334140487667,0.3719942551605437
004,South America,25,target_only,PLSR,11,-0.4129269289298034,5.1641429510438845,0.3632924276521415
004,South America,25,target_only,Ridge,11,0.15409055136966388,1.6461279662353048,1.1397012066553092
004,South America,25,target_only,MLP,11,0.03248692100897588,1.7806324250450987,1.0536110670791083
004,South America,25,target_only,PLSR,12,-0.9033386828740819,15.808425647028505,0.11867684178785219
004,South America,25,target_only,Ridge,12,0.24295782395987553,2.852106490108989,0.6577924197198313
004,South America,25,target_only,MLP,12,-0.12545023948817624,2.873745382881702,0.6528393366381466
004,South America,25,target_only,PLSR,13,-0.025991583155013487,2.248368332200667,0.8344246814716234
004,South America,25,target_only,Ridge,13,0.24423460572702838,1.528917394295548,1.2270735073243386
004,South America,25,target_only,MLP,13,0.062308258854089194,2.3633241397561555,0.7938369510417642
004,South America,25,target_only,PLSR,14,-0.8321501060762717,16.27521242853092,0.11527309014649662
004,South America,25,target_only,Ridge,14,0.13816748667973056,1.5195582426277574,1.2346312084643203
004,South America,25,target_only,MLP,14,-0.2560218104911405,1.8913326407155684,0.9919429237564599
004,South America,25,target_only,PLSR,15,-0.1866705168906837,3.3159627885538847,0.5657765629648712
004,South America,25,target_only,Ridge,15,-0.02455946863201297,1.2757469157284211,1.4705848051031516
004,South America,25,target_only,MLP,15,-1.722196358660642,3.7487405619102945,0.5004598206901256
004,South America,25,target_only,PLSR,16,-0.7524176151508,218.21983836021047,0.008597266149242588
004,South America,25,target_only,Ridge,16,0.2985289398432439,4.107784823097242,0.4567167245174407
004,South America,25,target_only,MLP,16,0.04856920541300114,3.820173712057312,0.4911017589346945
004,South America,25,target_only,PLSR,17,-2.5984507104948893,2558.297744948598,0.000733336857733548
004,South America,25,target_only,Ridge,17,0.4022294935422325,1.407089924493557,1.3333149479431279
004,South America,25,target_only,MLP,17,-0.37310405457291584,1.65188595251777,1.135728545041456
004,South America,25,target_only,PLSR,18,-2.3094615523000694,2.6604124648700638,0.705189159275367
004,South America,25,target_only,Ridge,18,0.05562672093750842,1.6788198451923146,1.11750765563086
004,South America,25,target_only,MLP,18,0.098042828366815,2.9858428459975572,0.6283297970428287
004,South America,25,target_only,PLSR,19,-5.086923078686618,77.03160928942307,0.02435485960547142
004,South America,25,target_only,Ridge,19,0.012689466722150322,1.8996254725756203,0.9876125881191263
004,South America,25,target_only,MLP,19,-0.16622428806585154,1.9424084206925352,0.9658597076914108
004,South America,25,target_only,PLSR,20,-2.1337695266282686,2104.193676810789,0.0008915975986920177
004,South America,25,target_only,Ridge,20,0.13696820500714812,6.556170052458079,0.28615701155036855
004,South America,25,target_only,MLP,20,0.2649119326486913,3.745164245019901,0.5009377177308435
004,South America,25,target_only,PLSR,21,-0.43905510593256736,9.606397605504233,0.1952963125690811
004,South America,25,target_only,Ridge,21,0.39074354948860757,1.390323949322743,1.3493934491607606
004,South America,25,target_only,MLP,21,-0.4441532847257934,6.6047066554478375,0.2840541037322144
004,South America,25,target_only,PLSR,22,-0.5492824690442162,12.924287665568865,0.14516034291200916
004,South America,25,target_only,Ridge,22,0.32616210806705437,1.2884360840938889,1.4561017442683755
004,South America,25,target_only,MLP,22,-0.008133981904007381,2.9657184299917114,0.6325934419312592
004,South America,25,target_only,PLSR,23,-1.4776902547407245,186.69975142186757,0.010048722695876528
004,South America,25,target_only,Ridge,23,0.17838288734356078,6.633326225298921,0.2828285487109272
004,South America,25,target_only,MLP,23,-0.1666155429758962,1.3919419579003214,1.3478248994357682
004,South America,25,target_only,PLSR,24,-1.184287861538262,6.673431159961214,0.2811288502807199
004,South America,25,target_only,Ridge,24,-0.03900687556110016,1.7781834349591528,1.0550621451889317
004,South America,25,target_only,MLP,24,-0.008533374435020002,1.9221423372536333,0.976043237311967
004,South America,25,target_only,PLSR,25,-0.09822911418115954,4.444460284545912,0.42211965217709363
004,South America,25,target_only,Ridge,25,0.1655760653568218,1.4915634689336321,1.257803686200969
004,South America,25,target_only,MLP,25,0.10348238914974528,2.1194805023723395,0.8851669205390238
004,South America,25,target_only,PLSR,26,-3.057485129636744,236.47615565516938,0.0079335441843158
004,South America,25,target_only,Ridge,26,-0.1835195631555615,2.143006500444439,0.8754495280524548
004,South America,25,target_only,MLP,26,0.14093208370037646,2.804571706342252,0.6689413664071531
004,South America,25,target_only,PLSR,27,-0.07737641373837945,9.375833718008582,0.20009890169275607
004,South America,25,target_only,Ridge,27,0.20236699539352931,1.6183723513121315,1.159247454954567
004,South America,25,target_only,MLP,27,0.15067031895315786,2.311977904261046,0.8114671104640439
004,South America,25,target_only,PLSR,28,-0.17375341256499754,2.050377893187096,0.9149991499914373
004,South America,25,target_only,Ridge,28,0.22884728857326953,1.4497586528002646,1.2940733451072557
004,South America,25,target_only,MLP,28,0.20118919579794825,1.649483832128429,1.137382490743537
004,South America,25,target_only,PLSR,29,-0.4550893542729173,6.217606852336032,0.30173892849506156
004,South America,25,target_only,Ridge,29,-0.3895871711835457,1.5705994171456215,1.1945082934240518
004,South America,25,target_only,MLP,29,-0.41198940079413826,1.6639021018607647,1.1275266900194219
004,South America,50,target_only,PLSR,0,0.04664638493017803,16.314425977947728,0.11499601836824357
004,South America,50,target_only,Ridge,0,0.4520167967954284,1.3681284102997657,1.3712850455436143
004,South America,50,target_only,MLP,0,0.23633226407839292,2.5098343751276375,0.7474971448392957
004,South America,50,pooled,PLSR,0,0.46541780428650215,1.5034141231867113,1.2478890549802504
004,South America,50,pooled,Ridge,0,0.5243060277385216,1.3527718904564987,1.3868517247163754
004,South America,50,pooled,MLP,0,0.5492212617404616,1.2807105855973016,1.4648852367784941
004,South America,50,target_only,PLSR,1,0.29403567804940367,1.49413454482135,1.2556392835772006
004,South America,50,target_only,Ridge,1,0.5399979014077163,1.1935732656420524,1.5718298016822871
004,South America,50,target_only,MLP,1,0.27451175904712266,1.8539448284378255,1.0119470658726477
004,South America,50,pooled,PLSR,1,0.4725824275745326,1.4782507783372334,1.2691310952920287
004,South America,50,pooled,Ridge,1,0.5296338445168403,1.3400484451384955,1.40001955618368
004,South America,50,pooled,MLP,1,0.5772423317891184,1.718297555706671,1.0918330315937976
004,South America,50,target_only,PLSR,2,0.08884037707578762,2.03458453913798,0.922101782127125
004,South America,50,target_only,Ridge,2,0.29825703379562174,2.039557536659451,0.9198534464981275
004,South America,50,target_only,MLP,2,0.26206400697147136,2.0791452427945787,0.9023390914748068
004,South America,50,pooled,PLSR,2,0.47173679369860155,1.4963283633453472,1.2537983475986756
004,South America,50,pooled,Ridge,2,0.527504468623769,1.350167022820937,1.3895273678864246
004,South America,50,pooled,MLP,2,0.6439435276823016,1.5774342488153366,1.1893326335702332
004,South America,50,target_only,PLSR,3,0.2708273787672443,1.7408257304663022,1.077703526891742
004,South America,50,target_only,Ridge,3,0.4895617996697693,1.076783314776523,1.7423134289713562
004,South America,50,target_only,MLP,3,0.34026520216547596,2.602874912479404,0.7207776372320281
004,South America,50,pooled,PLSR,3,0.4676078550618481,1.4949395864831547,1.2549631078008563
004,South America,50,pooled,Ridge,3,0.5235724829060104,1.3533805900799036,1.386227971037077
004,South America,50,pooled,MLP,3,0.6309304978831105,1.4151042022760159,1.3257638740737023
004,South America,50,target_only,PLSR,4,0.10547970338811552,100.97179365070122,0.018580377366747888
004,South America,50,target_only,Ridge,4,0.4205827393925746,1.2543414775882036,1.4956804530092584
004,South America,50,target_only,MLP,4,0.4039358254692147,2.1660475257860305,0.8661370570558542
004,South America,50,pooled,PLSR,4,0.4609993937827389,1.5281954638558972,1.2276531856034452
004,South America,50,pooled,Ridge,4,0.5212380187036132,1.3703328151359655,1.369079108888799
004,South America,50,pooled,MLP,4,0.5620172300260133,1.2106685861747903,1.5496346819034137
004,South America,50,target_only,PLSR,5,-0.2267537201784362,14.466337327612075,0.12968687145477406
004,South America,50,target_only,Ridge,5,0.38754510791897623,1.4529781460935844,1.2912059513568142
004,South America,50,target_only,MLP,5,0.0006106137071389961,1.3059525041597473,1.4365714093365975
004,South America,50,pooled,PLSR,5,0.4578507248804444,1.5011821315307274,1.24974444474263
004,South America,50,pooled,Ridge,5,0.5167545414427109,1.3563590925063864,1.3831838779217631
004,South America,50,pooled,MLP,5,0.5846900040266798,1.2043897129360306,1.5577134288650911
004,South America,50,target_only,PLSR,6,-0.02726334716654666,2.408492188823781,0.7789496009715698
004,South America,50,target_only,Ridge,6,0.42406142279279857,2.451845331349497,0.7651763369571212
004,South America,50,target_only,MLP,6,0.13849653575068277,1.965044781438306,0.9547334733278842
004,South America,50,pooled,PLSR,6,0.459957017671893,1.5000813575971057,1.250661519074295
004,South America,50,pooled,Ridge,6,0.5219110277357423,1.3631045875936323,1.376339017932149
004,South America,50,pooled,MLP,6,0.6167089082765753,1.3029175826857362,1.439917654315623
004,South America,50,target_only,PLSR,7,0.19782705468030803,2.8656724275804923,0.6546784661676863
004,South America,50,target_only,Ridge,7,0.404321159104454,1.0471930632259279,1.7915455089513583
004,South America,50,target_only,MLP,7,0.3145940913906059,2.487409149221038,0.7542362019593553
004,South America,50,pooled,PLSR,7,0.4739085135056512,1.5081847040219776,1.2439418225263263
004,South America,50,pooled,Ridge,7,0.5299440352860884,1.3612394616117118,1.3782248328344269
004,South America,50,pooled,MLP,7,0.6091672972604272,1.6410455558093675,1.1432309254218924
004,South America,50,target_only,PLSR,8,-0.39021530093777157,1.6089625586484864,1.166027151684206
004,South America,50,target_only,Ridge,8,0.22438192252105893,1.6634301315538438,1.1278466067432176
004,South America,50,target_only,MLP,8,0.1630295986036172,1.4604105522902735,1.284634671041826
004,South America,50,pooled,PLSR,8,0.47241890248001706,1.4709664347961955,1.2754159340742282
004,South America,50,pooled,Ridge,8,0.5338776675077905,1.3368888009405728,1.4033284055543696
004,South America,50,pooled,MLP,8,0.6354936488715284,1.7131179638502931,1.095134175822218
004,South America,50,target_only,PLSR,9,0.3758302537139403,3.780497964738846,0.4962557967034975
004,South America,50,target_only,Ridge,9,0.4322313364604736,2.0338380956882487,0.9224402047561011
004,South America,50,target_only,MLP,9,0.1491768029929288,8.840309333937443,0.21222040525496197
004,South America,50,pooled,PLSR,9,0.4744794651003702,1.4845662978036382,1.2637320624906005
004,South America,50,pooled,Ridge,9,0.5352071778682013,1.3592876861417629,1.3802037997950092
004,South America,50,pooled,MLP,9,0.6178477924183128,1.240457074889493,1.5124215641194678
004,South America,50,target_only,PLSR,10,0.37894208478722013,1.308123236304505,1.4341875271075069
004,South America,50,target_only,Ridge,10,0.42185976453022256,1.449977663247481,1.2938778830741315
004,South America,50,target_only,MLP,10,0.207965070449604,1.7471740520983905,1.0737877128922564
004,South America,50,target_only,PLSR,11,0.12597843699269218,5.524462196498352,0.339597586642294
004,South America,50,target_only,Ridge,11,0.5173980767093986,1.1835005024501437,1.5852076323951196
004,South America,50,target_only,MLP,11,0.269261254780931,4.5811477268774805,0.4095248922929138
004,South America,50,target_only,PLSR,12,-0.01137647229357408,28.981459283636493,0.06473428446326396
004,South America,50,target_only,Ridge,12,0.4287292271411972,1.516243817251351,1.237330044206487
004,South America,50,target_only,MLP,12,0.24017952801653697,1.3808690199208558,1.3586328626120925
004,South America,50,target_only,PLSR,13,0.3668967071178303,1.2296049114796639,1.525769791509535
004,South America,50,target_only,Ridge,13,0.516864140117681,1.1506024065726927,1.6305319880355205
004,South America,50,target_only,MLP,13,0.4257739450056235,1.2674454973721418,1.4802167298848168
004,South America,50,target_only,PLSR,14,0.24577453718575148,2.0284062175387847,0.924910411536714
004,South America,50,target_only,Ridge,14,0.4818174290441174,2.344722694303187,0.800134716990476
004,South America,50,target_only,MLP,14,0.29985683523572226,2.170665337672878,0.8642944616413073
004,South America,50,target_only,PLSR,15,0.2470984483168034,2.2493256732318625,0.8340695399309735
004,South America,50,target_only,Ridge,15,0.3321172689750085,1.597853535182616,1.17413391660645
004,South America,50,target_only,MLP,15,0.1792035257680884,2.6170014317602712,0.7168868945423204
004,South America,50,target_only,PLSR,16,0.35918273607774764,1.4588460283471456,1.2860123638633874
004,South America,50,target_only,Ridge,16,0.4496787275213615,1.7286588198603792,1.085288784503443
004,South America,50,target_only,MLP,16,0.398779467749388,1.155833790473493,1.623152087168931
004,South America,50,target_only,PLSR,17,0.31891532968361547,4.12204083980814,0.455137176543537
004,South America,50,target_only,Ridge,17,0.4811071023194917,2.7967144157112926,0.6708207383950131
004,South America,50,target_only,MLP,17,0.47020881289290284,1.8624595082981212,1.007320707413266
004,South America,50,target_only,PLSR,18,4.366234261021784e-05,15.323356471458755,0.12243362170173583
004,South America,50,target_only,Ridge,18,0.36257065833183366,1.5152313442053413,1.238156824436165
004,South America,50,target_only,MLP,18,0.3615798085305485,2.6753238352756767,0.7012586680872247
004,South America,50,target_only,PLSR,19,-0.0845516206932071,4.216940932033885,0.444894547887955
004,South America,50,target_only,Ridge,19,0.4286284265161824,1.1834147741044547,1.5853224672196229
004,South America,50,target_only,MLP,19,0.3240160828259989,1.5152843991597464,1.2381134726047178
004,South America,50,target_only,PLSR,20,0.12583251145656849,3.1217701492485923,0.6009712245723796
004,South America,50,target_only,Ridge,20,0.26020278598236557,1.334028847360387,1.406336926776068
004,South America,50,target_only,MLP,20,0.2848000337549881,1.8394810606924603,1.0199039661333527
004,South America,50,target_only,PLSR,21,0.4265408667372028,6.67594920999012,0.28102281344800756
004,South America,50,target_only,Ridge,21,0.5445618995204169,1.205665656783922,1.5560649163980114
004,South America,50,target_only,MLP,21,0.4176192710910558,2.547793085497845,0.7363604368448287
004,South America,50,target_only,PLSR,22,0.25617196326429303,2.9233817962444073,0.641754707454769
004,South America,50,target_only,Ridge,22,0.5007176198720467,1.1249694371234922,1.667684443254329
004,South America,50,target_only,MLP,22,0.36108448848084207,3.853573672810065,0.486845247741004
004,South America,50,target_only,PLSR,23,-0.13941572364306754,5.019947756529866,0.37372779965429614
004,South America,50,target_only,Ridge,23,0.3066725276138639,1.7636436315001258,1.0637602721541044
004,South America,50,target_only,MLP,23,0.3766436390481178,1.4771140735904893,1.2701077479189664
004,South America,50,target_only,PLSR,24,0.22999095363945976,5.604683861959063,0.33473681578387127
004,South America,50,target_only,Ridge,24,0.5585969308875284,1.3684903946455023,1.3709223219746571
004,South America,50,target_only,MLP,24,0.4147067817773201,1.7884128250742963,1.0490273851337921
004,South America,50,target_only,PLSR,25,-0.5266062712487927,3.1959186761183007,0.5870280878692737
004,South America,50,target_only,Ridge,25,0.36363089861997533,1.0866666819855078,1.7264668739079343
004,South America,50,target_only,MLP,25,0.19084315914204097,1.6875479605650576,1.111727828345238
004,South America,50,target_only,PLSR,26,0.13339380701525871,3.4962928361079904,0.5365952216736687
004,South America,50,target_only,Ridge,26,0.3420701003985551,1.6595308790676362,1.1304966078615306
004,South America,50,target_only,MLP,26,0.2773261943877945,3.5558513682822994,0.5276075502373145
004,South America,50,target_only,PLSR,27,0.28779057496387817,1.9665057148434042,0.9540241939123086
004,South America,50,target_only,Ridge,27,0.47250727211886767,1.5265592406826316,1.228969030110154
004,South America,50,target_only,MLP,27,0.22471076952850633,1.6820886306086318,1.1153360145764721
004,South America,50,target_only,PLSR,28,0.035492068874775184,8.516594020329729,0.22028689226574075
004,South America,50,target_only,Ridge,28,0.49464057796258365,1.075558490730716,1.7442975399253653
004,South America,50,target_only,MLP,28,0.39792342666030567,1.365651028970312,1.3737726473519256
004,South America,50,target_only,PLSR,29,0.03440807820730485,14.329044852682419,0.13092945473446677
004,South America,50,target_only,Ridge,29,0.5038699822859671,1.2127455807218492,1.5469807181739965
004,South America,50,target_only,MLP,29,0.24290151221742717,3.885073748377249,0.48289791930231696
004,South America,100,target_only,PLSR,0,0.3716778315545517,1.2413810900908215,1.5112958014288493
004,South America,100,target_only,Ridge,0,0.4730496630035397,1.054212363085351,1.779616797451212
004,South America,100,target_only,MLP,0,0.54295063601093,1.4775060054457714,1.2697708317343857
004,South America,100,pooled,PLSR,0,0.4781611037591992,1.4578137070241037,1.2869230275363348
004,South America,100,pooled,Ridge,0,0.5415634936421331,1.3166736036861917,1.424874034213998
004,South America,100,pooled,MLP,0,0.6336764438108677,1.6323948882881398,1.149289331207628
004,South America,100,target_only,PLSR,1,0.5400394834319048,1.3359666774510908,1.4042970240895922
004,South America,100,target_only,Ridge,1,0.5271501978266148,1.0853837596407094,1.7285075557501093
004,South America,100,target_only,MLP,1,0.4641093181960888,2.0381227260514976,0.9205010107816359
004,South America,100,pooled,PLSR,1,0.48402925649538053,1.481892668504549,1.2660120866382893
004,South America,100,pooled,Ridge,1,0.5424977054408037,1.338873872107577,1.401247771363399
004,South America,100,pooled,MLP,1,0.6791796045096268,1.1757213662020378,1.5956961261049634
004,South America,100,target_only,PLSR,2,0.4954591113597969,1.4613981875278794,1.2837664952910968
004,South America,100,target_only,Ridge,2,0.5664384028568341,1.1386679248244385,1.6476217416211894
004,South America,100,target_only,MLP,2,0.508178294953989,2.896672873423214,0.6476720400983031
004,South America,100,pooled,PLSR,2,0.48643968828522355,1.4676494874784884,1.278298425771041
004,South America,100,pooled,Ridge,2,0.5530573824795587,1.3188468875299324,1.4225260317679198
004,South America,100,pooled,MLP,2,0.6289005349418919,1.3981627405906116,1.3418280826414581
004,South America,100,target_only,PLSR,3,0.6320026545732563,0.941144889825867,1.9934167944901093
004,South America,100,target_only,Ridge,3,0.6193544946459519,1.0764256261216096,1.7428923874536915
004,South America,100,target_only,MLP,3,0.627742177180659,1.2287276688008517,1.5268591056131724
004,South America,100,pooled,PLSR,3,0.48144598194500554,1.4727900206434625,1.2738367337712952
004,South America,100,pooled,Ridge,3,0.5404222902903174,1.321296351046597,1.4198889052719894
004,South America,100,pooled,MLP,3,0.617228768273874,1.2531653741509237,1.4970841583446763
004,South America,100,target_only,PLSR,4,0.5497475879512334,1.0358064100860673,1.8112400262820716
004,South America,100,target_only,Ridge,4,0.572422476600056,0.9886705335733469,1.8975927426972763
004,South America,100,target_only,MLP,4,0.44789327343878094,4.361852330894009,0.4301140632706612
004,South America,100,pooled,PLSR,4,0.4829342013686906,1.4485342215746333,1.295167212127038
004,South America,100,pooled,Ridge,4,0.5468463869876292,1.3069383571519586,1.4354877712180363
004,South America,100,pooled,MLP,4,0.6110951068698645,1.2153590393436677,1.5436541537886426
004,South America,100,target_only,PLSR,5,0.42810374880659297,12.444972599171189,0.15075115790551208
004,South America,100,target_only,Ridge,5,0.5638552403513486,1.5508930306167186,1.2096862855082862
004,South America,100,target_only,MLP,5,0.5839228585304277,2.0401808195331155,0.9195724278286084
004,South America,100,pooled,PLSR,5,0.4848068457987089,1.528796781697442,1.227170315824695
004,South America,100,pooled,Ridge,5,0.537874276694905,1.3471850247922859,1.39260309081649
004,South America,100,pooled,MLP,5,0.6241430911534889,1.2940891228355567,1.4497409771257517
004,South America,100,target_only,PLSR,6,0.5687363883549807,1.1662742477653094,1.6086216711225498
004,South America,100,target_only,Ridge,6,0.5817842706531458,1.0364787340267014,1.8100651444519609
004,South America,100,target_only,MLP,6,0.46951429054055904,1.2707092581883488,1.476414858346256
004,South America,100,pooled,PLSR,6,0.48507723980134054,1.4792033483976967,1.268313806522714
004,South America,100,pooled,Ridge,6,0.542378604884378,1.3380290572075322,1.4021325017730457
004,South America,100,pooled,MLP,6,0.657076134722103,1.0202909338743396,1.8387833971074854
004,South America,100,target_only,PLSR,7,0.49722288824017624,2.1796445703045304,0.8607339265251431
004,South America,100,target_only,Ridge,7,0.5518788877042216,1.2813534659853172,1.4641502748695299
004,South America,100,target_only,MLP,7,0.47063158246227643,1.3416709621878298,1.3983264766855552
004,South America,100,pooled,PLSR,7,0.4808622540306857,1.5297932082849028,1.226371001823686
004,South America,100,pooled,Ridge,7,0.5399547803758019,1.3724152763583732,1.3670017098654985
004,South America,100,pooled,MLP,7,0.6694951015337461,1.1748971939524058,1.5968154823114047
004,South America,100,target_only,PLSR,8,0.540696251933424,1.1499105894435464,1.6315129599208997
004,South America,100,target_only,Ridge,8,0.6178605907622614,1.3243148463303984,1.4166525691575365
004,South America,100,target_only,MLP,8,0.4957306887162446,1.3207364041937877,1.4204908893782209
004,South America,100,pooled,PLSR,8,0.48756760298919655,1.4583374819310675,1.2864608176587384
004,South America,100,pooled,Ridge,8,0.5540738227074877,1.3221097911345003,1.419015305693753
004,South America,100,pooled,MLP,8,0.6793918506744059,1.0518255201759934,1.7836551723079654
004,South America,100,target_only,PLSR,9,0.4697740942345665,1.3086108929413502,1.4336530740704374
004,South America,100,target_only,Ridge,9,0.5743394059122711,1.2647753333175114,1.4833417287688746
004,South America,100,target_only,MLP,9,0.4707440634408574,1.499952459463906,1.2507689944373015
004,South America,100,pooled,PLSR,9,0.48637836296697423,1.4447441718825058,1.298564871165302
004,South America,100,pooled,Ridge,9,0.5444013632231106,1.3119838883694463,1.4299672778444446
004,South America,100,pooled,MLP,9,0.5970853109367418,1.2751493097767836,1.471274003007412
004,South America,100,target_only,PLSR,10,0.5831977946548933,1.1715710232659828,1.6013489512547423
004,South America,100,target_only,Ridge,10,0.5712215670598029,1.3575891712204093,1.3819306084630196
004,South America,100,target_only,MLP,10,0.5335597491530193,1.437937685138606,1.3047116358499122
004,South America,100,target_only,PLSR,11,0.5515524170152835,1.0493709624447487,1.7878272761203897
004,South America,100,target_only,Ridge,11,0.5881752269283216,1.0688918544311303,1.7551766548224783
004,South America,100,target_only,MLP,11,0.4792079057064321,2.154894171982363,0.8706200303570091
004,South America,100,target_only,PLSR,12,0.5897390294501799,3.284198464045245,0.5712486775590858
004,South America,100,target_only,Ridge,12,0.5949234412294346,1.10574471914022,1.6966791673996848
004,South America,100,target_only,MLP,12,0.6130398143523075,1.440882720853608,1.3020449216824468
004,South America,100,target_only,PLSR,13,0.39414665134393445,3.2957333673337454,0.569249335526554
004,South America,100,target_only,Ridge,13,0.5086995363655633,1.3734793047246123,1.3659426996634585
004,South America,100,target_only,MLP,13,0.39605669219758777,3.1636841030175753,0.59300927916222
004,South America,100,target_only,PLSR,14,0.5807137143771461,0.9293355741284844,2.018747674850171
004,South America,100,target_only,Ridge,14,0.5268146341525597,1.0019509499360073,1.8724409907962554
004,South America,100,target_only,MLP,14,0.4922641154473747,1.157432666660007,1.6209098666976927
004,South America,100,target_only,PLSR,15,0.3916176204840661,1.51484115417662,1.2384757466185707
004,South America,100,target_only,Ridge,15,0.4902686423909136,1.2393959799236398,1.5137164068766904
004,South America,100,target_only,MLP,15,0.30158109417258583,1.6810344685407108,1.1160354320729933
004,South America,100,target_only,PLSR,16,0.5379016239945558,1.179348236245079,1.590788854190102
004,South America,100,target_only,Ridge,16,0.5485021123642753,1.2738325377835085,1.4727948719946062
004,South America,100,target_only,MLP,16,0.5309018440174791,1.3576427758350238,1.3818760448775103
004,South America,100,target_only,PLSR,17,0.45479298721036066,2.166095476914921,0.8661178832705329
004,South America,100,target_only,Ridge,17,0.5439018310960526,1.244131127417914,1.5079552211840377
004,South America,100,target_only,MLP,17,0.5224386517967801,1.318499364579383,1.4229009735062885
004,South America,100,target_only,PLSR,18,0.5700469373169401,1.1014165801381444,1.7033464569710028
004,South America,100,target_only,Ridge,18,0.5883228508070706,1.115231187638207,1.682246739710127
004,South America,100,target_only,MLP,18,0.6356143493361746,1.2991747564826195,1.4440659503781896
004,South America,100,target_only,PLSR,19,0.5003861651326169,1.3204220540911062,1.4208290626581586
004,South America,100,target_only,Ridge,19,0.5652235669364437,1.222642288881486,1.5344586445997548
004,South America,100,target_only,MLP,19,0.4348819115804434,1.4037288714736644,1.3365074036397524
004,South America,100,target_only,PLSR,20,0.5621007876347883,1.198562057839847,1.565287351752722
004,South America,100,target_only,Ridge,20,0.5606422703736456,1.255291399804998,1.49454862012029
004,South America,100,target_only,MLP,20,0.5782614813582534,2.1147585956166277,0.887143352114093
004,South America,100,target_only,PLSR,21,0.5345526811528014,2.1955677573553185,0.8544915196273809
004,South America,100,target_only,Ridge,21,0.540778421379579,1.2112667757451443,1.5488693878136761
004,South America,100,target_only,MLP,21,0.47277836005723306,1.8414109364780364,1.0188350640600228
004,South America,100,target_only,PLSR,22,0.5163040535403006,1.1913608945680016,1.5747487079536178
004,South America,100,target_only,Ridge,22,0.5379763244431283,1.0416809316423472,1.8010256043273418
004,South America,100,target_only,MLP,22,0.5016646312643163,1.3446684904325168,1.3952093343274337
004,South America,100,target_only,PLSR,23,0.5537196558835088,1.323793820491936,1.4172101428379913
004,South America,100,target_only,Ridge,23,0.5994629375909208,0.9342432463141248,2.0081429936252593
004,South America,100,target_only,MLP,23,0.5615719741161701,1.3392464501915369,1.4008579445247817
004,South America,100,target_only,PLSR,24,0.5043908415358217,3.9034992688496244,0.4806185169288679
004,South America,100,target_only,Ridge,24,0.5880277388341248,0.9720264435384033,1.9300853818318011
004,South America,100,target_only,MLP,24,0.518450095276186,1.3789039820309972,1.3605690126908727
004,South America,100,target_only,PLSR,25,0.5859487579073658,0.9237953411330461,2.0308546123715834
004,South America,100,target_only,Ridge,25,0.5859530158624304,1.188708088624968,1.5782630297380993
004,South America,100,target_only,MLP,25,0.5422564805574159,1.4016306662553721,1.338508121001406
004,South America,100,target_only,PLSR,26,0.5478936489318029,1.093875255629325,1.715089558679228
004,South America,100,target_only,Ridge,26,0.6019839531666447,1.0257557016717398,1.8289871812263254
004,South America,100,target_only,MLP,26,0.5537120116771181,1.532127965751648,1.2245021769490594
004,South America,100,target_only,PLSR,27,0.6253655862289691,1.7926373852110025,1.0465552291305145
004,South America,100,target_only,Ridge,27,0.6149215862318118,0.9726247722516909,1.928898052929646
004,South America,100,target_only,MLP,27,0.5397621741292167,1.2776881414179184,1.4683505063648987
004,South America,100,target_only,PLSR,28,0.526664394469678,1.2892043645469402,1.4552340040259908
004,South America,100,target_only,Ridge,28,0.5418954948586776,1.455916502528365,1.2886000166694833
004,South America,100,target_only,MLP,28,0.4736959074562269,2.6648107503108944,0.7040252405198191
004,South America,100,target_only,PLSR,29,0.5246707863600479,1.6105051372643484,1.1649103042379707
004,South America,100,target_only,Ridge,29,0.5671188230123603,1.3296920412541695,1.4109237110706396
004,South America,100,target_only,MLP,29,0.544317368409249,2.3672377203152055,0.7925245586140874
006,Western Africa,10,target_only,PLSR,0,-0.9004075945950567,3.054064650889669,0.20970461486579264
006,Western Africa,10,target_only,Ridge,0,-0.3965641950306782,0.8697905721449579,0.736328343742168
006,Western Africa,10,target_only,MLP,0,-0.9328108629016139,1.1551774700337918,0.5544182326991841
006,Western Africa,10,pooled,PLSR,0,0.33586308729399394,0.4137692061467855,1.5478470651652314
006,Western Africa,10,pooled,Ridge,0,0.3472390515763518,0.4437670013507787,1.443215582593083
006,Western Africa,10,pooled,MLP,0,0.458006122596617,0.32818916197619374,1.951470449339539
006,Western Africa,10,target_only,PLSR,1,-2.6922274177023056,10.272488318775254,0.062346281788364974
006,Western Africa,10,target_only,Ridge,1,-1.4829540521457893,2.089005701470743,0.30658195472570815
006,Western Africa,10,target_only,MLP,1,-2.6470039273314376,3.5587510540829603,0.1799652298396255
006,Western Africa,10,pooled,PLSR,1,0.3330604390310108,0.4128764512236755,1.5511939455299315
006,Western Africa,10,pooled,Ridge,1,0.3449850979986183,0.4449248839977103,1.4394597255058126
006,Western Africa,10,pooled,MLP,1,0.4475047195767917,0.3644369037763066,1.7573726610935159
006,Western Africa,10,target_only,PLSR,2,-0.9489318957283317,0.7370868342557987,0.8688955244149528
006,Western Africa,10,target_only,Ridge,2,-0.25599649129250834,0.5452842596137047,1.1745276708404604
006,Western Africa,10,target_only,MLP,2,-1.2043376991216492,2.8696943883126482,0.223177580859622
006,Western Africa,10,pooled,PLSR,2,0.3324333472422124,0.4139285379794617,1.5472512586745768
006,Western Africa,10,pooled,Ridge,2,0.3447533735695619,0.4453111719299249,1.438211057257805
006,Western Africa,10,pooled,MLP,2,0.42297815859511423,0.3772090557557009,1.6978687060069877
006,Western Africa,10,target_only,PLSR,3,-0.5159859594330827,0.7429261338059032,0.8620661223870391
006,Western Africa,10,target_only,Ridge,3,-0.3653701088921366,0.6916307842883298,0.9260019448802551
006,Western Africa,10,target_only,MLP,3,-1.650280820360455,1.8754733865504618,0.3414878909948304
006,Western Africa,10,pooled,PLSR,3,0.3303663475937123,0.41394184503558157,1.547201518935583
006,Western Africa,10,pooled,Ridge,3,0.3421187752408663,0.44632407341590685,1.4349471371517197
006,Western Africa,10,pooled,MLP,3,0.4292596941685226,0.503535065711398,1.2719103295918726
006,Western Africa,10,target_only,PLSR,4,-1.9006763190867906,10.18714504989081,0.06286859058681157
006,Western Africa,10,target_only,Ridge,4,-0.023094921221635145,0.9874548491635131,0.6485880867693191
006,Western Africa,10,target_only,MLP,4,-4.5456025759301095,243.43647149198395,0.002630877154375526
006,Western Africa,10,pooled,PLSR,4,0.3334723489420982,0.4138461342031035,1.5475593426124281
006,Western Africa,10,pooled,Ridge,4,0.3468132682334526,0.44409205800438745,1.4421592096648623
006,Western Africa,10,pooled,MLP,4,0.5427253016725611,0.3611647253058628,1.7732945842029968
006,Western Africa,10,target_only,PLSR,5,-1.2910769037346768,4.498261899784847,0.14237753729294475
006,Western Africa,10,target_only,Ridge,5,-0.7740602404278991,2.0640689223642643,0.310285884570391
006,Western Africa,10,target_only,MLP,5,-0.9481355562696747,5.0404769855059905,0.1270616755580241
006,Western Africa,10,pooled,PLSR,5,0.33381471535430285,0.4132405407821733,1.5498272511642155
006,Western Africa,10,pooled,Ridge,5,0.3460443563278327,0.4438352712474996,1.4429935899188806
006,Western Africa,10,pooled,MLP,5,0.4801861838660795,0.35135523859298445,1.8228031947232721
006,Western Africa,10,target_only,PLSR,6,-2.4371914553634237,1.5488000863550164,0.41351460206675444
006,Western Africa,10,target_only,Ridge,6,-1.3675924508224413,0.7998861666786609,0.8006782440673696
006,Western Africa,10,target_only,MLP,6,-2.666674918952572,0.8774193696676483,0.7299262741745054
006,Western Africa,10,pooled,PLSR,6,0.3306207564468734,0.4139093865810471,1.547322849284172
006,Western Africa,10,pooled,Ridge,6,0.34259535811359565,0.44659627801458623,1.4340725234820069
006,Western Africa,10,pooled,MLP,6,0.4686038863983869,0.40161737111437873,1.5946806524154356
006,Western Africa,10,target_only,PLSR,7,-0.19932263501624292,1.1640373004091362,0.5501983924097136
006,Western Africa,10,target_only,Ridge,7,-0.0968420618634176,0.7243712786356644,0.8841480471124203
006,Western Africa,10,target_only,MLP,7,-0.8511598070177151,1.4089261610220336,0.4545670803113392
006,Western Africa,10,pooled,PLSR,7,0.33087933750533427,0.41408841005058133,1.5466538928530207
006,Western Africa,10,pooled,Ridge,7,0.34338188735432706,0.4462366648668759,1.435228213667994
006,Western Africa,10,pooled,MLP,7,0.5180292147376034,0.3428316060397263,1.8681225421084309
006,Western Africa,10,target_only,PLSR,8,-0.46793729454528465,2.056059844667704,0.31149455744249405
006,Western Africa,10,target_only,Ridge,8,-0.11912559059949124,1.3764461850657475,0.4652934915573599
006,Western Africa,10,target_only,MLP,8,-3.0927555264565916,12.156460576601816,0.05268403968032936
006,Western Africa,10,pooled,PLSR,8,0.3336471325067848,0.4137110063054126,1.5480648124629566
006,Western Africa,10,pooled,Ridge,8,0.3461217184671841,0.44458887368597977,1.4405476369217702
006,Western Africa,10,pooled,MLP,8,0.4904592997288644,0.41218071176955084,1.5538122796685456
006,Western Africa,10,target_only,PLSR,9,-2.0678523567060783,2.3524610249385702,0.27224742284806763
006,Western Africa,10,target_only,Ridge,9,-1.1981247335442955,1.1386573578644312,0.562461961859383
006,Western Africa,10,target_only,MLP,9,-3.6272906042780626,11.549105096844368,0.055454638781064
006,Western Africa,10,pooled,PLSR,9,0.3349292687185842,0.41476796473300975,1.5441198594069687
006,Western Africa,10,pooled,Ridge,9,0.34602633993013954,0.4449375980132197,1.4394185931911758
006,Western Africa,10,pooled,MLP,9,0.48241778627511633,0.36521841372248015,1.753612160083231
006,Western Africa,10,target_only,PLSR,10,-0.19196247710171588,0.6336249468694984,1.010773730665559
006,Western Africa,10,target_only,Ridge,10,-0.06587639155701508,0.6209346583852219,1.0314313152620314
006,Western Africa,10,target_only,MLP,10,-1.1790776091205601,2.3266997939029284,0.2752617475913051
006,Western Africa,10,target_only,PLSR,11,-2.3487143396591703,36.12905219020426,0.017726771464093273
006,Western Africa,10,target_only,Ridge,11,-0.7772039674065518,3.0463977689049306,0.2102323793456127
006,Western Africa,10,target_only,MLP,11,-0.8989171218989092,1.764639194880302,0.3629362043233389
006,Western Africa,10,target_only,PLSR,12,-1.1311352874550393,6.271307660112564,0.10212406823277333
006,Western Africa,10,target_only,Ridge,12,-0.47234291401330797,1.8393905414135374,0.34818677000365267
006,Western Africa,10,target_only,MLP,12,-2.6025101268918456,89.1372180859097,0.007185006051824367
006,Western Africa,10,target_only,PLSR,13,-0.7871502691507892,1.9326335748893952,0.3313879359809335
006,Western Africa,10,target_only,Ridge,13,-0.07165246431801386,0.6393407057618548,1.0017373297495131
006,Western Africa,10,target_only,MLP,13,-0.7580437496090144,0.6815107882688124,0.9397524770179169
006,Western Africa,10,target_only,PLSR,14,-1.298822024144644,3.76160435819612,0.17026018432655649
006,Western Africa,10,target_only,Ridge,14,-0.2004492565758187,0.77736731242499,0.8238723717262658
006,Western Africa,10,target_only,MLP,14,-1.1026855951030825,0.618994636986312,1.0346639746479938
006,Western Africa,10,target_only,PLSR,15,-5.863567795745587,63.99724887091779,0.01000748411360366
006,Western Africa,10,target_only,Ridge,15,-4.0461901025771,3.4863735067294517,0.1837013303806492
006,Western Africa,10,target_only,MLP,15,-8.49939963339851,5.7498471121592285,0.11138582277008442
006,Western Africa,10,target_only,PLSR,16,-2.0800139102097557,1748.0923872948817,0.0003663716266055755
006,Western Africa,10,target_only,Ridge,16,-0.47229807817511293,16.0129874209623,0.0399957506087619
006,Western Africa,10,target_only,MLP,16,-1.8881386214745008,84.41132963734336,0.007587268843431598
006,Western Africa,10,target_only,PLSR,17,-0.9619601389151908,3.6495804348948564,0.17548632310346676
006,Western Africa,10,target_only,Ridge,17,-0.40673934989126903,1.215898075043278,0.5267311993789066
006,Western Africa,10,target_only,MLP,17,-8.862461070259387,7.605702046335305,0.08420675007886243
006,Western Africa,10,target_only,PLSR,18,-0.3987246157150577,0.7247791521985627,0.8836504878034758
006,Western Africa,10,target_only,Ridge,18,-0.1750647590946297,0.6630448398241349,0.9659247956140071
006,Western Africa,10,target_only,MLP,18,-0.4622914650334884,3.7851580961146696,0.16920071371588158
006,Western Africa,10,target_only,PLSR,19,-1.9916429950576617,1.684404513737486,0.3802242550211212
006,Western Africa,10,target_only,Ridge,19,-0.5312989415840397,0.6769650402037112,0.9460628147021093
006,Western Africa,10,target_only,MLP,19,-1.6992956308289782,0.5920012894937361,1.0818413114230658
006,Western Africa,10,target_only,PLSR,20,-2.0097657978893744,7.5986466440282525,0.08428493669900783
006,Western Africa,10,target_only,Ridge,20,-0.875319595901068,1.0376063535250897,0.6172393309025389
006,Western Africa,10,target_only,MLP,20,-1.9447409016657207,1.5054007326973629,0.4254358573630389
006,Western Africa,10,target_only,PLSR,21,-0.8180384938563294,0.887877418804702,0.7213286854983342
006,Western Africa,10,target_only,Ridge,21,-0.41895128345211674,0.4444317411924291,1.441056954374346
006,Western Africa,10,target_only,MLP,21,-1.3698464369289511,1.4250219196851521,0.449432701731039
006,Western Africa,10,target_only,PLSR,22,-4.611097569822371,0.7739884133912169,0.8274690425712221
006,Western Africa,10,target_only,Ridge,22,-3.175605173132391,0.7455881653667196,0.8589882204944089
006,Western Africa,10,target_only,MLP,22,-3.214232954377846,1.6054769306874987,0.39891663290097534
006,Western Africa,10,target_only,PLSR,23,-0.7620419991225782,1.6038912525115006,0.39931101961381715
006,Western Africa,10,target_only,Ridge,23,-0.01888847387532877,0.7817442085171101,0.8192596048839573
006,Western Africa,10,target_only,MLP,23,-0.5380370026004251,3.812790454966857,0.16797446881869532
006,Western Africa,10,target_only,PLSR,24,-0.4675116673484352,1.170548962635588,0.5471376865330093
006,Western Africa,10,target_only,Ridge,24,-0.34603381743404515,0.7374233447605617,0.8684990188342918
006,Western Africa,10,target_only,MLP,24,-1.3594191766432084,2.437274202363273,0.2627736554094093
006,Western Africa,10,target_only,PLSR,25,-1.3191412149949877,12.759500806733191,0.050194083694252614
006,Western Africa,10,target_only,Ridge,25,-0.612472273325007,2.3126398483563873,0.27693523133107983
006,Western Africa,10,target_only,MLP,25,-1.576751530518532,2.7433214562981476,0.23345840492724396
006,Western Africa,10,target_only,PLSR,26,-3.8573947150569623,665.1741136632734,0.0009628327955562339
006,Western Africa,10,target_only,Ridge,26,-1.8504771637546753,0.7728686628307107,0.8286678994647428
006,Western Africa,10,target_only,MLP,26,-6.09678133944629,0.9397764679221152,0.6814933904507252
006,Western Africa,10,target_only,PLSR,27,-2.0874689251424354,3307.040017129621,0.00019366304854875506
006,Western Africa,10,target_only,Ridge,27,-1.2460482145911569,282.6913180535888,0.002265550480289746
006,Western Africa,10,target_only,MLP,27,-1.6393353869437526,1.5211347292616204,0.4210353225587936
006,Western Africa,10,target_only,PLSR,28,-0.3587885706081744,1.9202676078031657,0.33352197828444446
006,Western Africa,10,target_only,Ridge,28,0.09826800940174063,0.6170667945310422,1.0378964758211942
006,Western Africa,10,target_only,MLP,28,-1.640412971862098,1.2989786116102615,0.49304233777654155
006,Western Africa,10,target_only,PLSR,29,0.09737432786593148,0.7269084320921367,0.8810620748293526
006,Western Africa,10,target_only,Ridge,29,0.24528435106443658,0.5213225720547752,1.2285127974906822
006,Western Africa,10,target_only,MLP,29,-1.6129088071851747,8.34343674001431,0.07676110832344503
006,Western Africa,25,target_only,PLSR,0,-0.38955476665649313,8.312311479522126,0.07704853854043364
006,Western Africa,25,target_only,Ridge,0,0.41193510941994305,0.46064020450441706,1.39035074474032
006,Western Africa,25,target_only,MLP,0,-0.3483759601430645,1.148490911838138,0.5576460769419752
006,Western Africa,25,pooled,PLSR,0,0.3347074492994,0.41293069058476267,1.5509901927684
006,Western Africa,25,pooled,Ridge,0,0.34892061581806244,0.44412513416820415,1.4420518050381055
006,Western Africa,25,pooled,MLP,0,0.4942606930014619,0.3191470057631166,2.0067600191286696
006,Western Africa,25,target_only,PLSR,1,-0.46614553087820054,1.1053404525295918,0.5794155546595302
006,Western Africa,25,target_only,Ridge,1,0.041799513561878276,0.5220226248383819,1.2268653137176444
006,Western Africa,25,target_only,MLP,1,-1.0063154961059393,0.8069499158317894,0.7936693948717793
006,Western Africa,25,pooled,PLSR,1,0.33652428385000355,0.41155221062610237,1.5561851810143805
006,Western Africa,25,pooled,Ridge,1,0.3502283677981163,0.43947244465951596,1.4573187902286873
006,Western Africa,25,pooled,MLP,1,0.505768797477878,0.41264863487854475,1.5520503335205609
006,Western Africa,25,target_only,PLSR,2,-1.319978347966098,19.495230201990136,0.03285169986475308
006,Western Africa,25,target_only,Ridge,2,0.1278403418727757,3.1043256502848835,0.20630936426765517
006,Western Africa,25,target_only,MLP,2,0.04566559494014777,0.7571124308436669,0.8459132690192136
006,Western Africa,25,pooled,PLSR,2,0.33997613795307013,0.4121960756440971,1.5537543640833573
006,Western Africa,25,pooled,Ridge,2,0.35293746107228174,0.44192647836902854,1.4492262463061643
006,Western Africa,25,pooled,MLP,2,0.49888709192232716,0.43044905438119563,1.4878681806160519
006,Western Africa,25,target_only,PLSR,3,-1.6893053534620979,13.209731126100529,0.04848330713746395
006,Western Africa,25,target_only,Ridge,3,0.2435595740767198,0.6957981916721627,0.9204557572230789
006,Western Africa,25,target_only,MLP,3,-1.1571151857881592,1.4697235822243995,0.43576320005748165
006,Western Africa,25,pooled,PLSR,3,0.3384549101484955,0.41195230127371163,1.5546738042483157
006,Western Africa,25,pooled,Ridge,3,0.3519412951351719,0.44200730913562014,1.4489612233845237
006,Western Africa,25,pooled,MLP,3,0.5076284200416941,0.3719977185123787,1.7216542454916637
006,Western Africa,25,target_only,PLSR,4,-0.8336756462944253,4.111415550216461,0.15577395268554903
006,Western Africa,25,target_only,Ridge,4,-0.06904726261163918,0.6358620141132871,1.007217662283479
006,Western Africa,25,target_only,MLP,4,-1.1036236713788212,0.5933139891195256,1.0794477513339533
006,Western Africa,25,pooled,PLSR,4,0.3369677043542061,0.4120664110029689,1.5542432828514021
006,Western Africa,25,pooled,Ridge,4,0.35073803638908807,0.4411731330188843,1.4517009388299156
006,Western Africa,25,pooled,MLP,4,0.5379477103574501,0.3645526570868117,1.756814657470834
006,Western Africa,25,target_only,PLSR,5,-0.16930503259776608,20.538264820862956,0.031183328142671194
006,Western Africa,25,target_only,Ridge,5,0.2431314739628163,0.8474804735891367,0.755712339515853
006,Western Africa,25,target_only,MLP,5,-0.11536184384448345,0.672367669420551,0.9525315991799442
006,Western Africa,25,pooled,PLSR,5,0.33843120266064597,0.41138632051433777,1.556812707309572
006,Western Africa,25,pooled,Ridge,5,0.3544873404043708,0.4394925508204055,1.4572521199608774
006,Western Africa,25,pooled,MLP,5,0.3906609056099132,0.42416238596984546,1.5099204280588439
006,Western Africa,25,target_only,PLSR,6,-2.89896708766223,1273.9339808038224,0.0005027351974597143
006,Western Africa,25,target_only,Ridge,6,0.30978078040019685,0.547915140087112,1.1688880349030426
006,Western Africa,25,target_only,MLP,6,-0.5004767905374379,2.7112291832995976,0.2362218049787339
006,Western Africa,25,pooled,PLSR,6,0.33775590122351773,0.41288870301052605,1.5511479164246402
006,Western Africa,25,pooled,Ridge,6,0.3500412452046525,0.4410940246703372,1.451961295256056
006,Western Africa,25,pooled,MLP,6,0.5061276356755786,0.3943870908990178,1.6239158587318878
006,Western Africa,25,target_only,PLSR,7,-0.5010553562922271,1.833226848999647,0.34935744680999536
006,Western Africa,25,target_only,Ridge,7,-0.05906637847258822,0.5240541230304541,1.2221093647474868
006,Western Africa,25,target_only,MLP,7,-0.6384710190554688,1.5882199611640826,0.40325110315364127
006,Western Africa,25,pooled,PLSR,7,0.3395237236354529,0.409940382433175,1.5623038832834444
006,Western Africa,25,pooled,Ridge,7,0.3536863491592773,0.4399715238246657,1.4556656890487252
006,Western Africa,25,pooled,MLP,7,0.46820146892259673,0.3573852647791852,1.7920477269418487
006,Western Africa,25,target_only,PLSR,8,-0.6857024413669082,3.843619903975368,0.16662715549153165
006,Western Africa,25,target_only,Ridge,8,0.2696712265877266,0.48572297953734256,1.3185529167265009
006,Western Africa,25,target_only,MLP,8,-0.6346787844444515,1.1603881714158624,0.5519286279940225
006,Western Africa,25,pooled,PLSR,8,0.33699415113260656,0.4112383699989328,1.5573727991182136
006,Western Africa,25,pooled,Ridge,8,0.3492237481257302,0.44312641874027825,1.4453018919763976
006,Western Africa,25,pooled,MLP,8,0.47823251519440046,0.3670403793390691,1.7449073383787168
006,Western Africa,25,target_only,PLSR,9,-1.2705982246358132,4.174736235833456,0.15341123731190362
006,Western Africa,25,target_only,Ridge,9,0.208676500179392,0.5945225441421224,1.077253432524079
006,Western Africa,25,target_only,MLP,9,-0.4787036623503844,0.6128017877169325,1.0451200767153914
006,Western Africa,25,pooled,PLSR,9,0.3393107436040125,0.40965264361701736,1.5634012409518467
006,Western Africa,25,pooled,Ridge,9,0.356914840321912,0.440850037381163,1.4527648794011767
006,Western Africa,25,pooled,MLP,9,0.5435661032581969,0.35824613630967006,1.7877414059155117
006,Western Africa,25,target_only,PLSR,10,-0.9249547402357712,13.027360482110446,0.049162027278629186
006,Western Africa,25,target_only,Ridge,10,0.2847875623611703,0.42905097975509143,1.4927164407260616
006,Western Africa,25,target_only,MLP,10,-0.14050398097668504,0.7748889040190702,0.8265074490914222
006,Western Africa,25,target_only,PLSR,11,-1.0353590603753529,0.9202692279521909,0.6959392229328369
006,Western Africa,25,target_only,Ridge,11,0.27225874355022117,0.578925127827723,1.1062768233833438
006,Western Africa,25,target_only,MLP,11,-0.5582263370711777,0.8993872711995107,0.7120975267260353
006,Western Africa,25,target_only,PLSR,12,-0.9508952771120429,8.602348326716582,0.07445076937898219
006,Western Africa,25,target_only,Ridge,12,0.017248466445680566,0.8132107835104326,0.7875589753315577
006,Western Africa,25,target_only,MLP,12,-0.6393058255723085,0.9733698078034998,0.6579734097519301
006,Western Africa,25,target_only,PLSR,13,-0.2338071659367451,2.4284833194755495,0.2637248715088396
006,Western Africa,25,target_only,Ridge,13,0.11977639129529238,0.5010933033516252,1.2781081828599783
006,Western Africa,25,target_only,MLP,13,-0.687711341957647,1.4079798204597413,0.45487260689640124
006,Western Africa,25,target_only,PLSR,14,-0.5795262559598051,1.1691913310803814,0.5477730071760332
006,Western Africa,25,target_only,Ridge,14,0.24630349651656802,0.43955130396203584,1.4570573346436153
006,Western Africa,25,target_only,MLP,14,-0.6016673112339663,0.6097551211061976,1.0503420622825828
006,Western Africa,25,target_only,PLSR,15,-0.0965942285971142,1.7757415976341928,0.36066703187182086
006,Western Africa,25,target_only,Ridge,15,0.38065996922652523,0.42299851369354885,1.5140749450813427
006,Western Africa,25,target_only,MLP,15,-0.128526851462611,0.5622451030704547,1.1390965397341928
006,Western Africa,25,target_only,PLSR,16,-0.23992030490991922,2.494055836311943,0.25679114399343594
006,Western Africa,25,target_only,Ridge,16,0.08535204090235016,1.220312056176386,0.5248259641036256
006,Western Africa,25,target_only,MLP,16,-1.0474427926276784,2.3196157882362813,0.2761023849889453
006,Western Africa,25,target_only,PLSR,17,-2.023428951786159,308.66155237902234,0.00207493109023052
006,Western Africa,25,target_only,Ridge,17,0.0928927255919394,0.5681043260065481,1.1273483092305612
006,Western Africa,25,target_only,MLP,17,-0.9384314463979253,8.937954092144322,0.07165526302635077
006,Western Africa,25,target_only,PLSR,18,-0.33532812633067954,0.9678498259962959,0.6617260593406364
006,Western Africa,25,target_only,Ridge,18,0.18735088313710302,0.48287690618914614,1.3263244590520558
006,Western Africa,25,target_only,MLP,18,-0.19343535362191533,0.603731955547166,1.0608208585043415
006,Western Africa,25,target_only,PLSR,19,-0.3280412747473822,3.1852892359115677,0.20106539907568702
006,Western Africa,25,target_only,Ridge,19,0.2974270179065224,0.48918875656960953,1.3092113070651001
006,Western Africa,25,target_only,MLP,19,-0.1651476168413546,0.7976078045767161,0.802965376862043
006,Western Africa,25,target_only,PLSR,20,-0.31082336753123263,2.4527480005278104,0.2611158795164566
006,Western Africa,25,target_only,Ridge,20,0.2867486976328517,0.7101069983814653,0.9019083783849752
006,Western Africa,25,target_only,MLP,20,-0.20942174675940395,1.0091225165539306,0.63466173916834
006,Western Africa,25,target_only,PLSR,21,-0.39136127850250757,32.96997186478843,0.01942529566044443
006,Western Africa,25,target_only,Ridge,21,0.3428610617083474,0.5249045332140625,1.2201293966132802
006,Western Africa,25,target_only,MLP,21,-0.5287029946911306,3.467924711980431,0.18467859154425137
006,Western Africa,25,target_only,PLSR,22,-0.5098487958815625,7.629265907937066,0.08394666788632434
006,Western Africa,25,target_only,Ridge,22,0.20147065123967367,0.508126461671316,1.2604174348320567
006,Western Africa,25,target_only,MLP,22,-0.2447114012603493,0.8702821533204153,0.7359124267302446
006,Western Africa,25,target_only,PLSR,23,-3.485164843806402,56338.41078387297,1.1367936057816182e-05
006,Western Africa,25,target_only,Ridge,23,0.22168382775043205,0.7669938992929874,0.835015052897312
006,Western Africa,25,target_only,MLP,23,-0.3309909687387873,1.2183757482178075,0.5256600456196514
006,Western Africa,25,target_only,PLSR,24,-3.608401436700853,302.96436512596506,0.0021139497746666203
006,Western Africa,25,target_only,Ridge,24,-0.5073264312457655,1.3365436424176287,0.47918483995895456
006,Western Africa,25,target_only,MLP,24,-0.5863811316808916,0.909574017565537,0.7041224122740549
006,Western Africa,25,target_only,PLSR,25,-0.2652452388517379,7.0449120583661635,0.09090978653587073
006,Western Africa,25,target_only,Ridge,25,0.2910774343237532,0.5502491905313621,1.1639298383548393
006,Western Africa,25,target_only,MLP,25,-0.35883501698414544,1.4055215951871076,0.455668168730478
006,Western Africa,25,target_only,PLSR,26,-0.24406131109325102,1.6796877609069683,0.381291967647743
006,Western Africa,25,target_only,Ridge,26,0.2350553948353853,0.608914012437896,1.0517929269288577
006,Western Africa,25,target_only,MLP,26,-0.7635573063060437,0.8842595637985428,0.724279925951653
006,Western Africa,25,target_only,PLSR,27,-4.32856740813828,4.534622370531347,0.14123589552948912
006,Western Africa,25,target_only,Ridge,27,-0.037120316357352356,0.5258990735271167,1.217821980736055
006,Western Africa,25,target_only,MLP,27,-1.5946468798347557,0.49501952488939865,1.2937902833896189
006,Western Africa,25,target_only,PLSR,28,-1.414403043511859,8.627975701515997,0.07422963085970649
006,Western Africa,25,target_only,Ridge,28,-0.061691912204911326,0.827430463537871,0.774024500683297
006,Western Africa,25,target_only,MLP,28,-0.06856488362891966,0.5685787575723775,1.1264076310633588
006,Western Africa,25,target_only,PLSR,29,-2.119010513267074,1579.00823100949,0.0004056036180258521
006,Western Africa,25,target_only,Ridge,29,-0.19671573599432612,3.846962060153769,0.1664823934771142
006,Western Africa,25,target_only,MLP,29,-0.2008429590807912,0.573942014447795,1.1158818055971125
006,Western Africa,50,target_only,PLSR,0,0.09393642261333557,0.7213742525991328,0.8878213341860817
006,Western Africa,50,target_only,Ridge,0,0.42492735296610007,0.4290750533092711,1.492632690832346
006,Western Africa,50,target_only,MLP,0,-0.04838255169691075,0.6756072290932443,0.9479641777214572
006,Western Africa,50,pooled,PLSR,0,0.34714290204612863,0.40560171529314687,1.5790156383514455
006,Western Africa,50,pooled,Ridge,0,0.36379834620112894,0.4307990139010409,1.486659511103635
006,Western Africa,50,pooled,MLP,0,0.5076255539099175,0.3523773988551657,1.8175156904807284
006,Western Africa,50,target_only,PLSR,1,-0.09250165001564503,52.877600137790445,0.012111961392369112
006,Western Africa,50,target_only,Ridge,1,0.3756004322145232,0.5992484588271927,1.068757778106758
006,Western Africa,50,target_only,MLP,1,-0.13391823662361313,0.9343185169439215,0.6854744284474991
006,Western Africa,50,pooled,PLSR,1,0.3456628924759735,0.4064841348948292,1.5755878185891692
006,Western Africa,50,pooled,Ridge,1,0.36124689549432154,0.4352590971664088,1.471425768144695
006,Western Africa,50,pooled,MLP,1,0.5959308527129292,0.37218119868920774,1.720805493790842
006,Western Africa,50,target_only,PLSR,2,0.16470936856459872,0.7473584173983518,0.8569535533158791
006,Western Africa,50,target_only,Ridge,2,0.3658614069356301,0.39578863348650645,1.618165346862808
006,Western Africa,50,target_only,MLP,2,0.19837847926560725,0.4477473453931802,1.4303858146331392
006,Western Africa,50,pooled,PLSR,2,0.3433189567185423,0.4094302398204123,1.5642504854330488
006,Western Africa,50,pooled,Ridge,2,0.3551784051455369,0.4395334139820496,1.4571166400928175
006,Western Africa,50,pooled,MLP,2,0.5437048224125274,0.34388782906473386,1.862384758227341
006,Western Africa,50,target_only,PLSR,3,0.31770518310705,0.6788421519964729,0.9434467931999856
006,Western Africa,50,target_only,Ridge,3,0.4471882031364627,0.40064535684463126,1.5985495412552957
006,Western Africa,50,target_only,MLP,3,-0.022894082631933932,0.6467399532022755,0.9902766146097995
006,Western Africa,50,pooled,PLSR,3,0.3413328325574567,0.4070021077415033,1.5735826405027256
006,Western Africa,50,pooled,Ridge,3,0.35737536358933275,0.4352932309575258,1.471310385372251
006,Western Africa,50,pooled,MLP,3,0.5915298392318287,0.3064245439712102,2.090078826878249
006,Western Africa,50,target_only,PLSR,4,0.2502482127364115,3.858883997582382,0.16596804977586704
006,Western Africa,50,target_only,Ridge,4,0.37985334937771875,2.595499657977879,0.2467545890139
006,Western Africa,50,target_only,MLP,4,0.20336615279535075,0.6460268149918242,0.9913697644240275
006,Western Africa,50,pooled,PLSR,4,0.34345058246465887,0.4082128980649073,1.5689152754017477
006,Western Africa,50,pooled,Ridge,4,0.35909173712778,0.4357746463790406,1.4696849775720529
006,Western Africa,50,pooled,MLP,4,0.4777792877658229,0.43339382540918303,1.4777585970113345
006,Western Africa,50,target_only,PLSR,5,-0.17720561018843894,8.05077587623285,0.07955151916236576
006,Western Africa,50,target_only,Ridge,5,0.2984178845401194,0.9293103710309921,0.6891685182416745
006,Western Africa,50,target_only,MLP,5,0.2088544605104221,0.5306164476409806,1.2069950983188975
006,Western Africa,50,pooled,PLSR,5,0.34414985416331556,0.40892611574947585,1.5661788932610388
006,Western Africa,50,pooled,Ridge,5,0.3591440004407105,0.43652778034502104,1.4671493550395627
006,Western Africa,50,pooled,MLP,5,0.5665464330932336,0.38887315636175784,1.6469417878621981
006,Western Africa,50,target_only,PLSR,6,-1.1106414924141688,4.517635446547353,0.1417669617143457
006,Western Africa,50,target_only,Ridge,6,0.1582780696748951,0.5922449056364714,1.0813963029395277
006,Western Africa,50,target_only,MLP,6,-0.2516339745940588,0.8651024238057452,0.7403186417772192
006,Western Africa,50,pooled,PLSR,6,0.349806782484294,0.4088891613456451,1.5663204406845563
006,Western Africa,50,pooled,Ridge,6,0.36699902593930356,0.43419181775292187,1.4750426544299835
006,Western Africa,50,pooled,MLP,6,0.5445987156646781,0.3727628124987268,1.7181205579412167
006,Western Africa,50,target_only,PLSR,7,0.15895037403121226,3.6764473705224012,0.17420389491365007
006,Western Africa,50,target_only,Ridge,7,0.38704181942298266,0.5224542181419327,1.2258518146676367
006,Western Africa,50,target_only,MLP,7,-0.14428968730224212,0.7289072146319094,0.87864605883133
006,Western Africa,50,pooled,PLSR,7,0.33940698501380817,0.4097799666837924,1.5629154752805554
006,Western Africa,50,pooled,Ridge,7,0.35305611825755134,0.44217038612690346,1.4484268315658733
006,Western Africa,50,pooled,MLP,7,0.48524576415939036,0.36273805526588565,1.7656031455552714
006,Western Africa,50,target_only,PLSR,8,0.2396663499953856,2.362697970853383,0.2710678467120048
006,Western Africa,50,target_only,Ridge,8,0.4847230654120154,0.47023874111691677,1.3619708360668912
006,Western Africa,50,target_only,MLP,8,0.14163502069050715,0.9290077370807809,0.6893930220673283
006,Western Africa,50,pooled,PLSR,8,0.3511505492738165,0.4099089943806672,1.5624235139258402
006,Western Africa,50,pooled,Ridge,8,0.3629122341457408,0.43488906743944006,1.4726777455246902
006,Western Africa,50,pooled,MLP,8,0.5736846390367247,0.35505864090109435,1.8037906351600512
006,Western Africa,50,target_only,PLSR,9,0.28899457073030443,0.8346614741059784,0.7673188127870034
006,Western Africa,50,target_only,Ridge,9,0.46202417051603784,0.4423473533383838,1.4478473682651865
006,Western Africa,50,target_only,MLP,9,0.21524975262676016,0.46331846652711295,1.3823136733371946
006,Western Africa,50,pooled,PLSR,9,0.3466180193576951,0.40690814205196374,1.5739460217246315
006,Western Africa,50,pooled,Ridge,9,0.3623717526496001,0.43362868891057793,1.476958208182859
006,Western Africa,50,pooled,MLP,9,0.616558115573145,0.36328695715643555,1.7629354392546048
006,Western Africa,50,target_only,PLSR,10,0.28741816643883134,1.0799090575429715,0.5930605423823523
006,Western Africa,50,target_only,Ridge,10,0.49671294725257686,0.4347547839322085,1.4731326142000898
006,Western Africa,50,target_only,MLP,10,0.25855588841457444,0.8196389490151951,0.7813824027757085
006,Western Africa,50,target_only,PLSR,11,0.13060585774455558,0.5068568020943574,1.263574738947317
006,Western Africa,50,target_only,Ridge,11,0.4715117581603512,0.4413718215427182,1.4510474392123454
006,Western Africa,50,target_only,MLP,11,-0.6192351471071991,0.49275326315377216,1.2997406598405126
006,Western Africa,50,target_only,PLSR,12,-0.01055100421750188,6.817991793877738,0.09393549754124775
006,Western Africa,50,target_only,Ridge,12,0.39873222988791324,0.5150636690300672,1.2434413256056365
006,Western Africa,50,target_only,MLP,12,-0.21943181009142831,0.6463692117503159,0.9908446128734357
006,Western Africa,50,target_only,PLSR,13,0.21517715386402592,6.772267692107052,0.09456971881611878
006,Western Africa,50,target_only,Ridge,13,0.4523433469517759,0.5488813138523955,1.1668304881704883
006,Western Africa,50,target_only,MLP,13,0.06077720079981275,0.6767089861358987,0.9464207872384189
006,Western Africa,50,target_only,PLSR,14,-0.04174322942485498,3.672972678966559,0.17436869461556934
006,Western Africa,50,target_only,Ridge,14,0.30882519915527484,0.5329131533026384,1.201793289246026
006,Western Africa,50,target_only,MLP,14,-0.017219133818957122,0.7022840770846581,0.9119549656439743
006,Western Africa,50,target_only,PLSR,15,0.16072552434949838,4.06849303412703,0.15741736461580796
006,Western Africa,50,target_only,Ridge,15,0.3454350274749346,0.4872873445478917,1.314319894731238
006,Western Africa,50,target_only,MLP,15,0.0506375127029548,0.5284505380105818,1.2119420935800522
006,Western Africa,50,target_only,PLSR,16,0.3595272544357718,0.385764188196495,1.6602148954890172
006,Western Africa,50,target_only,Ridge,16,0.4758491243735711,0.4004617466496865,1.5992824701688668
006,Western Africa,50,target_only,MLP,16,0.16677303442385782,0.48581105631904314,1.3183138651530617
006,Western Africa,50,target_only,PLSR,17,0.32797134540587525,0.8540599658950861,0.7498904959429084
006,Western Africa,50,target_only,Ridge,17,0.4808627525658091,0.4859811168031572,1.3178525445659637
006,Western Africa,50,target_only,MLP,17,-0.22868255775168977,0.6434639721563855,0.9953182759304451
006,Western Africa,50,target_only,PLSR,18,0.29232705229814293,0.5696573819710871,1.124274821426883
006,Western Africa,50,target_only,Ridge,18,0.4310777646906001,0.45345655196763307,1.412376662352789
006,Western Africa,50,target_only,MLP,18,-0.09015650461744507,1.164767317254633,0.5498535560729841
006,Western Africa,50,target_only,PLSR,19,0.10935679239853702,0.7397931721142278,0.8657168997109379
006,Western Africa,50,target_only,Ridge,19,0.40271308560486974,0.5232227593558092,1.2240512094286038
006,Western Africa,50,target_only,MLP,19,-0.2998140428794087,0.5391987768572915,1.187783576073572
006,Western Africa,50,target_only,PLSR,20,0.3752919518249689,1.3335641363304467,0.48025545524369945
006,Western Africa,50,target_only,Ridge,20,0.4359676096713403,0.47121856924022965,1.3591388226119419
006,Western Africa,50,target_only,MLP,20,-0.10378656304377021,1.1176488886670208,0.5730345709499991
006,Western Africa,50,target_only,PLSR,21,0.08115816006212895,2.094155900896181,0.305827971602292
006,Western Africa,50,target_only,Ridge,21,0.512915620792223,0.3810440942485918,1.680780416379374
006,Western Africa,50,target_only,MLP,21,-0.08896494829127155,1.1909286684761635,0.5377748208963098
006,Western Africa,50,target_only,PLSR,22,-0.012942194162977483,1.1135445940430386,0.5751466576338082
006,Western Africa,50,target_only,Ridge,22,0.41110915321028896,0.43018552035091434,1.488779656896902
006,Western Africa,50,target_only,MLP,22,-0.22852196638641065,1.73092201988634,0.3700059529152587
006,Western Africa,50,target_only,PLSR,23,0.014640191704698213,0.650651904091103,0.9843227190500542
006,Western Africa,50,target_only,Ridge,23,0.4346851709937244,0.4495267093201834,1.4247239109742789
006,Western Africa,50,target_only,MLP,23,-0.5899891446729055,2.3822160270582375,0.26884692408896826
006,Western Africa,50,target_only,PLSR,24,0.06999641379506916,0.7477926064801148,0.8564559823674592
006,Western Africa,50,target_only,Ridge,24,0.45902310956666126,0.4756668110035004,1.3464287113891924
006,Western Africa,50,target_only,MLP,24,-0.6053349150703071,1.0656473440819616,0.6009975579132967
006,Western Africa,50,target_only,PLSR,25,0.36570178184384594,0.5318275885339833,1.2042463858550378
006,Western Africa,50,target_only,Ridge,25,0.45887704746626545,0.40302756676972146,1.5891008561108808
006,Western Africa,50,target_only,MLP,25,-0.17956885083425744,0.7118787932863934,0.8996636189054052
006,Western Africa,50,target_only,PLSR,26,0.3560588920906179,1.6969318479596127,0.3774173088684304
006,Western Africa,50,target_only,Ridge,26,0.5140850340915759,0.4478716375722984,1.429988857659386
006,Western Africa,50,target_only,MLP,26,-0.03143638769006296,0.6298175930880944,1.0168840286753753
006,Western Africa,50,target_only,PLSR,27,0.5006502602588621,0.44940385440982694,1.4251133921205752
006,Western Africa,50,target_only,Ridge,27,0.47333099277024604,0.5151730815750099,1.2431772433296264
006,Western Africa,50,target_only,MLP,27,0.010013042219250479,0.5271705269047413,1.214884783393397
006,Western Africa,50,target_only,PLSR,28,0.29893451769617263,1.1498474300305597,0.5569882009242114
006,Western Africa,50,target_only,Ridge,28,0.47580146019919833,0.408499274900894,1.5678153934188241
006,Western Africa,50,target_only,MLP,28,0.23130352253277975,0.5770202931325318,1.1099288170839925
006,Western Africa,50,target_only,PLSR,29,0.006381044702343686,6.522510871438352,0.09819093659077588
006,Western Africa,50,target_only,Ridge,29,0.319566911890236,0.44701563745146583,1.4327271749180939
006,Western Africa,50,target_only,MLP,29,-0.15192401908401165,2.8437847491843162,0.22521094522844967
006,Western Africa,100,target_only,PLSR,0,0.49047199781954753,0.4699776852751072,1.3627273622898786
006,Western Africa,100,target_only,Ridge,0,0.5339832678752956,0.4664862363876011,1.3729267906157505
006,Western Africa,100,target_only,MLP,0,0.3535011616943995,0.4762694265501509,1.3447250982057535
006,Western Africa,100,pooled,PLSR,0,0.3558200015408707,0.4066082047979136,1.5751070535046316
006,Western Africa,100,pooled,Ridge,0,0.37134392650453263,0.4306473630647025,1.4871830326146107
006,Western Africa,100,pooled,MLP,0,0.582793789519723,0.38345570606164575,1.67020973026566
006,Western Africa,100,target_only,PLSR,1,0.4585120570744484,3.6739817166424307,0.17432080526936963
006,Western Africa,100,target_only,Ridge,1,0.5556194197741415,0.5858293061156093,1.0932390112686867
006,Western Africa,100,target_only,MLP,1,0.39927601583156414,0.4112078210898549,1.557488497404094
006,Western Africa,100,pooled,PLSR,1,0.36094557046463194,0.40330564943339586,1.5880051576014862
006,Western Africa,100,pooled,Ridge,1,0.3742814472560415,0.4280904027733869,1.4960658945888066
006,Western Africa,100,pooled,MLP,1,0.6224183016889753,0.3795295178970863,1.6874878532207216
006,Western Africa,100,target_only,PLSR,2,0.49057436994520887,2.5471071521540662,0.2514426811013527
006,Western Africa,100,target_only,Ridge,2,0.5137283682432481,0.829726911962849,0.7718822207115849
006,Western Africa,100,target_only,MLP,2,0.48063528485988094,0.45713895563255297,1.4009995068213847
006,Western Africa,100,pooled,PLSR,2,0.3563901293220636,0.40549507936801943,1.5794308833246982
006,Western Africa,100,pooled,Ridge,2,0.373056455353317,0.43197918388669865,1.4825979474928355
006,Western Africa,100,pooled,MLP,2,0.6629112949718328,0.29972078868920565,2.1368269254561563
006,Western Africa,100,target_only,PLSR,3,0.507816880517467,0.4036402209899494,1.5866888830337766
006,Western Africa,100,target_only,Ridge,3,0.5919084694625165,0.372902904215594,1.7174750964657872
006,Western Africa,100,target_only,MLP,3,0.3194778025797521,0.5295791223596834,1.2093593277173473
006,Western Africa,100,pooled,PLSR,3,0.36056525175584797,0.40345331670428286,1.58742393450065
006,Western Africa,100,pooled,Ridge,3,0.3803365890590438,0.4295087697654942,1.4911254355521708
006,Western Africa,100,pooled,MLP,3,0.651216030515327,0.43770100113845395,1.463216784344209
006,Western Africa,100,target_only,PLSR,4,0.6008302698526149,0.8816165288139619,0.7264512749683226
006,Western Africa,100,target_only,Ridge,4,0.5886337944042754,0.462654423299025,1.3842976942124898
006,Western Africa,100,target_only,MLP,4,0.43722389109675885,0.4372101082184069,1.4648596620966368
006,Western Africa,100,pooled,PLSR,4,0.3590140890526362,0.40310625789269866,1.588790644774681
006,Western Africa,100,pooled,Ridge,4,0.37797661664674154,0.42718543591704566,1.4992352209180129
006,Western Africa,100,pooled,MLP,4,0.670121654413101,0.3487947567601832,1.8361842859650481
006,Western Africa,100,target_only,PLSR,5,0.640317538656774,0.4087574487542698,1.5668251510569189
006,Western Africa,100,target_only,Ridge,5,0.5928274284827726,0.32837950684254974,1.950339281364263
006,Western Africa,100,target_only,MLP,5,0.4524960563520858,0.5049588539689892,1.2683240354260257
006,Western Africa,100,pooled,PLSR,5,0.35675339998777633,0.4027384490882441,1.5902416390587037
006,Western Africa,100,pooled,Ridge,5,0.3730912505024693,0.4258046468322299,1.5040969048944928
006,Western Africa,100,pooled,MLP,5,0.5851639281866099,0.37396959479770525,1.712576263683936
006,Western Africa,100,target_only,PLSR,6,0.6373133566388529,0.48669672624866267,1.3159148538484942
006,Western Africa,100,target_only,Ridge,6,0.634372574376487,0.35434602507860613,1.80741819030699
006,Western Africa,100,target_only,MLP,6,0.5348890448981762,0.5368568206636585,1.1929651011946316
006,Western Africa,100,pooled,PLSR,6,0.35350197388896754,0.40606418245240744,1.5772172948672059
006,Western Africa,100,pooled,Ridge,6,0.37094754355030013,0.42962283597992595,1.490729537058348
006,Western Africa,100,pooled,MLP,6,0.5703480137451101,0.33644615916425447,1.903577835398556
006,Western Africa,100,target_only,PLSR,7,0.575048002185121,0.4154124460693532,1.5417242729485434
006,Western Africa,100,target_only,Ridge,7,0.6083268246022224,0.37477600168289305,1.708891307111897
006,Western Africa,100,target_only,MLP,7,0.5868419706985601,0.4909881346886187,1.3044132966598458
006,Western Africa,100,pooled,PLSR,7,0.3696256551002971,0.40018364441238863,1.6003938699955096
006,Western Africa,100,pooled,Ridge,7,0.3856423973389719,0.4232463599511527,1.5131883271576505
006,Western Africa,100,pooled,MLP,7,0.6484197795382507,0.32837025393921115,1.950394238537245
006,Western Africa,100,target_only,PLSR,8,0.5624836822515965,0.855857219413874,0.7483157667685001
006,Western Africa,100,target_only,Ridge,8,0.5754701894427336,0.44577537097692155,1.4367134056475424
006,Western Africa,100,target_only,MLP,8,0.5618444168455747,0.4255322852906554,1.5050596007130126
006,Western Africa,100,pooled,PLSR,8,0.3559701918250445,0.40408754767051236,1.5849324115086694
006,Western Africa,100,pooled,Ridge,8,0.37373132397449804,0.43103472742682364,1.4858465238135097
006,Western Africa,100,pooled,MLP,8,0.6401704140884115,0.31459456998757207,2.0357994463011564
006,Western Africa,100,target_only,PLSR,9,0.5748162260293102,0.9524090954898586,0.6724541527615736
006,Western Africa,100,target_only,Ridge,9,0.5909624908998421,0.5328280758305604,1.2019851814147149
006,Western Africa,100,target_only,MLP,9,0.46373089267612877,0.441965825126939,1.4490972264792252
006,Western Africa,100,pooled,PLSR,9,0.3653797520851608,0.4019497729839157,1.593361893541056
006,Western Africa,100,pooled,Ridge,9,0.38461676461760486,0.4270428885966693,1.4997356670536646
006,Western Africa,100,pooled,MLP,9,0.6131262533871586,0.4374107852983664,1.4641876078871379
006,Western Africa,100,target_only,PLSR,10,0.5000193497252116,0.4363348107789647,1.4677982035095631
006,Western Africa,100,target_only,Ridge,10,0.5387910343638108,0.4147546600714035,1.5441693922855273
006,Western Africa,100,target_only,MLP,10,0.3695621756619707,0.5388805024114687,1.1884851066684634
006,Western Africa,100,target_only,PLSR,11,0.508530777501599,0.5093216426037268,1.2574597225359754
006,Western Africa,100,target_only,Ridge,11,0.5260588627258203,0.4103570940884415,1.560717386433235
006,Western Africa,100,target_only,MLP,11,0.48976361648678934,0.7182826011711358,0.8916427188209972
006,Western Africa,100,target_only,PLSR,12,0.5658273638698347,0.7185468373575865,0.8913148288917002
006,Western Africa,100,target_only,Ridge,12,0.6027935779312623,0.37077803657706887,1.727317662347368
006,Western Africa,100,target_only,MLP,12,0.5829910543084218,0.3637526800480475,1.7606783029212414
006,Western Africa,100,target_only,PLSR,13,0.5420269234442845,0.3893129160460478,1.645081437047152
006,Western Africa,100,target_only,Ridge,13,0.5854724640126842,0.3903790446657463,1.6405887051094723
006,Western Africa,100,target_only,MLP,13,0.40784809887182594,0.40683336553696925,1.574235315101881
006,Western Africa,100,target_only,PLSR,14,0.5154111648853498,0.49027710138494573,1.3063050458218177
006,Western Africa,100,target_only,Ridge,14,0.5554832585554605,0.4712194788642173,1.3591361989825483
006,Western Africa,100,target_only,MLP,14,0.32437278085360466,0.6748000233402883,0.9490981464698062
006,Western Africa,100,target_only,PLSR,15,0.5132564893133864,1.0373555946989053,0.6173885354866592
006,Western Africa,100,target_only,Ridge,15,0.5880936476877634,0.42934669090324323,1.4916883370934853
006,Western Africa,100,target_only,MLP,15,0.5497309490697417,0.6973421509455815,0.9184178104272209
006,Western Africa,100,target_only,PLSR,16,0.5628624506786697,0.5651142026421281,1.133313316840544
006,Western Africa,100,target_only,Ridge,16,0.5852773841022656,0.42954854606034043,1.4909873569915022
006,Western Africa,100,target_only,MLP,16,0.45741658554742015,0.6313957883355463,1.0143422924602892
006,Western Africa,100,target_only,PLSR,17,0.45516594899968177,1.1404047326283346,0.5616001346416517
006,Western Africa,100,target_only,Ridge,17,0.5353780836836921,0.4640050214017083,1.3802683631640795
006,Western Africa,100,target_only,MLP,17,0.3713787110338559,0.5664933482033891,1.1305542305504832
006,Western Africa,100,target_only,PLSR,18,0.4950220051683212,0.9585942153329303,0.6681152891868993
006,Western Africa,100,target_only,Ridge,18,0.5774091835065858,0.438590806856314,1.4602482345232255
006,Western Africa,100,target_only,MLP,18,0.3207880423770324,0.584010522720741,1.0966436844431604
006,Western Africa,100,target_only,PLSR,19,0.4992532367511855,0.755917665172324,0.84725027724289
006,Western Africa,100,target_only,Ridge,19,0.5673586305607459,0.4420752216862257,1.4487386308310817
006,Western Africa,100,target_only,MLP,19,0.5077308666462077,0.484635415669102,1.321511863729198
006,Western Africa,100,target_only,PLSR,20,0.593175857471194,0.5167539324251152,1.2393741221947252
006,Western Africa,100,target_only,Ridge,20,0.5718337713428026,0.4210026735099424,1.5212526943131743
006,Western Africa,100,target_only,MLP,20,0.37688779113360105,0.7052895264378546,0.908068853120112
006,Western Africa,100,target_only,PLSR,21,0.5674403728535622,1.0969784248756163,0.5838323132587305
006,Western Africa,100,target_only,Ridge,21,0.5641474601371759,0.49590625539888594,1.2914768555901712
006,Western Africa,100,target_only,MLP,21,0.3062188359066915,0.4391386691796365,1.4584264523697932
006,Western Africa,100,target_only,PLSR,22,0.39873977981217523,2.8267899044083125,0.22656492808018047
006,Western Africa,100,target_only,Ridge,22,0.5175336806957579,0.5756722611933046,1.1125278992294416
006,Western Africa,100,target_only,MLP,22,0.4270506074086249,0.5786332725466672,1.106834815376775
006,Western Africa,100,target_only,PLSR,23,0.5220125273427367,1.178312123513729,0.5435329388619223
006,Western Africa,100,target_only,Ridge,23,0.6027010579412935,0.3563677752688441,1.7971643224668463
006,Western Africa,100,target_only,MLP,23,0.2697229534987423,0.6873401492471212,0.9317823963747335
006,Western Africa,100,target_only,PLSR,24,0.531353736799866,0.5553274344444893,1.1532861725636019
006,Western Africa,100,target_only,Ridge,24,0.5386181683452129,0.40957110636601307,1.5637124822416315
006,Western Africa,100,target_only,MLP,24,-0.027774932872239644,0.8343536318483316,0.767601921946773
006,Western Africa,100,target_only,PLSR,25,0.4764851190353733,0.547435410748598,1.16991235644449
006,Western Africa,100,target_only,Ridge,25,0.5287535785180694,0.37121891597270623,1.7252662077089267
006,Western Africa,100,target_only,MLP,25,0.388770183996591,0.6912166762101594,0.9265567128697644
006,Western Africa,100,target_only,PLSR,26,0.6015255544456501,0.5352987652785358,1.1964373783989561
006,Western Africa,100,target_only,Ridge,26,0.5486093057899346,0.4168801800298306,1.536296235873389
006,Western Africa,100,target_only,MLP,26,0.3138544050667188,0.5090356602199023,1.2581661786000924
006,Western Africa,100,target_only,PLSR,27,0.5430090750768676,0.556531054207421,1.1507919397276816
006,Western Africa,100,target_only,Ridge,27,0.5808004618829601,0.3980581439219324,1.6089394506036174
006,Western Africa,100,target_only,MLP,27,0.5011561912560334,0.44079280779461494,1.4529534966651827
006,Western Africa,100,target_only,PLSR,28,0.5884001530316261,0.3909192017844159,1.63832180273213
006,Western Africa,100,target_only,Ridge,28,0.5316772504472969,0.4435955847024649,1.4437732779049701
006,Western Africa,100,target_only,MLP,28,0.4794591475335852,0.439436374263894,1.4574384117902819
006,Western Africa,100,target_only,PLSR,29,0.5826986589344064,0.48596866542863704,1.3178863102730187
006,Western Africa,100,target_only,Ridge,29,0.5256222572880114,0.4078787447969833,1.5702006038800245
006,Western Africa,100,target_only,MLP,29,0.25814734850505117,0.5171291375031466,1.2384748894296302
007,Eastern Africa,10,target_only,PLSR,0,-0.6613153887852514,2.5788025016155145,0.8666056585614071
007,Eastern Africa,10,target_only,Ridge,0,-0.11369011688602049,2.2485220499595773,0.9938994550898415
007,Eastern Africa,10,target_only,MLP,0,-0.735477388897529,2.5451510247398494,0.8780637449366078
007,Eastern Africa,10,pooled,PLSR,0,-0.22464763058209725,1.565875473334897,1.4271919308198748
007,Eastern Africa,10,pooled,Ridge,0,-0.09824574813223208,1.4847159882289032,1.5052069607455256
007,Eastern Africa,10,pooled,MLP,0,0.6270997330166065,1.1491620584433906,1.9447255709429663
007,Eastern Africa,10,target_only,PLSR,1,-0.43610683092383673,2.5871982631876054,0.8637934216370741
007,Eastern Africa,10,target_only,Ridge,1,0.0858854513569719,2.2870649399078795,0.9771497088763612
007,Eastern Africa,10,target_only,MLP,1,-0.22733164502063108,2.262042263292137,0.9879589238796188
007,Eastern Africa,10,pooled,PLSR,1,-0.2473414990959346,1.5612818894993656,1.4313909968743188
007,Eastern Africa,10,pooled,Ridge,1,-0.12638968635206882,1.4817840295020521,1.5081852656782344
007,Eastern Africa,10,pooled,MLP,1,0.6353385302515102,1.2553365060073778,1.780243647434549
007,Eastern Africa,10,target_only,PLSR,2,-0.14630311537944007,3.8592013760029107,0.5790847956545275
007,Eastern Africa,10,target_only,Ridge,2,-0.1541619459874639,5.627051131091418,0.39715381789659626
007,Eastern Africa,10,target_only,MLP,2,-0.6578160498303505,117.25883072199122,0.019058733798146193
007,Eastern Africa,10,pooled,PLSR,2,-0.24216232776108004,1.5633236819311225,1.4295215162682984
007,Eastern Africa,10,pooled,Ridge,2,-0.11929204888242961,1.4825365696087485,1.5074197062148
007,Eastern Africa,10,pooled,MLP,2,0.5927791345642672,1.3586617912762848,1.644857354907295
007,Eastern Africa,10,target_only,PLSR,3,-0.6448305695591152,8.544386648629372,0.26155240067124164
007,Eastern Africa,10,target_only,Ridge,3,-0.5958590953586504,7.233767581667597,0.30894064745402405
007,Eastern Africa,10,target_only,MLP,3,-0.7248159779376422,4.099481638688766,0.5451432735108255
007,Eastern Africa,10,pooled,PLSR,3,-0.24822114400241047,1.5631290640942175,1.4296994992587602
007,Eastern Africa,10,pooled,Ridge,3,-0.12852781342180375,1.484166662394773,1.5057640741009195
007,Eastern Africa,10,pooled,MLP,3,0.6340274540355337,1.3936597726800928,1.6035512282274254
007,Eastern Africa,10,target_only,PLSR,4,-0.02982223944675022,2.034971060987931,1.098199813773947
007,Eastern Africa,10,target_only,Ridge,4,0.007294117594245697,2.0102118806930913,1.1117260134000349
007,Eastern Africa,10,target_only,MLP,4,-1.042171615721593,32.406956369562465,0.06896065198863628
007,Eastern Africa,10,pooled,PLSR,4,-0.25189545103807953,1.562311823635229,1.4304473706230512
007,Eastern Africa,10,pooled,Ridge,4,-0.13280476048177792,1.4832233982467098,1.506721673116833
007,Eastern Africa,10,pooled,MLP,4,0.6654987217487698,1.167670575215442,1.9139001081704767
007,Eastern Africa,10,target_only,PLSR,5,-1.750105217450184,2.444634691729929,0.9141671955210914
007,Eastern Africa,10,target_only,Ridge,5,-1.2715458709181213,1.953264470879822,1.1441383763078836
007,Eastern Africa,10,target_only,MLP,5,-1.389889462779219,64.31926798924492,0.034745495557971955
007,Eastern Africa,10,pooled,PLSR,5,-0.2669255029871924,1.5628740351669432,1.4299327968383577
007,Eastern Africa,10,pooled,Ridge,5,-0.14797338096572998,1.4832999391262016,1.5066439236347708
007,Eastern Africa,10,pooled,MLP,5,0.6480327421995973,1.2422657966587054,1.7989747815831538
007,Eastern Africa,10,target_only,PLSR,6,0.01575647126533808,2.6835355560257517,0.8327837636412787
007,Eastern Africa,10,target_only,Ridge,6,0.0954264878882205,2.4829204944659966,0.900071043431843
007,Eastern Africa,10,target_only,MLP,6,-0.8837611196754902,241.4777167035965,0.009254704205090045
007,Eastern Africa,10,pooled,PLSR,6,-0.2553009889871132,1.562501632962647,1.430273602962527
007,Eastern Africa,10,pooled,Ridge,6,-0.135170337469676,1.4818761484419896,1.5080915112655935
007,Eastern Africa,10,pooled,MLP,6,0.6311207523062785,1.1758055405760985,1.9006585384155874
007,Eastern Africa,10,target_only,PLSR,7,-0.6594611272944719,3.6837126936635367,0.6066718623459617
007,Eastern Africa,10,target_only,Ridge,7,-0.2787669964169688,2.368773614654829,0.9434438252715706
007,Eastern Africa,10,target_only,MLP,7,-2.506120840356491,202.06465548821916,0.011059850297978567
007,Eastern Africa,10,pooled,PLSR,7,-0.1969413720475217,1.5653427469281664,1.4276776409498209
007,Eastern Africa,10,pooled,Ridge,7,-0.0683879101429612,1.485849416905036,1.5040587658386841
007,Eastern Africa,10,pooled,MLP,7,0.6156364232271307,1.2273504080198432,1.8208368413857128
007,Eastern Africa,10,target_only,PLSR,8,-0.12297767834647555,2.3023642743438697,0.9706564965047481
007,Eastern Africa,10,target_only,Ridge,8,-0.6546228383425832,2.757233637613425,0.8105242913497509
007,Eastern Africa,10,target_only,MLP,8,-0.4645551349463044,4.82688791827173,0.4629908292986613
007,Eastern Africa,10,pooled,PLSR,8,-0.25121727266755234,1.563850779726674,1.4290396943133608
007,Eastern Africa,10,pooled,Ridge,8,-0.1293548201229684,1.4834068950266956,1.5065352923090594
007,Eastern Africa,10,pooled,MLP,8,0.6232348828394931,1.2718882380807868,1.757076426451212
007,Eastern Africa,10,target_only,PLSR,9,-1.8393449046094585,2.759477933797926,0.8098650881895292
007,Eastern Africa,10,target_only,Ridge,9,-1.6787612184988374,5.781143907483831,0.38656793118733956
007,Eastern Africa,10,target_only,MLP,9,-4.045680381009904,1603.9106052149086,0.0013933475051203833
007,Eastern Africa,10,pooled,PLSR,9,-0.22238301323061616,1.5654933227384753,1.4275403208383113
007,Eastern Africa,10,pooled,Ridge,9,-0.09763862587504013,1.4859319796585222,1.5039751959076157
007,Eastern Africa,10,pooled,MLP,9,0.6024147527263825,1.2165532813208229,1.8369970921339092
007,Eastern Africa,10,target_only,PLSR,10,-0.6339658477666568,2.62863979450666,0.8501753815348224
007,Eastern Africa,10,target_only,Ridge,10,0.03269524502637666,2.313934706318824,0.9658028958680548
007,Eastern Africa,10,target_only,MLP,10,-0.9458589170427574,11.385722309281103,0.1962813407446807
007,Eastern Africa,10,target_only,PLSR,11,-1.4185250162322358,11.962203906939976,0.18682216568100596
007,Eastern Africa,10,target_only,Ridge,11,-0.8311480016801491,4.2162857620197505,0.5300411230053265
007,Eastern Africa,10,target_only,MLP,11,-0.9160524996656141,5.044569576963913,0.4430119965869001
007,Eastern Africa,10,target_only,PLSR,12,-0.4740434620756151,4.27687211149624,0.5225325382550386
007,Eastern Africa,10,target_only,Ridge,12,-0.41257610830267066,4.265061780226142,0.5239794768210423
007,Eastern Africa,10,target_only,MLP,12,-0.39883357330499436,2.194606454127909,1.0183168996012009
007,Eastern Africa,10,target_only,PLSR,13,-2.9691956127526216,2304.099647792255,0.0009699254293770086
007,Eastern Africa,10,target_only,Ridge,13,-0.680395182617501,28.999353432840486,0.07706395404255804
007,Eastern Africa,10,target_only,MLP,13,-1.3356616452580155,20.048398292436854,0.11147049293485878
007,Eastern Africa,10,target_only,PLSR,14,-0.2134523934857695,2.428613016067367,0.9201980000218883
007,Eastern Africa,10,target_only,Ridge,14,-0.11722570250061204,2.382976560759361,0.9378207394117938
007,Eastern Africa,10,target_only,MLP,14,-0.44999384426760014,2.780643317858083,0.803700649364039
007,Eastern Africa,10,target_only,PLSR,15,-0.3535046325350464,2.863781746852175,0.7803684211161623
007,Eastern Africa,10,target_only,Ridge,15,-0.2685750997548053,2.387560805661943,0.9360200732532653
007,Eastern Africa,10,target_only,MLP,15,-0.030311450550814634,1.6865050855594614,1.3251100511629759
007,Eastern Africa,10,target_only,PLSR,16,-0.060124794928428704,2.3964463762084245,0.9325494876076255
007,Eastern Africa,10,target_only,Ridge,16,-0.1458341944571806,2.518832878129715,0.8872382362547632
007,Eastern Africa,10,target_only,MLP,16,-1.64669658585512,25.653005049448634,0.08711668811917028
007,Eastern Africa,10,target_only,PLSR,17,-0.7414475445971138,4.581358486443685,0.4878039661871345
007,Eastern Africa,10,target_only,Ridge,17,-0.5015679814575937,3.113155869413062,0.7178583193245816
007,Eastern Africa,10,target_only,MLP,17,-1.0783057738144688,222.0225108471661,0.010065667808570511
007,Eastern Africa,10,target_only,PLSR,18,0.12642790051087027,2.2500437948769654,0.9932272630873473
007,Eastern Africa,10,target_only,Ridge,18,0.22441502061768093,2.3186035136689522,0.9638581271172006
007,Eastern Africa,10,target_only,MLP,18,-0.027036869114769102,2.381890318159314,0.9382484252840567
007,Eastern Africa,10,target_only,PLSR,19,-2.0153974157242653,11.71776337702282,0.19071940337987292
007,Eastern Africa,10,target_only,Ridge,19,-0.5842963477050185,2.7715582641462344,0.8063351469541408
007,Eastern Africa,10,target_only,MLP,19,-0.09538168418227722,10.270873840802581,0.21758663136667308
007,Eastern Africa,10,target_only,PLSR,20,-8.953437214642577,7.013955545562917,0.318622612546507
007,Eastern Africa,10,target_only,Ridge,20,-0.8990267205636338,23.076230175341795,0.09684445090170436
007,Eastern Africa,10,target_only,MLP,20,-0.36314113634333545,3.529937249616265,0.633100444053293
007,Eastern Africa,10,target_only,PLSR,21,-3.5029465652486795,341.124142275892,0.0065512948608746294
007,Eastern Africa,10,target_only,Ridge,21,-0.04156268173274613,2.438450913696506,0.9164854734863302
007,Eastern Africa,10,target_only,MLP,21,-0.7991954487798552,41.47722964718177,0.053880282246964485
007,Eastern Africa,10,target_only,PLSR,22,-0.08299020164614546,35.53007090156126,0.0628989693379451
007,Eastern Africa,10,target_only,Ridge,22,0.2910381205352439,2.38183814373059,0.9382689777198798
007,Eastern Africa,10,target_only,MLP,22,-0.7395659490114979,109.88567940469187,0.0203375440031806
007,Eastern Africa,10,target_only,PLSR,23,-1.1637061454943107,2.658578510716792,0.840601408310406
007,Eastern Africa,10,target_only,Ridge,23,-0.03285026683885439,2.1374925770320194,1.0455263630975593
007,Eastern Africa,10,target_only,MLP,23,-0.07600444272932383,2.6206643191807357,0.8527627227400704
007,Eastern Africa,10,target_only,PLSR,24,-4.838992381007212,37.95778485286348,0.05887606057295323
007,Eastern Africa,10,target_only,Ridge,24,-2.8180798181157383,9.772003262141787,0.22869464737801384
007,Eastern Africa,10,target_only,MLP,24,-4.004794579437689,9.284876860513084,0.24069299720242293
007,Eastern Africa,10,target_only,PLSR,25,-0.7442312445727561,2.511458042592564,0.8898435897839411
007,Eastern Africa,10,target_only,Ridge,25,-0.3278251619256942,2.36888822656303,0.9433981794298282
007,Eastern Africa,10,target_only,MLP,25,-0.2732635200988569,5.459558932322342,0.40933798277761135
007,Eastern Africa,10,target_only,PLSR,26,-1.835821317946524,2.359269681673575,0.9472443347922109
007,Eastern Africa,10,target_only,Ridge,26,0.03963934477761222,2.24133348913446,0.9970871586250808
007,Eastern Africa,10,target_only,MLP,26,-1.28748880802651,4.87588118257837,0.458338658496709
007,Eastern Africa,10,target_only,PLSR,27,-0.2719693541257049,2.7632882477711247,0.808748360586311
007,Eastern Africa,10,target_only,Ridge,27,-0.3067964391312372,3.682346963162956,0.6068968683746001
007,Eastern Africa,10,target_only,MLP,27,-1.0856571028966893,8.971879387496147,0.24908993352350467
007,Eastern Africa,10,target_only,PLSR,28,-0.08202193385491707,99.31178877390707,0.02250291599620733
007,Eastern Africa,10,target_only,Ridge,28,0.12945077760216894,13.471142738093482,0.1658957137981154
007,Eastern Africa,10,target_only,MLP,28,-0.4300052006858788,3.333237006968101,0.6704608269800432
007,Eastern Africa,10,target_only,PLSR,29,-0.09736247678517485,16.968570793813967,0.13170259695807932
007,Eastern Africa,10,target_only,Ridge,29,-0.12433759412108603,7.588759381150915,0.2944888259025793
007,Eastern Africa,10,target_only,MLP,29,-1.7402814512320686,16.36771544907661,0.1365373712150155
007,Eastern Africa,25,target_only,PLSR,0,0.4265898966858145,1.2950051670896259,1.7257111376897298
007,Eastern Africa,25,target_only,Ridge,0,0.5055563798882143,1.3338768524848947,1.6754206627463946
007,Eastern Africa,25,target_only,MLP,0,0.2611281405409309,1.7256538460446451,1.2950481612141926
007,Eastern Africa,25,pooled,PLSR,0,-0.20626919534999022,1.5603479091934203,1.4322477872050594
007,Eastern Africa,25,pooled,Ridge,0,-0.0783315512349072,1.4820046770906237,1.5079607202047043
007,Eastern Africa,25,pooled,MLP,0,0.6930859688282249,1.294608319521979,1.7262401349602758
007,Eastern Africa,25,target_only,PLSR,1,-0.022263444568775714,2.2662507317698677,0.9861242663414421
007,Eastern Africa,25,target_only,Ridge,1,0.35766574259857764,1.755089083985341,1.2733284370601115
007,Eastern Africa,25,target_only,MLP,1,-0.0853037357506794,3.8024887791697832,0.5877216133955965
007,Eastern Africa,25,pooled,PLSR,1,-0.14909059474147202,1.5698224425522518,1.423603574286352
007,Eastern Africa,25,pooled,Ridge,1,-0.014564267729818114,1.488774223636371,1.5011039314972463
007,Eastern Africa,25,pooled,MLP,1,0.6348626595347324,1.3855831367668052,1.6128984114422262
007,Eastern Africa,25,target_only,PLSR,2,0.31619503180557074,3.6206227058630986,0.6172432263083804
007,Eastern Africa,25,target_only,Ridge,2,0.5763733772618347,1.7917397636330816,1.2472820470763228
007,Eastern Africa,25,target_only,MLP,2,-0.5453061660758205,6.256101928902027,0.35722001745015286
007,Eastern Africa,25,pooled,PLSR,2,-0.19855175779691403,1.5610297919311567,1.4316221585032214
007,Eastern Africa,25,pooled,Ridge,2,-0.07206964721874609,1.4821597568453815,1.507802940871138
007,Eastern Africa,25,pooled,MLP,2,0.7394690944239479,1.312894800923731,1.7021964278020947
007,Eastern Africa,25,target_only,PLSR,3,-0.8262017332801674,85.22371872568033,0.026222803623551654
007,Eastern Africa,25,target_only,Ridge,3,0.4882215334237533,1.6654044647058424,1.341899152772505
007,Eastern Africa,25,target_only,MLP,3,0.28351702424871916,1.9723874861785426,1.1330455378938762
007,Eastern Africa,25,pooled,PLSR,3,-0.21649837953010276,1.5588990905465525,1.4335788979316109
007,Eastern Africa,25,pooled,Ridge,3,-0.09237306347118901,1.4809033991069818,1.5090821194413861
007,Eastern Africa,25,pooled,MLP,3,0.7058695819208151,1.2878202015070424,1.73533917048132
007,Eastern Africa,25,target_only,PLSR,4,0.2954231462709025,2.2067170045371727,1.0127283360836001
007,Eastern Africa,25,target_only,Ridge,4,0.3826349107184469,1.8467312144212722,1.2101408276204717
007,Eastern Africa,25,target_only,MLP,4,-0.09127652126964203,2.340564964302765,0.9548142753123912
007,Eastern Africa,25,pooled,PLSR,4,-0.19413286719565281,1.5610465635038202,1.4316067774405297
007,Eastern Africa,25,pooled,Ridge,4,-0.06518563129619648,1.4807716990855708,1.509216337395149
007,Eastern Africa,25,pooled,MLP,4,0.6396124993860022,1.511891614902008,1.478151487967055
007,Eastern Africa,25,target_only,PLSR,5,-0.09698822873672519,5.75215808043321,0.38851589420226923
007,Eastern Africa,25,target_only,Ridge,5,0.2999039329430879,2.154463966755447,1.0372904233705338
007,Eastern Africa,25,target_only,MLP,5,0.38626696147952977,1.7784938201531122,1.2565716084523255
007,Eastern Africa,25,pooled,PLSR,5,-0.2291559735591242,1.5585650385232068,1.4338861612922296
007,Eastern Africa,25,pooled,Ridge,5,-0.10488334224994666,1.479368322089885,1.5106480291907538
007,Eastern Africa,25,pooled,MLP,5,0.6965337057397223,1.2567350847661878,1.7782624733740895
007,Eastern Africa,25,target_only,PLSR,6,-0.47755335519212294,6.049898776336437,0.369395410209759
007,Eastern Africa,25,target_only,Ridge,6,0.3775224379854071,1.8247417684390987,1.2247238918216852
007,Eastern Africa,25,target_only,MLP,6,0.3706925489062709,2.0836698734337586,1.072533067116576
007,Eastern Africa,25,pooled,PLSR,6,-0.2143807513492626,1.561270775294084,1.431401186505502
007,Eastern Africa,25,pooled,Ridge,6,-0.08579909738366309,1.4812294951523917,1.5087498915773319
007,Eastern Africa,25,pooled,MLP,6,0.6890361029620329,1.1600264330572383,1.9265119970779552
007,Eastern Africa,25,target_only,PLSR,7,-0.23316570349218346,3.8536484573889287,0.5799192284722638
007,Eastern Africa,25,target_only,Ridge,7,0.3504924184661866,2.0094295256449977,1.1121588548844366
007,Eastern Africa,25,target_only,MLP,7,0.2279460567400402,2.0419041208128097,1.0944709976503306
007,Eastern Africa,25,pooled,PLSR,7,-0.15869665503727814,1.5605770390772542,1.4320374991123306
007,Eastern Africa,25,pooled,Ridge,7,-0.026961181740125184,1.482219183225337,1.507742488765622
007,Eastern Africa,25,pooled,MLP,7,0.6823717815218502,1.1892930066526994,1.8791036588218422
007,Eastern Africa,25,target_only,PLSR,8,0.03601645733907344,12.643966415871045,0.17674871687472454
007,Eastern Africa,25,target_only,Ridge,8,0.4015659200226751,2.0721539327368026,1.0784936412811248
007,Eastern Africa,25,target_only,MLP,8,0.19527313161869186,2.102008927497242,1.0631757129943251
007,Eastern Africa,25,pooled,PLSR,8,-0.19768548281701892,1.5651162284841136,1.4278842679797827
007,Eastern Africa,25,pooled,Ridge,8,-0.06717411648001814,1.485229919050797,1.504686117312106
007,Eastern Africa,25,pooled,MLP,8,0.6892564026704069,1.3058998314980779,1.7113141347515415
007,Eastern Africa,25,target_only,PLSR,9,-0.01407226321818289,2.244550439483478,0.9956581063629814
007,Eastern Africa,25,target_only,Ridge,9,-0.19925929232339157,3.5843172498876714,0.623495266855174
007,Eastern Africa,25,target_only,MLP,9,-0.39445694068265347,1.9599662687381527,1.140226174224472
007,Eastern Africa,25,pooled,PLSR,9,-0.13486036859362516,1.5575870319977871,1.4347864962293113
007,Eastern Africa,25,pooled,Ridge,9,-0.0023074777760254683,1.4790845463620765,1.5109378606577923
007,Eastern Africa,25,pooled,MLP,9,0.68837436442892,1.3392258903671517,1.6687288203483286
007,Eastern Africa,25,target_only,PLSR,10,0.19406843309182287,4.493219701923617,0.4973727056470358
007,Eastern Africa,25,target_only,Ridge,10,0.4396865374397323,1.5588963298759082,1.4335814366759159
007,Eastern Africa,25,target_only,MLP,10,0.20022634045178744,3.803591698976957,0.5875511929457116
007,Eastern Africa,25,target_only,PLSR,11,-0.852803563935008,11.739488938395471,0.19036645052776593
007,Eastern Africa,25,target_only,Ridge,11,-0.2540778010782707,2.4505622983641775,0.9119559383183669
007,Eastern Africa,25,target_only,MLP,11,-0.16610847969383746,1.961512511868814,1.1393273439194769
007,Eastern Africa,25,target_only,PLSR,12,0.28051951225079574,2.8863646560690497,0.7742628207123025
007,Eastern Africa,25,target_only,Ridge,12,0.45622027640594365,1.7657036183077228,1.2656738180976193
007,Eastern Africa,25,target_only,MLP,12,0.37538111287295406,1.7218760672471416,1.2978894838727988
007,Eastern Africa,25,target_only,PLSR,13,-0.30962547182160827,19.5464968331023,0.11433275534200277
007,Eastern Africa,25,target_only,Ridge,13,0.15552478125782687,1.9987360886081105,1.1181090154671702
007,Eastern Africa,25,target_only,MLP,13,0.1390116924072028,1.7088533190645554,1.3077803783859419
007,Eastern Africa,25,target_only,PLSR,14,-0.6909484809060338,51.356397313830065,0.043515607735406574
007,Eastern Africa,25,target_only,Ridge,14,0.34198089333818393,2.1746745158540497,1.0276502639452014
007,Eastern Africa,25,target_only,MLP,14,0.17265527023005756,1.7829007345409038,1.2534656567897922
007,Eastern Africa,25,target_only,PLSR,15,-0.25573248468360865,5.04533270699646,0.4429449889624267
007,Eastern Africa,25,target_only,Ridge,15,0.14919335387294408,5.389167395856657,0.4146846212144937
007,Eastern Africa,25,target_only,MLP,15,0.15130428059682488,12.984031987545736,0.1721194804784784
007,Eastern Africa,25,target_only,PLSR,16,0.10711884958134921,2.1882070532168845,1.02129496243371
007,Eastern Africa,25,target_only,Ridge,16,0.3800576754620514,2.007727642462017,1.1131015945329328
007,Eastern Africa,25,target_only,MLP,16,0.0998327966765361,1.7390779982567646,1.2850515287137578
007,Eastern Africa,25,target_only,PLSR,17,0.5100636581236053,1.4475514833417298,1.5438517150721174
007,Eastern Africa,25,target_only,Ridge,17,0.22000599081236316,1.769197484250443,1.2631743262732131
007,Eastern Africa,25,target_only,MLP,17,-0.3963098727984944,3.7810987200781945,0.5910464141930948
007,Eastern Africa,25,target_only,PLSR,18,0.231923136776506,3.7270584497475467,0.5996162577927084
007,Eastern Africa,25,target_only,Ridge,18,0.45279196409849043,1.637391584769186,1.3648566787567467
007,Eastern Africa,25,target_only,MLP,18,0.3094334673005533,1.518457966612561,1.4717594357898574
007,Eastern Africa,25,target_only,PLSR,19,0.07832060700644505,1.8026175984445283,1.239755365830624
007,Eastern Africa,25,target_only,Ridge,19,0.3671777228561762,2.1228695159212774,1.0527283111145258
007,Eastern Africa,25,target_only,MLP,19,0.27812464799298164,1.9880097224731608,1.1241418062242339
007,Eastern Africa,25,target_only,PLSR,20,-0.06059052575679358,7.015187691729482,0.3185666497344082
007,Eastern Africa,25,target_only,Ridge,20,0.5193562673815042,1.6596951647183726,1.346515244316888
007,Eastern Africa,25,target_only,MLP,20,0.5029023509312668,2.1922837050038257,1.0193958177545352
007,Eastern Africa,25,target_only,PLSR,21,0.33322874330328656,1.6563569707727315,1.3492289884648025
007,Eastern Africa,25,target_only,Ridge,21,0.2292909677493541,2.1002434448304794,1.0640694276242337
007,Eastern Africa,25,target_only,MLP,21,0.05912848611616983,2.2872901338102265,0.9770535041348348
007,Eastern Africa,25,target_only,PLSR,22,0.34186581294170115,1.4933528978737056,1.4965014923092324
007,Eastern Africa,25,target_only,Ridge,22,0.32964817352417974,1.702340318262444,1.3127838283788946
007,Eastern Africa,25,target_only,MLP,22,0.15059471758138998,1.9192786850738435,1.1643983010869179
007,Eastern Africa,25,target_only,PLSR,23,-0.511208384452666,13.414820134420218,0.16659223290502242
007,Eastern Africa,25,target_only,Ridge,23,0.203005530742572,1.6149292025345774,1.3838407508545054
007,Eastern Africa,25,target_only,MLP,23,0.36385016916147384,1.8227792765216309,1.226042488521674
007,Eastern Africa,25,target_only,PLSR,24,-0.7427620006477382,2.688707428966705,0.8311818594078766
007,Eastern Africa,25,target_only,Ridge,24,0.21831750970615993,2.298830869858703,0.9721484383710571
007,Eastern Africa,25,target_only,MLP,24,0.007188725240634297,2.3582702518691994,0.9476457748813896
007,Eastern Africa,25,target_only,PLSR,25,-0.1083448502783646,5.189472765504446,0.4306419825666204
007,Eastern Africa,25,target_only,Ridge,25,0.38280416852425214,1.7499333480529218,1.2770799771882122
007,Eastern Africa,25,target_only,MLP,25,-0.25030125850436646,4.789088204824666,0.4666451617994653
007,Eastern Africa,25,target_only,PLSR,26,0.3659353654000018,1.5257679713470471,1.4647081877326906
007,Eastern Africa,25,target_only,Ridge,26,0.4987880690379398,1.4446327866137796,1.5469708710202414
007,Eastern Africa,25,target_only,MLP,26,0.23140728610283146,1.4820640853144535,1.5079002739197696
007,Eastern Africa,25,target_only,PLSR,27,0.09089571198057189,5.3524046309267606,0.4175328650041475
007,Eastern Africa,25,target_only,Ridge,27,0.30723521944599697,1.771573777372492,1.2614799726415378
007,Eastern Africa,25,target_only,MLP,27,0.05534970252673399,1.8608989698087843,1.2009275497863021
007,Eastern Africa,25,target_only,PLSR,28,-0.39320378700879854,9.964656844026086,0.22427313606409893
007,Eastern Africa,25,target_only,Ridge,28,0.15747230890574793,3.513564316103122,0.6360506423548065
007,Eastern Africa,25,target_only,MLP,28,-0.03824001122872556,3.098549894889461,0.721242166827216
007,Eastern Africa,25,target_only,PLSR,29,-0.35912714394408907,60.800008800785264,0.036756653235606986
007,Eastern Africa,25,target_only,Ridge,29,0.47038400218435683,3.6087390678126066,0.6192758185664327
007,Eastern Africa,25,target_only,MLP,29,0.1358832748471157,2.0539692891048085,1.0880419936494392
007,Eastern Africa,50,target_only,PLSR,0,0.03811660055721944,1.6007808631780278,1.3960716870237706
007,Eastern Africa,50,target_only,Ridge,0,0.5687779127277248,1.4718981103726176,1.5183149054023626
007,Eastern Africa,50,target_only,MLP,0,0.46143324206622804,2.0457896198681906,1.0923923058893537
007,Eastern Africa,50,pooled,PLSR,0,-0.15951114657846155,1.551167801089204,1.4407241038932568
007,Eastern Africa,50,pooled,Ridge,0,-0.03163002523838321,1.473168555969619,1.5170055260522444
007,Eastern Africa,50,pooled,MLP,0,0.7362278654185616,1.2634575348501424,1.7688009122343675
007,Eastern Africa,50,target_only,PLSR,1,0.5492023722085222,1.559721736702536,1.4328227834645677
007,Eastern Africa,50,target_only,Ridge,1,0.5851039798183578,1.526674274018735,1.4638386709232596
007,Eastern Africa,50,target_only,MLP,1,0.18060705334265048,1.5660801607257226,1.427005396184003
007,Eastern Africa,50,pooled,PLSR,1,-0.10912675599304622,1.5504512317877035,1.441389960802275
007,Eastern Africa,50,pooled,Ridge,1,0.02298890473785431,1.4751188014873893,1.5149999023528968
007,Eastern Africa,50,pooled,MLP,1,0.7369051823836631,1.210328316474072,1.8464451420278671
007,Eastern Africa,50,target_only,PLSR,2,0.5309311621035728,1.282851554052124,1.7420603601042324
007,Eastern Africa,50,target_only,Ridge,2,0.5964506215908465,1.2966262095263101,1.7235536531601863
007,Eastern Africa,50,target_only,MLP,2,0.49096569753897235,1.5887454950056679,1.4066474757836178
007,Eastern Africa,50,pooled,PLSR,2,-0.11914687893914766,1.5512962197401658,1.4406048385695385
007,Eastern Africa,50,pooled,Ridge,2,0.0158650513514621,1.4746761304698508,1.515454677835112
007,Eastern Africa,50,pooled,MLP,2,0.6965919235895972,1.2189497927534132,1.833385471245907
007,Eastern Africa,50,target_only,PLSR,3,0.46976296395944295,2.4799040728563866,0.9011658413215311
007,Eastern Africa,50,target_only,Ridge,3,0.4865355490468066,1.6471524819300298,1.356768644511717
007,Eastern Africa,50,target_only,MLP,3,0.5428733938906367,1.699256894568735,1.3151659689334392
007,Eastern Africa,50,pooled,PLSR,3,-0.145781005825387,1.556462635084785,1.43582299365033
007,Eastern Africa,50,pooled,Ridge,3,-0.012913622654083357,1.4810111932826096,1.508972282146599
007,Eastern Africa,50,pooled,MLP,3,0.7651110399788226,1.2731593716818999,1.7553221457735029
007,Eastern Africa,50,target_only,PLSR,4,0.46269489758298266,2.09705691944956,1.06568630516663
007,Eastern Africa,50,target_only,Ridge,4,0.5924895062688578,1.4620832871514762,1.5285072060199159
007,Eastern Africa,50,target_only,MLP,4,0.4521310656094055,1.405908249130701,1.5895808574948886
007,Eastern Africa,50,pooled,PLSR,4,-0.13048050513929454,1.5557263508992973,1.4365025307442238
007,Eastern Africa,50,pooled,Ridge,4,0.005747985549177104,1.4768173473342143,1.513257441244401
007,Eastern Africa,50,pooled,MLP,4,0.6887978304146642,1.3618815410301224,1.6409685959337688
007,Eastern Africa,50,target_only,PLSR,5,0.3824126009793717,2.121847793983392,1.0532352257071502
007,Eastern Africa,50,target_only,Ridge,5,0.6064827257568518,1.6749398371927153,1.3342597689705464
007,Eastern Africa,50,target_only,MLP,5,0.5880105049079764,1.4954288016667117,1.4944240994432787
007,Eastern Africa,50,pooled,PLSR,5,-0.11646011991360683,1.5534463278709545,1.4386109131141886
007,Eastern Africa,50,pooled,Ridge,5,0.019588396509383266,1.476106456533185,1.5139862239076085
007,Eastern Africa,50,pooled,MLP,5,0.6752600843605082,1.3068235631462897,1.7101044878865155
007,Eastern Africa,50,target_only,PLSR,6,0.11232968040766056,6.838336777721825,0.3268053201902754
007,Eastern Africa,50,target_only,Ridge,6,0.5809843966744073,2.9785318857938763,0.7503041518109075
007,Eastern Africa,50,target_only,MLP,6,0.4963902289541363,1.8202956265021533,1.2277153269365797
007,Eastern Africa,50,pooled,PLSR,6,-0.14002048990689664,1.5514279241366455,1.440482542207666
007,Eastern Africa,50,pooled,Ridge,6,-0.006540950124358513,1.4740263567378513,1.5161227138150601
007,Eastern Africa,50,pooled,MLP,6,0.7209561176675071,1.1127106732075225,2.008433004215034
007,Eastern Africa,50,target_only,PLSR,7,0.3350522518186183,2.02325885015623,1.1045570565722482
007,Eastern Africa,50,target_only,Ridge,7,0.3672358627426665,1.6334786202140192,1.3681261649567913
007,Eastern Africa,50,target_only,MLP,7,0.5282721490119169,1.3379640578202885,1.6703025968074918
007,Eastern Africa,50,pooled,PLSR,7,-0.11133311318688865,1.5601010472012684,1.4324744183855453
007,Eastern Africa,50,pooled,Ridge,7,0.023945815240461354,1.4804670664538375,1.5095268857046207
007,Eastern Africa,50,pooled,MLP,7,0.7765882559416136,1.1662624365079193,1.9162109403985268
007,Eastern Africa,50,target_only,PLSR,8,0.4902863117086351,10.12938993190726,0.22062580819134545
007,Eastern Africa,50,target_only,Ridge,8,0.6070964216170108,1.5175708976736633,1.4726197264576741
007,Eastern Africa,50,target_only,MLP,8,0.5277335854397014,1.767732881126621,1.26422089223572
007,Eastern Africa,50,pooled,PLSR,8,-0.12888311529100172,1.5512942817552504,1.4406066382734883
007,Eastern Africa,50,pooled,Ridge,8,0.007832054829768897,1.4735671336181342,1.516595198974798
007,Eastern Africa,50,pooled,MLP,8,0.726548891003394,1.139842475312589,1.9606260414180887
007,Eastern Africa,50,target_only,PLSR,9,0.425521263636204,3.854635125065141,0.5797707870403298
007,Eastern Africa,50,target_only,Ridge,9,0.569975957989789,1.522619612569715,1.4677368016038175
007,Eastern Africa,50,target_only,MLP,9,0.6260433062672466,1.3256715611635659,1.6857907385829327
007,Eastern Africa,50,pooled,PLSR,9,-0.1289480975794437,1.561719128802714,1.4309902459385393
007,Eastern Africa,50,pooled,Ridge,9,0.005624954791919379,1.482656578243462,1.5072976932122357
007,Eastern Africa,50,pooled,MLP,9,0.752241922795246,1.2728007954895395,1.7558166589240507
007,Eastern Africa,50,target_only,PLSR,10,0.23343795561343017,2.7821166789437424,0.8032750233397049
007,Eastern Africa,50,target_only,Ridge,10,0.5225015914304973,1.3881215072978141,1.609949005518039
007,Eastern Africa,50,target_only,MLP,10,0.5705038889890566,1.2646945740791746,1.7670707900676184
007,Eastern Africa,50,target_only,PLSR,11,0.3813797920534858,2.136262458161897,1.0461284060270426
007,Eastern Africa,50,target_only,Ridge,11,0.5068314101974759,1.666757090326011,1.3408101595507227
007,Eastern Africa,50,target_only,MLP,11,0.5162417614010587,1.6273385934419413,1.37328817077062
007,Eastern Africa,50,target_only,PLSR,12,0.2873511981143704,7.20503982136805,0.3101724481222903
007,Eastern Africa,50,target_only,Ridge,12,0.5756442793437027,1.522123891626583,1.4682148099154688
007,Eastern Africa,50,target_only,MLP,12,0.4928104603874143,1.128661896916806,1.9800480961722808
007,Eastern Africa,50,target_only,PLSR,13,0.41678900091743964,17.573185569849226,0.12717129921205805
007,Eastern Africa,50,target_only,Ridge,13,0.5665236725684161,2.172504435006885,1.0286767677899973
007,Eastern Africa,50,target_only,MLP,13,0.31022166163633547,1.6300661246831343,1.3709902968793592
007,Eastern Africa,50,target_only,PLSR,14,0.40235773686597065,1.5885715626475474,1.406801489312665
007,Eastern Africa,50,target_only,Ridge,14,0.46640929324699243,1.5629688904468042,1.4298460154081862
007,Eastern Africa,50,target_only,MLP,14,0.5983916615870197,1.5259328845457973,1.4645498913128931
007,Eastern Africa,50,target_only,PLSR,15,0.4387513824753638,3.179484078283878,0.7028828530629252
007,Eastern Africa,50,target_only,Ridge,15,0.5402616433936682,1.4288259337658802,1.564084740764861
007,Eastern Africa,50,target_only,MLP,15,0.5822837732599182,1.6895738120062813,1.32270329022122
007,Eastern Africa,50,target_only,PLSR,16,0.5500703839094843,2.483759969985961,0.8997668322293434
007,Eastern Africa,50,target_only,Ridge,16,0.4818455370850381,1.5381873243035875,1.4528821066862727
007,Eastern Africa,50,target_only,MLP,16,0.3709869454497976,1.800294948745814,1.2413548356446853
007,Eastern Africa,50,target_only,PLSR,17,0.06276231966741097,1.6444340673202644,1.3590115192967929
007,Eastern Africa,50,target_only,Ridge,17,0.587686252834903,1.377285322480659,1.6226157381733808
007,Eastern Africa,50,target_only,MLP,17,0.6124676233957485,1.5965094581032455,1.3998068278702256
007,Eastern Africa,50,target_only,PLSR,18,0.46165675287970875,1.7567215359363455,1.2721451832268622
007,Eastern Africa,50,target_only,Ridge,18,0.6362838839827502,1.71792989670509,1.3008708006645493
007,Eastern Africa,50,target_only,MLP,18,0.5211802228668174,1.7099019509061089,1.3069783557051633
007,Eastern Africa,50,target_only,PLSR,19,0.37158473098519507,2.439710900011493,0.9160121554573492
007,Eastern Africa,50,target_only,Ridge,19,0.516187304819653,1.5865868532856318,1.4085612997386834
007,Eastern Africa,50,target_only,MLP,19,0.4765304387306477,1.552730774017229,1.4392738764560093
007,Eastern Africa,50,target_only,PLSR,20,0.505594223480793,1.4714605688538407,1.5187663791446788
007,Eastern Africa,50,target_only,Ridge,20,0.5533708375440995,1.536172864022135,1.4547873436332979
007,Eastern Africa,50,target_only,MLP,20,0.5063052761510731,1.3793323781894635,1.6202076276537218
007,Eastern Africa,50,target_only,PLSR,21,0.6374928586405335,2.0535300541478487,1.088274717819843
007,Eastern Africa,50,target_only,Ridge,21,0.6125671016470128,1.6379288126879286,1.3644090163753106
007,Eastern Africa,50,target_only,MLP,21,0.4506473549249136,2.046160764518242,1.0921941613607717
007,Eastern Africa,50,target_only,PLSR,22,0.6705693042661496,1.3439159513210635,1.6629052122013388
007,Eastern Africa,50,target_only,Ridge,22,0.6440397176289792,1.228519618448018,1.8191039090084158
007,Eastern Africa,50,target_only,MLP,22,0.3746992413851924,5.129068198817243,0.4357136137764088
007,Eastern Africa,50,target_only,PLSR,23,0.40862914037576714,1.7568515524138337,1.2720510376313794
007,Eastern Africa,50,target_only,Ridge,23,0.6217527162995464,1.4697251021275808,1.5205597543222222
007,Eastern Africa,50,target_only,MLP,23,0.418668876546312,1.934071255155581,1.1554925053847327
007,Eastern Africa,50,target_only,PLSR,24,0.44397627253474137,1.5735076337789253,1.420269461829826
007,Eastern Africa,50,target_only,Ridge,24,0.5407472410923666,1.7245294013549342,1.2958925713046516
007,Eastern Africa,50,target_only,MLP,24,0.5876172790762868,1.5602801828895174,1.432309956070603
007,Eastern Africa,50,target_only,PLSR,25,0.04496288199886733,1.610610680906643,1.3875512355067108
007,Eastern Africa,50,target_only,Ridge,25,0.5008221511793385,1.4538616133039535,1.537151005131528
007,Eastern Africa,50,target_only,MLP,25,0.4699326741102505,2.2362919219165525,0.9993350234423058
007,Eastern Africa,50,target_only,PLSR,26,0.5976455789859726,1.7778288818137278,1.2570415876765293
007,Eastern Africa,50,target_only,Ridge,26,0.6390011329448024,1.5671060528283212,1.4260712197358498
007,Eastern Africa,50,target_only,MLP,26,0.5297338907478184,1.6548853915152546,1.3504287678593099
007,Eastern Africa,50,target_only,PLSR,27,0.18867982297137453,4.81553147727591,0.46408269798633317
007,Eastern Africa,50,target_only,Ridge,27,0.6030830241520554,1.4435083303593965,1.5481759219608437
007,Eastern Africa,50,target_only,MLP,27,0.539427859826872,1.3155410227892292,1.6987724453275135
007,Eastern Africa,50,target_only,PLSR,28,0.1575961131396112,25.89482866356316,0.08630313292464184
007,Eastern Africa,50,target_only,Ridge,28,0.6279690392071496,1.589146764586593,1.406292288424152
007,Eastern Africa,50,target_only,MLP,28,0.49715712466416107,1.7802330008600038,1.2553440134705494
007,Eastern Africa,50,target_only,PLSR,29,0.4987412255399458,1.7982621953090903,1.2427580616675271
007,Eastern Africa,50,target_only,Ridge,29,0.6462959932855761,1.5504875278652062,1.441356218640027
007,Eastern Africa,50,target_only,MLP,29,0.537516654168549,1.4945870878080305,1.4952657215110121
007,Eastern Africa,100,target_only,PLSR,0,0.6604891971608694,3.696687765266363,0.6045424937454217
007,Eastern Africa,100,target_only,Ridge,0,0.7027678987876501,2.1021598495051825,1.0630993835879594
007,Eastern Africa,100,target_only,MLP,0,0.7239928967071375,1.0625566249745593,2.1032336420337363
007,Eastern Africa,100,pooled,PLSR,0,-0.04333860292983793,1.5409687329456956,1.4502596921225608
007,Eastern Africa,100,pooled,Ridge,0,0.09422355176050523,1.4687185750488554,1.5216018086637044
007,Eastern Africa,100,pooled,MLP,0,0.7520628972163388,1.0781153027057226,2.0728811052061644
007,Eastern Africa,100,target_only,PLSR,1,0.6645407042249446,5.556148940292438,0.40222191021659187
007,Eastern Africa,100,target_only,Ridge,1,0.6763119772717754,2.706227295039957,0.8258008646606754
007,Eastern Africa,100,target_only,MLP,1,0.7349008002695455,1.6912799351233574,1.3213689784886595
007,Eastern Africa,100,pooled,PLSR,1,-0.017356579904593605,1.5490915802707672,1.442655081645782
007,Eastern Africa,100,pooled,Ridge,1,0.12453451363285784,1.4732129018935465,1.5169598619044695
007,Eastern Africa,100,pooled,MLP,1,0.785482956444492,1.1638361371883248,1.9202057478738477
007,Eastern Africa,100,target_only,PLSR,2,0.5276566812426882,4.257373773003215,0.5249256840880693
007,Eastern Africa,100,target_only,Ridge,2,0.6345734617639958,1.3256269020111358,1.6858475313241221
007,Eastern Africa,100,target_only,MLP,2,0.6653769541835586,1.1327110050312148,1.972970007606425
007,Eastern Africa,100,pooled,PLSR,2,-0.09283625128577233,1.5375767879684337,1.45345901271384
007,Eastern Africa,100,pooled,Ridge,2,0.04261844167045681,1.464905567182019,1.5255623913774339
007,Eastern Africa,100,pooled,MLP,2,0.7818244576649498,1.0453909148180642,2.1377695257675486
007,Eastern Africa,100,target_only,PLSR,3,0.6639934778452323,1.626036201929563,1.3743881209780868
007,Eastern Africa,100,target_only,Ridge,3,0.6633171539928944,1.6182690873332497,1.3809846938960308
007,Eastern Africa,100,target_only,MLP,3,0.6918480376771423,1.280472946169171,1.7452964132496895
007,Eastern Africa,100,pooled,PLSR,3,-0.0477697237004866,1.5386986360659172,1.452399311879665
007,Eastern Africa,100,pooled,Ridge,3,0.09494278537770662,1.4659229478397802,1.5245036197199724
007,Eastern Africa,100,pooled,MLP,3,0.7519539412921155,1.2316320793736801,1.8145068463536438
007,Eastern Africa,100,target_only,PLSR,4,0.6671774762752641,1.4543133287683703,1.5366735599576262
007,Eastern Africa,100,target_only,Ridge,4,0.6405644702123918,1.3904223385590995,1.6072849077843894
007,Eastern Africa,100,target_only,MLP,4,0.6858341052562441,1.4442316374967035,1.5474005569396885
007,Eastern Africa,100,pooled,PLSR,4,-0.02997778882785518,1.5416345628926575,1.4496333268625117
007,Eastern Africa,100,pooled,Ridge,4,0.10679789702991815,1.4690236860853203,1.5212857773366906
007,Eastern Africa,100,pooled,MLP,4,0.760625705437584,1.2744964823735314,1.7534805871338113
007,Eastern Africa,100,target_only,PLSR,5,0.5803115284647107,1.3003916859880131,1.7185628486346054
007,Eastern Africa,100,target_only,Ridge,5,0.6477913470002497,1.429873782632705,1.5629385386013308
007,Eastern Africa,100,target_only,MLP,5,0.6638912769617364,1.331212458729803,1.6787739819868353
007,Eastern Africa,100,pooled,PLSR,5,-0.032847205602424046,1.5470634590815426,1.4445463287841285
007,Eastern Africa,100,pooled,Ridge,5,0.10406378316746712,1.4736167084853231,1.5165441782411597
007,Eastern Africa,100,pooled,MLP,5,0.7739150764073435,1.2408043366731147,1.801093672999523
007,Eastern Africa,100,target_only,PLSR,6,0.746950158302424,1.1702337626879238,1.909708052756201
007,Eastern Africa,100,target_only,Ridge,6,0.6702309926415824,1.2158093522591624,1.8381211133634585
007,Eastern Africa,100,target_only,MLP,6,0.6084311623707095,1.047047572469611,2.1343871080673162
007,Eastern Africa,100,pooled,PLSR,6,-0.03414176359660903,1.5381203049515728,1.4529454120187817
007,Eastern Africa,100,pooled,Ridge,6,0.10162772248818008,1.4648416821485883,1.5256289245772747
007,Eastern Africa,100,pooled,MLP,6,0.7643336425855569,0.9755405032314438,2.290837574462161
007,Eastern Africa,100,target_only,PLSR,7,0.7375638854730148,1.4619888365860731,1.5286059539489139
007,Eastern Africa,100,target_only,Ridge,7,0.6864320491608975,1.4810078719715103,1.508975666170738
007,Eastern Africa,100,target_only,MLP,7,0.7537586642398239,1.218654149581384,1.8338302470639334
007,Eastern Africa,100,pooled,PLSR,7,-0.08910918161857495,1.5459964145699328,1.4455433525917962
007,Eastern Africa,100,pooled,Ridge,7,0.04978965454935558,1.4693408454361516,1.5209574055970307
007,Eastern Africa,100,pooled,MLP,7,0.763333058607305,1.1056369223595972,2.021282751161117
007,Eastern Africa,100,target_only,PLSR,8,0.7055364115534786,1.7873112280978347,1.250372517712392
007,Eastern Africa,100,target_only,Ridge,8,0.6728867338221973,1.4611563333913167,1.529476886997695
007,Eastern Africa,100,target_only,MLP,8,0.7369939954615092,1.1795379982984178,1.8946442110692576
007,Eastern Africa,100,pooled,PLSR,8,-0.03975377908486588,1.5441203228314593,1.44729967423416
007,Eastern Africa,100,pooled,Ridge,8,0.09912942438385786,1.4699695867096179,1.5203068556096508
007,Eastern Africa,100,pooled,MLP,8,0.7888427829219307,1.067918527922888,2.092673534336963
007,Eastern Africa,100,target_only,PLSR,9,0.618655489385733,1.7083286527761707,1.3081820272583853
007,Eastern Africa,100,target_only,Ridge,9,0.6503900389822042,1.474509864930362,1.5156255603063478
007,Eastern Africa,100,target_only,MLP,9,0.7008467537876466,1.6809408103432777,1.3294964501194606
007,Eastern Africa,100,pooled,PLSR,9,-0.05685627256697012,1.536966961338931,1.4540357056637467
007,Eastern Africa,100,pooled,Ridge,9,0.07392646505088063,1.465965258973664,1.524459619034168
007,Eastern Africa,100,pooled,MLP,9,0.7661198540043584,1.2038670245130645,1.8563552242127759
007,Eastern Africa,100,target_only,PLSR,10,0.7446474140755979,1.4637676061540896,1.5267483928572887
007,Eastern Africa,100,target_only,Ridge,10,0.7345683845559898,1.4110672663864254,1.5837691748993548
007,Eastern Africa,100,target_only,MLP,10,0.7512275950203198,1.1658839286503757,1.9168330442630952
007,Eastern Africa,100,target_only,PLSR,11,0.6757370707255115,1.4116605687450734,1.5831035375586044
007,Eastern Africa,100,target_only,Ridge,11,0.6382463259088055,1.5953822358716778,1.400795865695016
007,Eastern Africa,100,target_only,MLP,11,0.668058452821953,1.53602688559792,1.454925601346091
007,Eastern Africa,100,target_only,PLSR,12,0.5657384765064579,1.4926695570711912,1.4971865873631738
007,Eastern Africa,100,target_only,Ridge,12,0.5515625809981701,1.3564404843887357,1.6475509732514406
007,Eastern Africa,100,target_only,MLP,12,0.7161910870736344,1.315733551694702,1.698523867035104
007,Eastern Africa,100,target_only,PLSR,13,0.7021937231723525,2.798368219900716,0.7986099986125509
007,Eastern Africa,100,target_only,Ridge,13,0.7228598409952562,1.3836019975439828,1.6152078734920123
007,Eastern Africa,100,target_only,MLP,13,0.6933981377885037,0.9788459801863697,2.2831016170560523
007,Eastern Africa,100,target_only,PLSR,14,0.5652924978805312,1.8017877643096751,1.2403263494624437
007,Eastern Africa,100,target_only,Ridge,14,0.6652005008449473,1.280608961457624,1.745111042849959
007,Eastern Africa,100,target_only,MLP,14,0.7462633019168103,1.3486203845073816,1.6571044497660008
007,Eastern Africa,100,target_only,PLSR,15,0.7368377051736688,1.5294362124444547,1.4611951920770148
007,Eastern Africa,100,target_only,Ridge,15,0.7074379979521679,1.4141073411176006,1.5803643579461943
007,Eastern Africa,100,target_only,MLP,15,0.6956815629101001,1.3514467966447503,1.653638786048173
007,Eastern Africa,100,target_only,PLSR,16,0.6242104624470446,1.2356026593434675,1.8086759714484362
007,Eastern Africa,100,target_only,Ridge,16,0.671808848896936,1.4075419320937461,1.5877358885415238
007,Eastern Africa,100,target_only,MLP,16,0.7270474606259878,1.1984690633185888,1.8647163357092342
007,Eastern Africa,100,target_only,PLSR,17,0.6755110769429415,2.0255023175386664,1.1033336377160947
007,Eastern Africa,100,target_only,Ridge,17,0.6817041135833841,1.2936690172321708,1.7274935168453862
007,Eastern Africa,100,target_only,MLP,17,0.7475577676355399,1.1791472483010048,1.8952720649879606
007,Eastern Africa,100,target_only,PLSR,18,0.716147012192391,1.5129613331457985,1.4771063815395982
007,Eastern Africa,100,target_only,Ridge,18,0.6874518711846549,1.6859766484179917,1.3255253815699697
007,Eastern Africa,100,target_only,MLP,18,0.6415234550309222,1.3426198655693256,1.6645104824697858
007,Eastern Africa,100,target_only,PLSR,19,0.6704271296242641,1.3173202038943916,1.6964780723817694
007,Eastern Africa,100,target_only,Ridge,19,0.6501586043597382,1.3297390776919387,1.6806341016098614
007,Eastern Africa,100,target_only,MLP,19,0.7623288145496425,1.0813429354400927,2.0666938923522724
007,Eastern Africa,100,target_only,PLSR,20,0.6049715962119011,1.3684910799673462,1.6330430449467321
007,Eastern Africa,100,target_only,Ridge,20,0.5985968185813373,1.4232811281114788,1.5701780878508744
007,Eastern Africa,100,target_only,MLP,20,0.7010782152898107,1.1635934446639082,1.9206062482225628
007,Eastern Africa,100,target_only,PLSR,21,0.566408294378956,1.4338102329826954,1.558647573300789
007,Eastern Africa,100,target_only,Ridge,21,0.6285069969624356,1.5392155610356317,1.4519115429866571
007,Eastern Africa,100,target_only,MLP,21,0.7164324784606603,1.3070126530689528,1.7098570813104574
007,Eastern Africa,100,target_only,PLSR,22,0.669590837784029,2.4937220249675933,0.896172395253781
007,Eastern Africa,100,target_only,Ridge,22,0.6644168170359834,1.4542262597583033,1.5367655653417702
007,Eastern Africa,100,target_only,MLP,22,0.7664656052212234,1.0334467830380403,2.162476943072603
007,Eastern Africa,100,target_only,PLSR,23,0.5201751562757768,1.4512654661623978,1.5399007916324527
007,Eastern Africa,100,target_only,Ridge,23,0.5958621382013329,1.349960730628674,1.655459147446143
007,Eastern Africa,100,target_only,MLP,23,0.6881452887797588,0.9813713047415227,2.2772266005891915
007,Eastern Africa,100,target_only,PLSR,24,0.7011451076527213,1.3822686703448988,1.616765892302758
007,Eastern Africa,100,target_only,Ridge,24,0.6946404548922565,1.5826723536106786,1.412045162167568
007,Eastern Africa,100,target_only,MLP,24,0.642705571929778,1.4781706341802954,1.5118720319130177
007,Eastern Africa,100,target_only,PLSR,25,0.7097503079479338,1.1443930125889445,1.9528298544540645
007,Eastern Africa,100,target_only,Ridge,25,0.6785290793207128,1.3230073686689106,1.6891854823611254
007,Eastern Africa,100,target_only,MLP,25,0.6011437112040632,1.0411316548307972,2.14651512115969
007,Eastern Africa,100,target_only,PLSR,26,0.6586553337568725,1.2892508794413997,1.7334134696736467
007,Eastern Africa,100,target_only,Ridge,26,0.6639529475709343,1.2583474174351794,1.775983968535015
007,Eastern Africa,100,target_only,MLP,26,0.7252804047906618,1.0062972158632815,2.220819858171946
007,Eastern Africa,100,target_only,PLSR,27,0.645830084478947,1.5582944818339828,1.4341351177616557
007,Eastern Africa,100,target_only,Ridge,27,0.6470388275382766,1.7692868886076227,1.263110496439073
007,Eastern Africa,100,target_only,MLP,27,0.7611036007678456,1.4087460325090266,1.5863787997557306
007,Eastern Africa,100,target_only,PLSR,28,0.755274135955219,1.4174312539390148,1.5766583627966693
007,Eastern Africa,100,target_only,Ridge,28,0.6838189408326443,1.417468338540951,1.5766171133760059
007,Eastern Africa,100,target_only,MLP,28,0.7470903507736306,1.3708825021947004,1.6301942993907421
007,Eastern Africa,100,target_only,PLSR,29,0.6803675584731519,1.2952069605656527,1.7254422715859372
007,Eastern Africa,100,target_only,Ridge,29,0.702080231009565,1.2886278287140207,1.734251573972703
007,Eastern Africa,100,target_only,MLP,29,0.7533886294886837,1.125167896387087,1.9861967688451414
008,Southern Africa,10,target_only,PLSR,0,-1.5792271574523733,2.095103345312018,0.33845292084751394
008,Southern Africa,10,target_only,Ridge,0,0.05645869924062896,0.7329584350728519,0.9674407343818484
008,Southern Africa,10,target_only,MLP,0,-4.75314552494049,2.052340424900295,0.3455049845021197
008,Southern Africa,10,pooled,PLSR,0,0.514285900540705,0.5598554062196451,1.2665660433402246
008,Southern Africa,10,pooled,Ridge,0,0.5173518278165556,0.535179886914503,1.3249635571815324
008,Southern Africa,10,pooled,MLP,0,0.46748776277711357,0.6164983914474769,1.1501957775321496
008,Southern Africa,10,target_only,PLSR,1,-1.6518902972491185,1.0429981766400067,0.6798610607188008
008,Southern Africa,10,target_only,Ridge,1,-0.7754625893180462,0.8705606842437604,0.8145254656362371
008,Southern Africa,10,target_only,MLP,1,-1.7352533849981278,3.116364412859467,0.22753880893140171
008,Southern Africa,10,pooled,PLSR,1,0.5136613422439196,0.5600837681146661,1.2660496287638838
008,Southern Africa,10,pooled,Ridge,1,0.5161408778578027,0.535437033529547,1.3243272360598126
008,Southern Africa,10,pooled,MLP,1,0.40524633010954747,0.7048984522330048,1.0059517714246002
008,Southern Africa,10,target_only,PLSR,2,-4.915405133624176,5.177125575978153,0.13696670793315183
008,Southern Africa,10,target_only,Ridge,2,-1.6044800218545996,2.00754029665024,0.3532152494679367
008,Southern Africa,10,target_only,MLP,2,-2.033621707329694,2.977458914812678,0.2381540323429993
008,Southern Africa,10,pooled,PLSR,2,0.513186940960682,0.5590904106744887,1.2682990678427069
008,Southern Africa,10,pooled,Ridge,2,0.5145877847321019,0.5352866331950704,1.3246993343841644
008,Southern Africa,10,pooled,MLP,2,0.40857793635243733,0.6954503125311396,1.0196182731120702
008,Southern Africa,10,target_only,PLSR,3,-0.38340647890520096,1.0474784422364614,0.6769531649589566
008,Southern Africa,10,target_only,Ridge,3,0.21959229974141292,0.6678609353779242,1.0617387679622157
008,Southern Africa,10,target_only,MLP,3,-1.3998459861356705,0.8008603324612634,0.8854151191619272
008,Southern Africa,10,pooled,PLSR,3,0.5140822295278621,0.5595738712927165,1.267203282848278
008,Southern Africa,10,pooled,Ridge,3,0.5163446528252107,0.5345556465532442,1.3265108156099539
008,Southern Africa,10,pooled,MLP,3,0.4334301823354503,0.811276875141865,0.8740466644932453
008,Southern Africa,10,target_only,PLSR,4,-2.1383637560972732,7.497870041162809,0.09457270435541987
008,Southern Africa,10,target_only,Ridge,4,-0.34681464101251347,0.933912626939465,0.7592721484257356
008,Southern Africa,10,target_only,MLP,4,-0.3717637852883755,1.3771655694222973,0.5148936790481232
008,Southern Africa,10,pooled,PLSR,4,0.5133183440048948,0.5591994792113872,1.268051693642941
008,Southern Africa,10,pooled,Ridge,4,0.5148653048599816,0.5347579175214527,1.3260090659056087
008,Southern Africa,10,pooled,MLP,4,0.38673282380167506,0.7083879762696415,1.0009964460892262
008,Southern Africa,10,target_only,PLSR,5,-0.025518733102562363,0.8332713869786166,0.8509758738619053
008,Southern Africa,10,target_only,Ridge,5,0.23095181202125714,0.6456827602012618,1.0982078048316217
008,Southern Africa,10,target_only,MLP,5,-0.9336287879579148,0.7888406884787202,0.8989062773444636
008,Southern Africa,10,pooled,PLSR,5,0.514075269071868,0.5603513327445204,1.2654450971414848
008,Southern Africa,10,pooled,Ridge,5,0.5164940274415136,0.5358036989322784,1.3234209620263826
008,Southern Africa,10,pooled,MLP,5,0.3943298158655145,0.7133831392262807,0.9939873928998622
008,Southern Africa,10,target_only,PLSR,6,-2.5237474490527836,4490.893296298705,0.00015789594628816268
008,Southern Africa,10,target_only,Ridge,6,0.1506981488720548,1.028521891554989,0.6894299990311281
008,Southern Africa,10,target_only,MLP,6,-0.11977406065585461,1.3443048682635232,0.5274799366115566
008,Southern Africa,10,pooled,PLSR,6,0.5165435929362935,0.5593393314681466,1.2677346412186494
008,Southern Africa,10,pooled,Ridge,6,0.5185860481878324,0.5342156821748485,1.3273549810658014
008,Southern Africa,10,pooled,MLP,6,0.40978884182105213,0.939219947873345,0.7549816720820673
008,Southern Africa,10,target_only,PLSR,7,-0.956822077003552,1.4228477357826814,0.4983624240777887
008,Southern Africa,10,target_only,Ridge,7,-0.033111659774363034,0.9015651322405027,0.7865142753869183
008,Southern Africa,10,target_only,MLP,7,-1.9287888947600487,4.631636888089431,0.1530978925661753
008,Southern Africa,10,pooled,PLSR,7,0.5145635320620534,0.5598795272284529,1.2665114765107528
008,Southern Africa,10,pooled,Ridge,7,0.5175939440836529,0.5345065437191886,1.3266326764949463
008,Southern Africa,10,pooled,MLP,7,0.38939978225990124,0.6807583395968002,1.0416234446987935
008,Southern Africa,10,target_only,PLSR,8,0.17975195990899795,0.7081990420368786,1.0012634931823658
008,Southern Africa,10,target_only,Ridge,8,0.1988489384556943,0.70808103600049,1.0014303598688095
008,Southern Africa,10,target_only,MLP,8,-1.2304158721300165,4.0665876917937345,0.17437072564036493
008,Southern Africa,10,pooled,PLSR,8,0.5131801923701305,0.5597750997433367,1.2667477474853344
008,Southern Africa,10,pooled,Ridge,8,0.5156490576611147,0.5352616735884421,1.3247611059921807
008,Southern Africa,10,pooled,MLP,8,0.44463257283569035,0.6783667081709805,1.045295764307356
008,Southern Africa,10,target_only,PLSR,9,-1.4360965375291057,3.7408435086126404,0.1895545336407912
008,Southern Africa,10,target_only,Ridge,9,-0.5405683388472273,1.0150123453291886,0.6986061302222654
008,Southern Africa,10,target_only,MLP,9,-2.31841966622058,2.4045671731652702,0.29489458835322496
008,Southern Africa,10,pooled,PLSR,9,0.5136982408981888,0.5594662401297971,1.2674470697887672
008,Southern Africa,10,pooled,Ridge,9,0.516225658782676,0.5344876514003161,1.3266795684436852
008,Southern Africa,10,pooled,MLP,9,0.35097734837864814,0.670896463138513,1.0569348411542467
008,Southern Africa,10,target_only,PLSR,10,-0.20650367833602945,1.5694802979040687,0.4518016872497192
008,Southern Africa,10,target_only,Ridge,10,-0.039844098627908275,0.8384934075406859,0.8456761142321123
008,Southern Africa,10,target_only,MLP,10,-1.127843271009398,7.309002209598605,0.09701650462863824
008,Southern Africa,10,target_only,PLSR,11,0.19635976356285811,0.9403231707829189,0.7540958988683159
008,Southern Africa,10,target_only,Ridge,11,0.33319105780418845,0.714699131098278,0.9921571411575467
008,Southern Africa,10,target_only,MLP,11,-0.422769724485051,1.240323951252589,0.5717005190314549
008,Southern Africa,10,target_only,PLSR,12,-0.5039247643366309,2.076193392521254,0.34153554733990954
008,Southern Africa,10,target_only,Ridge,12,-0.10213110334605191,1.0247314346754128,0.6919801839814331
008,Southern Africa,10,target_only,MLP,12,-1.3431383040422715,9.033953326171572,0.07849208658672044
008,Southern Africa,10,target_only,PLSR,13,-0.6899151254187679,0.9990847597028202,0.7097434324883222
008,Southern Africa,10,target_only,Ridge,13,-0.3658514815246927,0.6900218064906237,1.0276397644657418
008,Southern Africa,10,target_only,MLP,13,-2.6598193407070667,2.5281679767516168,0.2804773469242926
008,Southern Africa,10,target_only,PLSR,14,-0.2365932284097263,1.8484786742705681,0.38360942788699853
008,Southern Africa,10,target_only,Ridge,14,-0.07188694029701126,1.1732244444037856,0.6043974365523901
008,Southern Africa,10,target_only,MLP,14,-0.43304383235529365,1.2905043634378484,0.5494703208978344
008,Southern Africa,10,target_only,PLSR,15,-0.6462321187491427,0.826665689011869,0.8577758290002879
008,Southern Africa,10,target_only,Ridge,15,-0.52188283048455,0.8180782401883093,0.8667799873701901
008,Southern Africa,10,target_only,MLP,15,-1.9109779851371798,0.9428070294919977,0.752109206356176
008,Southern Africa,10,target_only,PLSR,16,-3.608951189166218,288.95946607676086,0.0024539561078434522
008,Southern Africa,10,target_only,Ridge,16,-0.3212561585503029,1.23160238751718,0.5757490029941654
008,Southern Africa,10,target_only,MLP,16,-0.7272821925426349,4.531053527285999,0.15649646212036292
008,Southern Africa,10,target_only,PLSR,17,-6.876276988939803,3044.0484921194575,0.000232944333355391
008,Southern Africa,10,target_only,Ridge,17,-2.3288866868846663,3.8989645788274307,0.1818672194532996
008,Southern Africa,10,target_only,MLP,17,-2.021280186790891,1.7448586622501465,0.4063904212068456
008,Southern Africa,10,target_only,PLSR,18,0.029092650756909144,0.6969367200579238,1.0174436592167448
008,Southern Africa,10,target_only,Ridge,18,0.04304038186873971,0.6854740382974213,1.0344576265200294
008,Southern Africa,10,target_only,MLP,18,-2.758426681144344,0.8015525487709566,0.884650479604268
008,Southern Africa,10,target_only,PLSR,19,-1.4315453806279677,32.85415409975483,0.02158308031749147
008,Southern Africa,10,target_only,Ridge,19,-0.1676750730416834,0.9737266531100344,0.7282268020839727
008,Southern Africa,10,target_only,MLP,19,-0.26229521558682967,2.7597114330825008,0.25694492481999004
008,Southern Africa,10,target_only,PLSR,20,-0.7576870349112368,1.3193238134335572,0.5374676326449565
008,Southern Africa,10,target_only,Ridge,20,-0.10568294430085956,0.8013776132236908,0.8848435930794073
008,Southern Africa,10,target_only,MLP,20,-3.2914291481631475,3.000020436937396,0.23636300538743543
008,Southern Africa,10,target_only,PLSR,21,-1.5569340953540616,1.8317533429013921,0.38711208004407743
008,Southern Africa,10,target_only,Ridge,21,-0.3636562677610262,1.061553889217438,0.6679772491069518
008,Southern Africa,10,target_only,MLP,21,-1.5455200615746905,0.838553005229668,0.8456160102891042
008,Southern Africa,10,target_only,PLSR,22,-2.4058984560907892,0.8191755872500066,0.8656188706485948
008,Southern Africa,10,target_only,Ridge,22,-1.490742008005804,0.7874771696100293,0.9004627360173555
008,Southern Africa,10,target_only,MLP,22,-1.0156752851115654,0.9049674553555324,0.783557289825047
008,Southern Africa,10,target_only,PLSR,23,-1.296300195823847,2.441755069928486,0.2904033477522453
008,Southern Africa,10,target_only,Ridge,23,-0.30853380331057756,0.7870060454126272,0.9010017786159092
008,Southern Africa,10,target_only,MLP,23,-3.1389037873213006,6.215405747659156,0.11408649338223957
008,Southern Africa,10,target_only,PLSR,24,0.19703985686069858,0.8823314235301875,0.8036592914952323
008,Southern Africa,10,target_only,Ridge,24,0.31376564547132924,0.8060455705588445,0.8797193019826706
008,Southern Africa,10,target_only,MLP,24,-0.337902512893856,1.2010056188478107,0.5904167603966101
008,Southern Africa,10,target_only,PLSR,25,-17.21459211477198,119.87415182759082,0.005915318989852837
008,Southern Africa,10,target_only,Ridge,25,-7.17753607669977,7.746795544731317,0.09153382745211508
008,Southern Africa,10,target_only,MLP,25,-4.809738103451374,1.9212742836946295,0.36907476080648705
008,Southern Africa,10,target_only,PLSR,26,-0.3760414164007375,8.06378418165593,0.0879356181569625
008,Southern Africa,10,target_only,Ridge,26,0.025303634040639067,1.0338015246260028,0.68590907423432
008,Southern Africa,10,target_only,MLP,26,-0.413586720303869,1.1069997312020399,0.6405546692665208
008,Southern Africa,10,target_only,PLSR,27,-0.5652363730095329,0.8774510623765707,0.8081292246403736
008,Southern Africa,10,target_only,Ridge,27,0.1847314781738454,0.7412091809870334,0.9566716992819534
008,Southern Africa,10,target_only,MLP,27,-0.5657243258179865,0.9609362981901035,0.7379197227056657
008,Southern Africa,10,target_only,PLSR,28,-1.9309200026938256,5.62739465698201,0.12600748479910942
008,Southern Africa,10,target_only,Ridge,28,-0.6889283498222409,1.0142204622317954,0.6991515879475424
008,Southern Africa,10,target_only,MLP,28,-2.937590430186498,0.828551534560192,0.8558234667619656
008,Southern Africa,10,target_only,PLSR,29,-0.6277890580609462,1.885269851292754,0.3761232622544806
008,Southern Africa,10,target_only,Ridge,29,0.16228139602393266,1.0296283845783893,0.6886891011543051
008,Southern Africa,10,target_only,MLP,29,-0.6201057359495044,1.6576200045521048,0.42777828739455276
008,Southern Africa,25,target_only,PLSR,0,-5.296072390991872,63.874095266047206,0.011101430771657046
008,Southern Africa,25,target_only,Ridge,0,-0.4115186208907824,0.9088258774732516,0.7802306957518604
008,Southern Africa,25,target_only,MLP,0,-0.8627961941249918,1.3649227086735394,0.5195120882612925
008,Southern Africa,25,pooled,PLSR,0,0.517349579304493,0.559625064243504,1.2670873626019532
008,Southern Africa,25,pooled,Ridge,0,0.5214133763350192,0.5339781248566854,1.3279454975586578
008,Southern Africa,25,pooled,MLP,0,0.472433518301982,0.8062236957457639,0.8795249388475641
008,Southern Africa,25,target_only,PLSR,1,-0.24910196285822717,1.180635681226338,0.6006034359064155
008,Southern Africa,25,target_only,Ridge,1,0.0764099557924145,0.8842408035534287,0.8019239146719657
008,Southern Africa,25,target_only,MLP,1,-0.03219635161270551,0.6752174359441337,1.0501711137046514
008,Southern Africa,25,pooled,PLSR,1,0.517156889606454,0.5609374858515609,1.264122766945719
008,Southern Africa,25,pooled,Ridge,1,0.521933301791556,0.5356433981573668,1.3238170191914234
008,Southern Africa,25,pooled,MLP,1,0.41497462651690553,0.727862998203672,0.9742133457096417
008,Southern Africa,25,target_only,PLSR,2,-1.0751733437491287,1.588564332656211,0.4463740196864338
008,Southern Africa,25,target_only,Ridge,2,-0.08322484098003091,0.705360891097025,1.0052922633624035
008,Southern Africa,25,target_only,MLP,2,0.027752857420336285,0.7371150450306341,0.9619853121689853
008,Southern Africa,25,pooled,PLSR,2,0.5149757725677551,0.5576444455513381,1.271587751577397
008,Southern Africa,25,pooled,Ridge,2,0.5185209475952975,0.5326215143547497,1.3313278333438894
008,Southern Africa,25,pooled,MLP,2,0.5177844163034062,0.6646679936768646,1.0668391639796388
008,Southern Africa,25,target_only,PLSR,3,-0.5211244156780401,41.053868788239335,0.01727227829259745
008,Southern Africa,25,target_only,Ridge,3,0.25100307538774447,0.7742719494441033,0.9158201420151557
008,Southern Africa,25,target_only,MLP,3,-0.28015665331420814,0.8662133560484699,0.8186133840431941
008,Southern Africa,25,pooled,PLSR,3,0.5150556867787236,0.5597927223856267,1.266707869434883
008,Southern Africa,25,pooled,Ridge,3,0.5180616360909243,0.5342484306585231,1.3272736165536505
008,Southern Africa,25,pooled,MLP,3,0.42511022984159275,0.8091415657715445,0.8763532571980833
008,Southern Africa,25,target_only,PLSR,4,-0.2968190922645013,4.18892664162395,0.1692781725161343
008,Southern Africa,25,target_only,Ridge,4,0.13851284999798563,1.24100476471137,0.5713868849352641
008,Southern Africa,25,target_only,MLP,4,-0.5241982776225,2.7077069506482894,0.26187983397851683
008,Southern Africa,25,pooled,PLSR,4,0.5139367146656307,0.5584746992925322,1.2696973517269807
008,Southern Africa,25,pooled,Ridge,4,0.5172482598474055,0.5330644753347574,1.3302215388728513
008,Southern Africa,25,pooled,MLP,4,0.4049055934280903,0.9983459079733489,0.7102686964858873
008,Southern Africa,25,target_only,PLSR,5,-1.2320510630340764,12.634133255571351,0.056125246770335965
008,Southern Africa,25,target_only,Ridge,5,0.05211195374697153,0.9708556112599189,0.7303803351128909
008,Southern Africa,25,target_only,MLP,5,0.1736510941732492,0.8514856779477303,0.8327724882082854
008,Southern Africa,25,pooled,PLSR,5,0.5145735568689486,0.5593422455919738,1.2677280364328434
008,Southern Africa,25,pooled,Ridge,5,0.5170856206266048,0.5351347531823398,1.3250753057644085
008,Southern Africa,25,pooled,MLP,5,0.41953700578038877,0.7501347342468543,0.9452886452594282
008,Southern Africa,25,target_only,PLSR,6,-1.0784971713171858,7.875578049371858,0.09003705407437441
008,Southern Africa,25,target_only,Ridge,6,0.10843162666508388,1.0511388899655343,0.6745957679498478
008,Southern Africa,25,target_only,MLP,6,-0.2149372114392354,1.9074600896640737,0.37174767144047033
008,Southern Africa,25,pooled,PLSR,6,0.5145485469134653,0.5584676754667312,1.2697133206602071
008,Southern Africa,25,pooled,Ridge,6,0.5162917898709163,0.5345221643158358,1.326593907674265
008,Southern Africa,25,pooled,MLP,6,0.42367289523389284,0.9888655533755829,0.7170781146918239
008,Southern Africa,25,target_only,PLSR,7,-0.39851138601808045,3.531795803831162,0.2007743046551704
008,Southern Africa,25,target_only,Ridge,7,0.09157292735051503,1.6829170560796576,0.4213480659290951
008,Southern Africa,25,target_only,MLP,7,-1.273879622114288,15.871909677101536,0.04467602582953597
008,Southern Africa,25,pooled,PLSR,7,0.5142975252012344,0.5602107555452329,1.2657626432182916
008,Southern Africa,25,pooled,Ridge,7,0.517689196412747,0.535326483850883,1.3246007214090507
008,Southern Africa,25,pooled,MLP,7,0.405789983520497,0.7631541769056219,0.9291619808377759
008,Southern Africa,25,target_only,PLSR,8,-2.014200424228737,1116.6718182913671,0.0006350064854177507
008,Southern Africa,25,target_only,Ridge,8,-0.10880665051123373,2.1960481363173736,0.32289540241469994
008,Southern Africa,25,target_only,MLP,8,-0.3933261986939649,1.4708504459895901,0.4820978561291939
008,Southern Africa,25,pooled,PLSR,8,0.5167349819768621,0.5586943859053012,1.2691980885922876
008,Southern Africa,25,pooled,Ridge,8,0.5206419990756521,0.5330335255443182,1.330298776187003
008,Southern Africa,25,pooled,MLP,8,0.46001197659224036,0.833178331286775,0.851070917318641
008,Southern Africa,25,target_only,PLSR,9,-0.11573721108593249,1.0728352789810915,0.6609531403289617
008,Southern Africa,25,target_only,Ridge,9,0.3330395521106738,0.718431901849959,0.9870021708005123
008,Southern Africa,25,target_only,MLP,9,0.12816122754751158,0.7856390221731997,0.90256953471683
008,Southern Africa,25,pooled,PLSR,9,0.5167113057701056,0.5595574414096306,1.267240490827732
008,Southern Africa,25,pooled,Ridge,9,0.5207328223736102,0.5343310772914643,1.3270683230566749
008,Southern Africa,25,pooled,MLP,9,0.44425563846465943,0.742115058236591,0.9555039192752596
008,Southern Africa,25,target_only,PLSR,10,-0.19914629309696985,2.5844098455546254,0.2743736052228495
008,Southern Africa,25,target_only,Ridge,10,0.3380409126792261,0.5983146689998203,1.1851520336006722
008,Southern Africa,25,target_only,MLP,10,-0.2730475940582322,1.3642015117471558,0.5197867328193339
008,Southern Africa,25,target_only,PLSR,11,-0.6920077036979924,2.7326434791961938,0.25949006963280474
008,Southern Africa,25,target_only,Ridge,11,-0.09488381157368542,0.8558083044049617,0.828566214008964
008,Southern Africa,25,target_only,MLP,11,-0.41215180001738916,2.2852545891692286,0.31029096279204105
008,Southern Africa,25,target_only,PLSR,12,-1.6796994008184956,1325.5669949566661,0.0005349362570101038
008,Southern Africa,25,target_only,Ridge,12,0.2639517160353493,1.028788450254711,0.6892513679782176
008,Southern Africa,25,target_only,MLP,12,-0.4271885773945505,5.1175964530485265,0.13855993789347076
008,Southern Africa,25,target_only,PLSR,13,0.010924753839724244,2.901543717164651,0.24438502942535947
008,Southern Africa,25,target_only,Ridge,13,0.24577228772844462,0.685806138805658,1.0339566920954486
008,Southern Africa,25,target_only,MLP,13,-0.033946730722919316,0.7725621847209011,0.9178469522869803
008,Southern Africa,25,target_only,PLSR,14,-0.33342288610505944,1.3148904117602642,0.5392798064052922
008,Southern Africa,25,target_only,Ridge,14,0.13002350554924313,0.6036256033163931,1.1747246021414623
008,Southern Africa,25,target_only,MLP,14,-0.5576264442654724,0.8053574915901295,0.8804709139765837
008,Southern Africa,25,target_only,PLSR,15,-0.21195538720299956,2.612567872783431,0.27141643058742093
008,Southern Africa,25,target_only,Ridge,15,0.43353504140179044,0.5582964312619642,1.2701027751429934
008,Southern Africa,25,target_only,MLP,15,0.12785904291475336,0.7396732179482173,0.9586582689382869
008,Southern Africa,25,target_only,PLSR,16,-0.012194403014472499,0.7413425551343227,0.9564995854983268
008,Southern Africa,25,target_only,Ridge,16,0.28778307186298613,0.5955814918595764,1.1905908030893566
008,Southern Africa,25,target_only,MLP,16,-0.10205628355781093,0.778859188799155,0.9104262450720149
008,Southern Africa,25,target_only,PLSR,17,-0.25664803362064936,1.6314298739069244,0.4346456185702439
008,Southern Africa,25,target_only,Ridge,17,0.052725406500095495,0.7429937246828294,0.9543739376815726
008,Southern Africa,25,target_only,MLP,17,-0.03199274931003182,0.7328567418835003,0.9675749790822998
008,Southern Africa,25,target_only,PLSR,18,-0.6139922536461071,2.259894463940953,0.31377299162089434
008,Southern Africa,25,target_only,Ridge,18,-0.14258331596722407,1.669305377763906,0.4247837790159801
008,Southern Africa,25,target_only,MLP,18,-0.7766775942268369,3.1989117719727522,0.22166720974019102
008,Southern Africa,25,target_only,PLSR,19,-0.966438256384974,16.191506444393436,0.04379418611439858
008,Southern Africa,25,target_only,Ridge,19,0.15741805096010697,0.6884367569942111,1.0300057913732412
008,Southern Africa,25,target_only,MLP,19,-0.676706820467019,13.246672943111527,0.05352995803123454
008,Southern Africa,25,target_only,PLSR,20,-0.572965820991141,2.841923732436087,0.24951191990307828
008,Southern Africa,25,target_only,Ridge,20,0.19433702910092865,1.070547969639524,0.6623653183304032
008,Southern Africa,25,target_only,MLP,20,-0.09735706319337645,1.440240513896521,0.49234404938368326
008,Southern Africa,25,target_only,PLSR,21,-0.9940684035540159,1.0990797737438502,0.6451704995742288
008,Southern Africa,25,target_only,Ridge,21,0.34929149011578187,0.5951906105957249,1.19137270325639
008,Southern Africa,25,target_only,MLP,21,-0.34978727551818367,1.5049848556463057,0.4711634432983942
008,Southern Africa,25,target_only,PLSR,22,-2.2312086577714707,23.17791395449007,0.03059351450223514
008,Southern Africa,25,target_only,Ridge,22,0.06124124026123101,0.6432754761670151,1.1023175497431004
008,Southern Africa,25,target_only,MLP,22,-0.2544189641632648,1.0560028583409122,0.6714885675710278
008,Southern Africa,25,target_only,PLSR,23,-0.41263782333448384,3.180136298269828,0.22297592939146565
008,Southern Africa,25,target_only,Ridge,23,0.43807580196193285,0.6139537327017071,1.1549630027948172
008,Southern Africa,25,target_only,MLP,23,-0.039540829585271275,0.794474396891627,0.8925320305759035
008,Southern Africa,25,target_only,PLSR,24,-3.468980523252898,531.0766387570857,0.0013352005999695074
008,Southern Africa,25,target_only,Ridge,24,-0.08698359804226974,2.077544658305878,0.3413134075666401
008,Southern Africa,25,target_only,MLP,24,-0.28031804128785676,1.1112054737349586,0.6381302679466292
008,Southern Africa,25,target_only,PLSR,25,-0.9147526413216649,15.28058801928492,0.04640487956375342
008,Southern Africa,25,target_only,Ridge,25,0.3193071702647009,0.584637937148113,1.2128768963527035
008,Southern Africa,25,target_only,MLP,25,-0.31913150144477176,0.9590804493687811,0.7393476190291861
008,Southern Africa,25,target_only,PLSR,26,0.27967963325869216,0.7806138514058553,0.9083797903677979
008,Southern Africa,25,target_only,Ridge,26,0.3555094607089382,0.5958987054071948,1.1899570183051595
008,Southern Africa,25,target_only,MLP,26,-0.11093400694443356,0.7599759772922304,0.9330477118825892
008,Southern Africa,25,target_only,PLSR,27,-0.9198469866926806,2.273247218821149,0.3119299303777303
008,Southern Africa,25,target_only,Ridge,27,0.20817842589078284,0.6420440383757348,1.104431790211993
008,Southern Africa,25,target_only,MLP,27,-0.5351786942925305,1.1288374788804902,0.6281629197867213
008,Southern Africa,25,target_only,PLSR,28,-2.1296361656363474,552.8728913962068,0.001282562154399591
008,Southern Africa,25,target_only,Ridge,28,-0.023651159536667077,0.9919194107978447,0.7148704209023338
008,Southern Africa,25,target_only,MLP,28,0.04649727066256615,0.655677864308315,1.0814668075553908
008,Southern Africa,25,target_only,PLSR,29,-0.1629474674284901,1.6527929246970154,0.4290276392780656
008,Southern Africa,25,target_only,Ridge,29,0.32542034544450216,0.5986046355099431,1.184577941155071
008,Southern Africa,25,target_only,MLP,29,-0.1762774863632406,0.9706918022566559,0.7305035903772494
008,Southern Africa,50,target_only,PLSR,0,0.1688995352534256,3.3984446968839404,0.20865246015285277
008,Southern Africa,50,target_only,Ridge,0,0.5758443577212746,0.5814212582252629,1.2195870664631296
008,Southern Africa,50,target_only,MLP,0,0.2593681085337194,0.8029726710969483,0.8830859034461915
008,Southern Africa,50,pooled,PLSR,0,0.5188291146810966,0.5593387322772159,1.2677359992778288
008,Southern Africa,50,pooled,Ridge,0,0.5232045630173163,0.5334938810102435,1.329150852406187
008,Southern Africa,50,pooled,MLP,0,0.4798071260692407,0.654395014328145,1.083586872107
008,Southern Africa,50,target_only,PLSR,1,0.045929788515512215,4.450140941707449,0.15934188511930186
008,Southern Africa,50,target_only,Ridge,1,0.4277650711867985,0.8195026258165528,0.8652734284917132
008,Southern Africa,50,target_only,MLP,1,-0.13170233822192823,1.0726799299538377,0.6610488617315379
008,Southern Africa,50,pooled,PLSR,1,0.5203195292749808,0.5592522251386818,1.2679320972257393
008,Southern Africa,50,pooled,Ridge,1,0.5253266606194142,0.5330971801605594,1.3301399314936981
008,Southern Africa,50,pooled,MLP,1,0.5575111857165667,0.6438964426713285,1.1012544870669538
008,Southern Africa,50,target_only,PLSR,2,0.2850292949503004,3.80686940521974,0.18626692203467377
008,Southern Africa,50,target_only,Ridge,2,0.4502908214934048,0.5290586937739253,1.3402933456023247
008,Southern Africa,50,target_only,MLP,2,0.13068745228114886,1.5082499213710467,0.470143466709855
008,Southern Africa,50,pooled,PLSR,2,0.5155107092449156,0.5566040937695957,1.2739644832576043
008,Southern Africa,50,pooled,Ridge,2,0.5197147976881613,0.5311784093619921,1.3349447835237795
008,Southern Africa,50,pooled,MLP,2,0.515583721043327,0.9250134478340175,0.7665767977305001
008,Southern Africa,50,target_only,PLSR,3,0.4536833008572999,0.8777345829179944,0.8078681876027891
008,Southern Africa,50,target_only,Ridge,3,0.5496326156511335,0.5552167300078732,1.2771478386254589
008,Southern Africa,50,target_only,MLP,3,0.13767602303480675,0.6341024247194706,1.1182638940577398
008,Southern Africa,50,pooled,PLSR,3,0.5153148883497957,0.5578651036977472,1.2710847873403444
008,Southern Africa,50,pooled,Ridge,3,0.5190191219565918,0.5332894022201113,1.3296604878069127
008,Southern Africa,50,pooled,MLP,3,0.5261768104858361,0.6991798170449399,1.014179513497989
008,Southern Africa,50,target_only,PLSR,4,0.3112988724411563,8.523342190816376,0.08319434217510072
008,Southern Africa,50,target_only,Ridge,4,0.5027683079614553,0.5333852016424583,1.3294216722074976
008,Southern Africa,50,target_only,MLP,4,0.23075160197227929,0.8785331583329529,0.8071338457432617
008,Southern Africa,50,pooled,PLSR,4,0.5198966466875561,0.5573720837039888,1.272209117446288
008,Southern Africa,50,pooled,Ridge,4,0.5247896223623469,0.5316193086663739,1.3338376449815017
008,Southern Africa,50,pooled,MLP,4,0.4799587142475198,0.8310108079819428,0.8532907633538963
008,Southern Africa,50,target_only,PLSR,5,0.32816571250358395,0.7218276277513023,0.9823589724700321
008,Southern Africa,50,target_only,Ridge,5,0.5337633266341302,0.5351888290744699,1.3249414191333615
008,Southern Africa,50,target_only,MLP,5,0.33579900886751424,0.7517847833491236,0.9432138856805671
008,Southern Africa,50,pooled,PLSR,5,0.517917217960681,0.5579192294345109,1.270961474866111
008,Southern Africa,50,pooled,Ridge,5,0.5241808049204851,0.5312068017772591,1.3348734322034925
008,Southern Africa,50,pooled,MLP,5,0.5196188187934319,0.6240109480516741,1.1363484068864933
008,Southern Africa,50,target_only,PLSR,6,0.022010366447885454,11.678760946979839,0.06071653062490536
008,Southern Africa,50,target_only,Ridge,6,0.5084456119458205,0.5978810789947104,1.186011519030733
008,Southern Africa,50,target_only,MLP,6,0.04000468385315159,0.745265333976789,0.9514649539842069
008,Southern Africa,50,pooled,PLSR,6,0.5192495003913506,0.5590496081475517,1.268391635311006
008,Southern Africa,50,pooled,Ridge,6,0.5251085372724537,0.5327705966414739,1.3309552951463506
008,Southern Africa,50,pooled,MLP,6,0.5575137972569852,0.588276240729237,1.2053756341055788
008,Southern Africa,50,target_only,PLSR,7,-0.45522642601932795,2.0217259203126914,0.3507368825684234
008,Southern Africa,50,target_only,Ridge,7,0.5253651694448669,0.5660729566273467,1.2526545181084423
008,Southern Africa,50,target_only,MLP,7,0.38929043561421506,1.6979894585097481,0.417607920440561
008,Southern Africa,50,pooled,PLSR,7,0.5199381073900573,0.5581638573481619,1.2704044473018319
008,Southern Africa,50,pooled,Ridge,7,0.524955535394886,0.5324464260141211,1.3317656238328177
008,Southern Africa,50,pooled,MLP,7,0.5062638548391228,0.6988570060039562,1.014647976061409
008,Southern Africa,50,target_only,PLSR,8,0.13883367828318494,2.548590535183527,0.2782298046348145
008,Southern Africa,50,target_only,Ridge,8,0.4512524715649614,0.5573325922683965,1.2722992635549466
008,Southern Africa,50,target_only,MLP,8,0.13957530073734414,0.7697037459409858,0.9212555485635084
008,Southern Africa,50,pooled,PLSR,8,0.5187749981305391,0.5586009900367784,1.2694102934754254
008,Southern Africa,50,pooled,Ridge,8,0.5217352489045459,0.5330213996123865,1.3303290397231775
008,Southern Africa,50,pooled,MLP,8,0.5220569564193958,0.60711443221988,1.16797395855916
008,Southern Africa,50,target_only,PLSR,9,0.24191472391597912,1.3623453807796104,0.5204949175901833
008,Southern Africa,50,target_only,Ridge,9,0.4577901029149797,0.6100809095262542,1.1622947639008774
008,Southern Africa,50,target_only,MLP,9,-0.24045117675526662,1.9277574974452927,0.36783353074126657
008,Southern Africa,50,pooled,PLSR,9,0.5181902138883404,0.559341481417879,1.2677297684068822
008,Southern Africa,50,pooled,Ridge,9,0.5238379102255541,0.5325353997695843,1.3315431180820254
008,Southern Africa,50,pooled,MLP,9,0.5340515815034719,0.7441280802750809,0.9529190813980845
008,Southern Africa,50,target_only,PLSR,10,0.2713919823857671,0.7129026421242813,0.9946573414082435
008,Southern Africa,50,target_only,Ridge,10,0.4762847337679992,0.600292736506024,1.1812467544176828
008,Southern Africa,50,target_only,MLP,10,-0.009512306865189002,1.3017319523009094,0.5447310757371157
008,Southern Africa,50,target_only,PLSR,11,-0.08227978201574504,0.7895000032153295,0.8981555969732539
008,Southern Africa,50,target_only,Ridge,11,0.429800307723503,0.5432933993517715,1.305176627480295
008,Southern Africa,50,target_only,MLP,11,0.2719524093586867,0.6364910399336792,1.1140672880047706
008,Southern Africa,50,target_only,PLSR,12,0.17019493095011162,0.7453879921378493,0.9513083845964517
008,Southern Africa,50,target_only,Ridge,12,0.5390380141117876,0.5846856280539164,1.2127779659274633
008,Southern Africa,50,target_only,MLP,12,0.17346466914739112,0.6333017282214056,1.119677738271302
008,Southern Africa,50,target_only,PLSR,13,-0.314085029263274,28.697204264686935,0.024709509684565988
008,Southern Africa,50,target_only,Ridge,13,0.47712168270487576,0.5718532944472463,1.2399925882802871
008,Southern Africa,50,target_only,MLP,13,0.1470398607947283,0.8956881986960601,0.7916748794173537
008,Southern Africa,50,target_only,PLSR,14,0.3968998592673717,2.265530148781459,0.31299245656900404
008,Southern Africa,50,target_only,Ridge,14,0.5266688875450569,0.599797494090862,1.1822220894287883
008,Southern Africa,50,target_only,MLP,14,0.20648023534746351,1.275294323996982,0.5560236828121633
008,Southern Africa,50,target_only,PLSR,15,0.06505903313115557,4.4889018471081,0.15796599499164188
008,Southern Africa,50,target_only,Ridge,15,0.4644847775885733,0.578833814421908,1.2250387400163125
008,Southern Africa,50,target_only,MLP,15,0.07489405264992444,0.8430600114302891,0.8410953396962105
008,Southern Africa,50,target_only,PLSR,16,0.1888972814315224,1.4855795248208128,0.4773179993738669
008,Southern Africa,50,target_only,Ridge,16,0.37508222561174065,0.583498046139335,1.2152463086893077
008,Southern Africa,50,target_only,MLP,16,0.06149052472157235,0.7460578293581229,0.9504542661368823
008,Southern Africa,50,target_only,PLSR,17,0.044802866797785224,0.62254263833209,1.1390285629238943
008,Southern Africa,50,target_only,Ridge,17,0.4716954830845007,0.6030101035570543,1.1759236578548615
008,Southern Africa,50,target_only,MLP,17,0.18714493619478534,1.0508488541662766,0.674781957354687
008,Southern Africa,50,target_only,PLSR,18,0.29575042046272415,0.6397443655359993,1.1084018631475518
008,Southern Africa,50,target_only,Ridge,18,0.2752538661944246,0.5548661944799698,1.277954674032404
008,Southern Africa,50,target_only,MLP,18,-0.016452830275029973,1.3311427849261694,0.5326955565759081
008,Southern Africa,50,target_only,PLSR,19,0.5032636630154429,0.5877109504002427,1.2065350257900476
008,Southern Africa,50,target_only,Ridge,19,0.4846827892505685,0.5481897677661174,1.2935189388664068
008,Southern Africa,50,target_only,MLP,19,0.1942041660215441,0.6627251373513939,1.0699667278838563
008,Southern Africa,50,target_only,PLSR,20,0.48261026054568235,0.5817488555388806,1.2189002865186704
008,Southern Africa,50,target_only,Ridge,20,0.45132420221031755,0.723225609296843,0.9804600909910637
008,Southern Africa,50,target_only,MLP,20,0.26128995482994255,0.7489664049927133,0.9467632219166746
008,Southern Africa,50,target_only,PLSR,21,0.09971701577762537,0.7266911252127425,0.9757843767400618
008,Southern Africa,50,target_only,Ridge,21,0.4534938691512621,0.5696338833482496,1.2448238551581046
008,Southern Africa,50,target_only,MLP,21,0.19188973170589174,0.6232872851810071,1.1376677553952095
008,Southern Africa,50,target_only,PLSR,22,0.1359957032919844,1.4788188735465821,0.4795001331012658
008,Southern Africa,50,target_only,Ridge,22,0.479278264781118,0.5904831460473972,1.2008705946051377
008,Southern Africa,50,target_only,MLP,22,-0.008858665812810695,0.6534327995621456,1.0851825117646405
008,Southern Africa,50,target_only,PLSR,23,0.2578489257833161,0.7181508116577775,0.9873884916475687
008,Southern Africa,50,target_only,Ridge,23,0.4755284563927076,0.502633517836528,1.4107571849772054
008,Southern Africa,50,target_only,MLP,23,0.16119208147108643,0.5647397140716003,1.2556117960713278
008,Southern Africa,50,target_only,PLSR,24,-0.019420800975774366,282.4049724768036,0.002510911335870668
008,Southern Africa,50,target_only,Ridge,24,0.5150306625278906,0.8099484882917193,0.8754801779972651
008,Southern Africa,50,target_only,MLP,24,0.17972178205789724,1.1082058331686881,0.639857529598758
008,Southern Africa,50,target_only,PLSR,25,0.05216175540963908,7.769264264241669,0.09126911153761126
008,Southern Africa,50,target_only,Ridge,25,0.5572529469803066,0.4894715803057341,1.4486925803850255
008,Southern Africa,50,target_only,MLP,25,0.3987543929846745,0.6122312919844098,1.158212355333688
008,Southern Africa,50,target_only,PLSR,26,0.3687944154934898,1.687001287122941,0.4203279820299121
008,Southern Africa,50,target_only,Ridge,26,0.525325298075862,0.5223452959611546,1.3575193500947762
008,Southern Africa,50,target_only,MLP,26,0.18072625554204413,0.7764081875846879,0.9133003206781674
008,Southern Africa,50,target_only,PLSR,27,0.009192909640070579,181.54389417480138,0.0039059085403086702
008,Southern Africa,50,target_only,Ridge,27,0.5285112325469474,0.567611431927467,1.2492592763509787
008,Southern Africa,50,target_only,MLP,27,0.07398157144519535,2.781881298755807,0.25489723339935155
008,Southern Africa,50,target_only,PLSR,28,0.4739051614246652,0.5922224506677293,1.19734374456549
008,Southern Africa,50,target_only,Ridge,28,0.5279346002274746,0.6548481028790982,1.0828371397590613
008,Southern Africa,50,target_only,MLP,28,0.2658735022880211,0.748929794936264,0.9468095026965725
008,Southern Africa,50,target_only,PLSR,29,0.41797248827987776,0.5013632137683013,1.414331620719882
008,Southern Africa,50,target_only,Ridge,29,0.4720012387680502,0.5500345205705762,1.2891806244500332
008,Southern Africa,50,target_only,MLP,29,0.31761811295134235,0.6217750893763201,1.1404346343458633
008,Southern Africa,100,target_only,PLSR,0,0.5582277071122208,2.7626131513565095,0.25667504201595076
008,Southern Africa,100,target_only,Ridge,0,0.6276061852878294,0.4898579858234611,1.4475498352981817
008,Southern Africa,100,target_only,MLP,0,0.286105805107991,0.7919743357472567,0.8953495267358559
008,Southern Africa,100,pooled,PLSR,0,0.5239473459504096,0.5587958521195174,1.2689676274593864
008,Southern Africa,100,pooled,Ridge,0,0.5310002774319036,0.5301162150776342,1.3376196134547689
008,Southern Africa,100,pooled,MLP,0,0.5171186152978877,0.845465700844699,0.8387020857141803
008,Southern Africa,100,target_only,PLSR,1,0.48366365450912296,1.1829647341203164,0.5994209516529255
008,Southern Africa,100,target_only,Ridge,1,0.586237848138334,0.5549216169693941,1.2778270390165016
008,Southern Africa,100,target_only,MLP,1,0.5081211591110293,0.7599903480610947,0.9330300687466717
008,Southern Africa,100,pooled,PLSR,1,0.5226124180674575,0.556664981664637,1.2738251372985485
008,Southern Africa,100,pooled,Ridge,1,0.5281998990505749,0.529540060678083,1.3390749810132327
008,Southern Africa,100,pooled,MLP,1,0.6012400422161328,0.7868524988818264,0.9011776002566213
008,Southern Africa,100,target_only,PLSR,2,0.4918893018633229,6.525244502733648,0.10866931444502753
008,Southern Africa,100,target_only,Ridge,2,0.6147157207750946,0.5090759114516525,1.3929039476180234
008,Southern Africa,100,target_only,MLP,2,0.4942040928768269,0.7946089307219407,0.8923809175590363
008,Southern Africa,100,pooled,PLSR,2,0.523622945891009,0.5550164205661244,1.2776087705206354
008,Southern Africa,100,pooled,Ridge,2,0.53092047153506,0.5269118698697839,1.3457541711358467
008,Southern Africa,100,pooled,MLP,2,0.5248830652770446,0.7669554593399792,0.9245567497602493
008,Southern Africa,100,target_only,PLSR,3,0.5906253977459884,0.5331208227193557,1.3300809431552252
008,Southern Africa,100,target_only,Ridge,3,0.5947851836529165,0.5454115661648362,1.3001078280836187
008,Southern Africa,100,target_only,MLP,3,0.5247645736026998,0.5943938178518526,1.1929697540612467
008,Southern Africa,100,pooled,PLSR,3,0.5216030423011259,0.5573184113256112,1.2723316371544824
008,Southern Africa,100,pooled,Ridge,3,0.5275842818188838,0.5300226500281539,1.33785574382639
008,Southern Africa,100,pooled,MLP,3,0.5730255081592633,0.7068357113255006,1.0031947103641876
008,Southern Africa,100,target_only,PLSR,4,0.5933086376622219,0.9875474531544618,0.71803521383528
008,Southern Africa,100,target_only,Ridge,4,0.6278089829945823,0.4895522612538045,1.4484538277530823
008,Southern Africa,100,target_only,MLP,4,0.511705665404671,0.905085384525364,0.7834551953019396
008,Southern Africa,100,pooled,PLSR,4,0.5246906177461351,0.5560428459164223,1.2752503730707698
008,Southern Africa,100,pooled,Ridge,4,0.5319318217059625,0.5281894798807804,1.3424989964932705
008,Southern Africa,100,pooled,MLP,4,0.5579663041761052,0.782241564339687,0.9064896050324519
008,Southern Africa,100,target_only,PLSR,5,0.5402833737639263,1.5700034934435532,0.45165112667549895
008,Southern Africa,100,target_only,Ridge,5,0.5869136185339227,0.5266035713290788,1.3465420390305933
008,Southern Africa,100,target_only,MLP,5,0.433289795525606,0.7061000288312625,1.0042399344919204
008,Southern Africa,100,pooled,PLSR,5,0.5214861987310642,0.557942177577983,1.2709092002623172
008,Southern Africa,100,pooled,Ridge,5,0.5281962540153824,0.531837037448173,1.3332915851452911
008,Southern Africa,100,pooled,MLP,5,0.5653211229572659,0.873444032617861,0.811836614846374
008,Southern Africa,100,target_only,PLSR,6,0.6149233619120603,1.2911277971661936,0.549205003760736
008,Southern Africa,100,target_only,Ridge,6,0.628386854240282,0.47932987356981327,1.4793441548244588
008,Southern Africa,100,target_only,MLP,6,0.5337818492846443,0.499361596361599,1.4200007607008276
008,Southern Africa,100,pooled,PLSR,6,0.521619334402365,0.5561889694699448,1.2749153356529628
008,Southern Africa,100,pooled,Ridge,6,0.5289023153533176,0.5285854676728596,1.341493268477647
008,Southern Africa,100,pooled,MLP,6,0.5403947017368882,0.8821080693804373,0.8038627820243086
008,Southern Africa,100,target_only,PLSR,7,0.6481779919321733,0.4893318321295874,1.4491063121976995
008,Southern Africa,100,target_only,Ridge,7,0.6522185955279156,0.45542178801193656,1.5570046610937833
008,Southern Africa,100,target_only,MLP,7,0.5485554247673219,0.5769585672131785,1.229020395906955
008,Southern Africa,100,pooled,PLSR,7,0.5207370108562845,0.5547073236925292,1.278320686263909
008,Southern Africa,100,pooled,Ridge,7,0.5269070480405975,0.5269553502448944,1.3456431296668867
008,Southern Africa,100,pooled,MLP,7,0.5506582263776245,0.6462185446712528,1.09729727279644
008,Southern Africa,100,target_only,PLSR,8,0.5598500300967995,0.5344177950683895,1.3268529851396647
008,Southern Africa,100,target_only,Ridge,8,0.6302827920463694,0.506160000858241,1.400928254891568
008,Southern Africa,100,target_only,MLP,8,0.5173930102353675,1.093736159398731,0.648322578169187
008,Southern Africa,100,pooled,PLSR,8,0.5218425866393733,0.556629202043496,1.2739070176250658
008,Southern Africa,100,pooled,Ridge,8,0.5289823752047849,0.5286269688542702,1.341387951195752
008,Southern Africa,100,pooled,MLP,8,0.5552173470988002,0.7161920432473249,0.990088975972296
008,Southern Africa,100,target_only,PLSR,9,0.4692494694352609,3.9513838545743303,0.17945455890785345
008,Southern Africa,100,target_only,Ridge,9,0.6161888642005589,0.5449028895963905,1.3013215019349151
008,Southern Africa,100,target_only,MLP,9,0.5404971723373517,0.5154305890653734,1.3757310135280192
008,Southern Africa,100,pooled,PLSR,9,0.5242746989412131,0.5568356891658084,1.2734346244231196
008,Southern Africa,100,pooled,Ridge,9,0.530920887144781,0.5291596923867332,1.3400375291245976
008,Southern Africa,100,pooled,MLP,9,0.5088848860372619,0.6686780593513656,1.0604413241644102
008,Southern Africa,100,target_only,PLSR,10,0.60241095289928,1.296960573394146,0.5467350829659775
008,Southern Africa,100,target_only,Ridge,10,0.6472387175919051,0.495469427950632,1.43115560052053
008,Southern Africa,100,target_only,MLP,10,0.5146669023614423,0.6011884701425122,1.1794867698147287
008,Southern Africa,100,target_only,PLSR,11,0.5610010670746981,2.475798299596927,0.28641018406616336
008,Southern Africa,100,target_only,Ridge,11,0.6126085454701165,0.5349162739943167,1.32561651453099
008,Southern Africa,100,target_only,MLP,11,0.21048547404427842,0.7341333221193073,0.9658924684840994
008,Southern Africa,100,target_only,PLSR,12,0.48734326170674,8.604427691673862,0.08241034408185102
008,Southern Africa,100,target_only,Ridge,12,0.6059924159676546,0.5049465324262206,1.404294912752685
008,Southern Africa,100,target_only,MLP,12,0.42216783486152654,0.4835175599369901,1.4665317362841097
008,Southern Africa,100,target_only,PLSR,13,0.565665418231484,0.9675451231825384,0.7328793559165835
008,Southern Africa,100,target_only,Ridge,13,0.6260859725076282,0.4816458449830817,1.472230797969736
008,Southern Africa,100,target_only,MLP,13,0.3164595893918978,0.5538144881561249,1.280381539058528
008,Southern Africa,100,target_only,PLSR,14,0.5609858395857188,1.612492378874969,0.4397502003655873
008,Southern Africa,100,target_only,Ridge,14,0.6170663775720786,0.5358192903054749,1.3233824528676263
008,Southern Africa,100,target_only,MLP,14,0.30199337696517026,0.6377961226714065,1.1117876410540306
008,Southern Africa,100,target_only,PLSR,15,0.6059719845164258,0.4743557174559012,1.4948567511767612
008,Southern Africa,100,target_only,Ridge,15,0.5890075598502078,0.48355348538639664,1.4664227807842793
008,Southern Africa,100,target_only,MLP,15,0.5168541656089858,0.657599726855439,1.078306175838986
008,Southern Africa,100,target_only,PLSR,16,0.5768443823833507,1.4350368080853109,0.4941293789142275
008,Southern Africa,100,target_only,Ridge,16,0.625732308915103,0.503292712427145,1.408909426243473
008,Southern Africa,100,target_only,MLP,16,0.527828602183076,0.5533304768733596,1.2815015191374324
008,Southern Africa,100,target_only,PLSR,17,0.6333833581029437,0.5772408013913177,1.2284194828035861
008,Southern Africa,100,target_only,Ridge,17,0.6240364957867286,0.49600227081748566,1.4296181457588044
008,Southern Africa,100,target_only,MLP,17,0.505783308505418,0.8561289647424462,0.8282558772107081
008,Southern Africa,100,target_only,PLSR,18,0.6244214078718845,0.6632983093701696,1.0690421439059077
008,Southern Africa,100,target_only,Ridge,18,0.6400627118727442,0.5142376455243831,1.3789224745986197
008,Southern Africa,100,target_only,MLP,18,0.4976313340241345,0.5263264460656711,1.3472510302280625
008,Southern Africa,100,target_only,PLSR,19,0.4033210864667185,22.070751336539193,0.03212821511537358
008,Southern Africa,100,target_only,Ridge,19,0.5758893568359463,0.5911343600787664,1.1995476740749194
008,Southern Africa,100,target_only,MLP,19,0.4136445755768756,0.49661597435163524,1.4278514653581547
008,Southern Africa,100,target_only,PLSR,20,0.4817123572645726,3.4234327401509783,0.2071294809977713
008,Southern Africa,100,target_only,Ridge,20,0.6180197283622104,0.6098225605087582,1.1627871656743443
008,Southern Africa,100,target_only,MLP,20,0.5039449532861221,0.5734218758420819,1.2366006191461236
008,Southern Africa,100,target_only,PLSR,21,0.6018302941274969,0.5169662108371186,1.3716444746940444
008,Southern Africa,100,target_only,Ridge,21,0.6073023867930963,0.4839008539392833,1.4653701082065513
008,Southern Africa,100,target_only,MLP,21,0.5205415694209868,0.8220793369524892,0.8625613305486002
008,Southern Africa,100,target_only,PLSR,22,0.4697477520656309,6.060949592376977,0.11699385317279276
008,Southern Africa,100,target_only,Ridge,22,0.5392228609587453,0.7575999202866103,0.9359740249576457
008,Southern Africa,100,target_only,MLP,22,0.5244062569191577,0.47577811722356517,1.490387684991093
008,Southern Africa,100,target_only,PLSR,23,0.5822366365043136,0.8825270135947196,0.8034811804909637
008,Southern Africa,100,target_only,Ridge,23,0.588736832360835,0.49694855280225053,1.4268958883162661
008,Southern Africa,100,target_only,MLP,23,0.3282123799604375,0.5067021727807299,1.3994292600065543
008,Southern Africa,100,target_only,PLSR,24,0.5491416129511206,0.72286302790764,0.9809518806775256
008,Southern Africa,100,target_only,Ridge,24,0.6072168286830035,0.5293406314148505,1.3395794779685537
008,Southern Africa,100,target_only,MLP,24,0.490319900715947,0.633663651934617,1.1190382224597224
008,Southern Africa,100,target_only,PLSR,25,0.6259136380757466,0.6700384225475738,1.0582883351706645
008,Southern Africa,100,target_only,Ridge,25,0.6123278067149941,0.5373354752381886,1.3196483005033772
008,Southern Africa,100,target_only,MLP,25,0.5730197591362675,0.7913008707039706,0.8961115461270932
008,Southern Africa,100,target_only,PLSR,26,0.5800211310769393,0.4795486310645886,1.478669316861724
008,Southern Africa,100,target_only,Ridge,26,0.5898570956261611,0.5161163900209956,1.3739029808167964
008,Southern Africa,100,target_only,MLP,26,0.5172812285944166,0.6368308244385368,1.113472871422994
008,Southern Africa,100,target_only,PLSR,27,0.6376009911587679,0.5703635556535913,1.2432313384498856
008,Southern Africa,100,target_only,Ridge,27,0.609374831249319,0.49682731136877406,1.4272440956288726
008,Southern Africa,100,target_only,MLP,27,0.4699579121856722,0.632938236897328,1.1203207601649066
008,Southern Africa,100,target_only,PLSR,28,0.5164181974370905,0.5963531336796493,1.1890502567211516
008,Southern Africa,100,target_only,Ridge,28,0.5742381193234907,0.5382542835957078,1.3173956405163751
008,Southern Africa,100,target_only,MLP,28,0.32848638257827445,0.645975894026752,1.0977094551904194
008,Southern Africa,100,target_only,PLSR,29,0.4057258666257483,2.260001930330927,0.3137580712572308
008,Southern Africa,100,target_only,Ridge,29,0.5501046364724118,0.8015950580031856,0.8846035658760663
008,Southern Africa,100,target_only,MLP,29,0.2546356287122903,0.8162444972199444,0.8687272613945457
009,OECD Europe,10,target_only,PLSR,0,-1.7064862899987037,20.74771752235348,0.2804404709724859
009,OECD Europe,10,target_only,Ridge,0,-0.11548910472648966,26.42064769830706,0.2202254744097639
009,OECD Europe,10,target_only,MLP,0,-1.3782717875600032,9.58091535846254,0.6073010204013126
009,OECD Europe,10,pooled,PLSR,0,0.5255463116714395,5.7341022941519375,1.0147184990939289
009,OECD Europe,10,pooled,Ridge,0,0.5476109474074776,5.981218236213498,0.9727950801635352
009,OECD Europe,10,pooled,MLP,0,0.5624832798530259,3.910797904512552,1.4878037207852435
009,OECD Europe,10,target_only,PLSR,1,-1.9665511481629774,41.1051815365583,0.14155148952202112
009,OECD Europe,10,target_only,Ridge,1,-0.318488760605556,6.5228972383157195,0.8920115496216687
009,OECD Europe,10,target_only,MLP,1,-1.373271784927288,109.93369431943604,0.052927355071557984
009,OECD Europe,10,pooled,PLSR,1,0.5243057328205127,5.940656918447308,0.9794370813613106
009,OECD Europe,10,pooled,Ridge,1,0.5473609482147672,5.9759816301375075,0.9736475166238128
009,OECD Europe,10,pooled,MLP,1,0.562608224839889,5.594330508423292,1.040070776085197
009,OECD Europe,10,target_only,PLSR,2,-0.10562192443968366,5.6399821348383945,1.0316521461356774
009,OECD Europe,10,target_only,Ridge,2,0.07936994323093804,5.51685999666496,1.054675970949108
009,OECD Europe,10,target_only,MLP,2,-0.8118612900927069,6.338236097470829,0.9179998321448908
009,OECD Europe,10,pooled,PLSR,2,0.5242893697248467,6.095116089722864,0.9546167108094356
009,OECD Europe,10,pooled,Ridge,2,0.5495615296486366,5.871823218981951,0.9909187413482303
009,OECD Europe,10,pooled,MLP,2,0.5539982284104777,4.653308939900932,1.2504004674352833
009,OECD Europe,10,target_only,PLSR,3,-1.762823600639389,22.21741772961282,0.2618891063031881
009,OECD Europe,10,target_only,Ridge,3,-0.6004135637744441,6.646479329953365,0.8754258284308444
009,OECD Europe,10,target_only,MLP,3,-1.4959323103047546,8.434575351581698,0.6898390767807643
009,OECD Europe,10,pooled,PLSR,3,0.5221256377362719,6.252716939028128,0.9305554257949968
009,OECD Europe,10,pooled,Ridge,3,0.5440080213261467,6.274822363441873,0.9272771939286163
009,OECD Europe,10,pooled,MLP,3,0.5387551127142833,7.8548717274733875,0.7407504381289874
009,OECD Europe,10,target_only,PLSR,4,-0.06150861955103992,11.369729814565218,0.511753556897993
009,OECD Europe,10,target_only,Ridge,4,0.11823233046835524,7.232578639805847,0.8044848128646275
009,OECD Europe,10,target_only,MLP,4,-0.6314356750807664,19.88888311912162,0.29255034778593836
009,OECD Europe,10,pooled,PLSR,4,0.5229699292422326,6.206728285740884,0.9374503612378395
009,OECD Europe,10,pooled,Ridge,4,0.5450503646942113,6.270190738766147,0.9279621491575035
009,OECD Europe,10,pooled,MLP,4,0.553008598656622,4.488082714953246,1.2964332529315965
009,OECD Europe,10,target_only,PLSR,5,0.29142515653214107,5.729505028722045,1.0155326933835878
009,OECD Europe,10,target_only,Ridge,5,0.2952763214576962,5.712477895439803,1.0185596828685748
009,OECD Europe,10,target_only,MLP,5,-0.5326636105621521,9.631638845771008,0.6041027665948724
009,OECD Europe,10,pooled,PLSR,5,0.5241948400345001,5.980636165061595,0.9728897583779005
009,OECD Europe,10,pooled,Ridge,5,0.5462527714707515,6.066966801457448,0.9590459061314048
009,OECD Europe,10,pooled,MLP,5,0.5350610695836784,4.034286341012126,1.4422624429066078
009,OECD Europe,10,target_only,PLSR,6,-1.360657015286408,55.343027156770894,0.105135189968752
009,OECD Europe,10,target_only,Ridge,6,-0.8147079042584211,22.498720076454127,0.2586146969161245
009,OECD Europe,10,target_only,MLP,6,-0.3243550408648106,26.06672189602832,0.22321562706584328
009,OECD Europe,10,pooled,PLSR,6,0.5208340235557014,7.287564749019943,0.7984148167404483
009,OECD Europe,10,pooled,Ridge,6,0.5433352790238244,6.591180621582621,0.8827704788608596
009,OECD Europe,10,pooled,MLP,6,0.5617838272406448,6.072721487471674,0.9581370865725956
009,OECD Europe,10,target_only,PLSR,7,-1.2159450991209932,7.182000095737174,0.8101503196896973
009,OECD Europe,10,target_only,Ridge,7,-0.47008825798129483,5.040976724076767,1.1542405355260872
009,OECD Europe,10,target_only,MLP,7,0.031850599370523924,7.4087333203875465,0.7853568784236583
009,OECD Europe,10,pooled,PLSR,7,0.5235725505170667,6.334294888921685,0.9185710131287269
009,OECD Europe,10,pooled,Ridge,7,0.5451867914006954,6.301516311376835,0.9233491410738901
009,OECD Europe,10,pooled,MLP,7,0.5155529779964416,4.612846094785393,1.261368698199242
009,OECD Europe,10,target_only,PLSR,8,-0.9919649481834967,10.206966070777838,0.5700518286458358
009,OECD Europe,10,target_only,Ridge,8,-0.4318715911067097,7.351816446268921,0.7914370164295687
009,OECD Europe,10,target_only,MLP,8,-0.7704028018881046,20.844102950247635,0.27914368334588285
009,OECD Europe,10,pooled,PLSR,8,0.5255239602677209,6.076821747409464,0.9574905954832923
009,OECD Europe,10,pooled,Ridge,8,0.5489145203495192,6.102017495277374,0.953537035591279
009,OECD Europe,10,pooled,MLP,8,0.5408434881860549,5.651260483846403,1.0295932544968585
009,OECD Europe,10,target_only,PLSR,9,-1.3837026799276542,17.128715773295617,0.33969269795720425
009,OECD Europe,10,target_only,Ridge,9,-0.9625881642903611,5.706198625078328,1.0196805361806063
009,OECD Europe,10,target_only,MLP,9,-2.2135228859797986,5.719946389168378,1.0172297566619082
009,OECD Europe,10,pooled,PLSR,9,0.5239525920469859,6.125178908648586,0.9499313832870001
009,OECD Europe,10,pooled,Ridge,9,0.5455694053544716,6.194104361172634,0.9393609365134077
009,OECD Europe,10,pooled,MLP,9,0.5307357939548638,5.826798281600876,0.9985757859416257
009,OECD Europe,10,target_only,PLSR,10,-0.09446238416539487,5.444893872945497,1.068615809480471
009,OECD Europe,10,target_only,Ridge,10,0.04996268819311733,5.192212044521139,1.1206205801461118
009,OECD Europe,10,target_only,MLP,10,-0.43596253592070067,8.874847620619938,0.6556168536408591
009,OECD Europe,10,target_only,PLSR,11,0.026069012290245275,7.973921081656901,0.7296911536982359
009,OECD Europe,10,target_only,Ridge,11,0.09606466397754454,6.545358366905784,0.8889505123190854
009,OECD Europe,10,target_only,MLP,11,-1.3154560668651176,6.368932186702616,0.913575384853535
009,OECD Europe,10,target_only,PLSR,12,-2.1412748457528514,462.9633587061448,0.012567948551768793
009,OECD Europe,10,target_only,Ridge,12,-0.9338721047378231,65.70332911829922,0.08855715154245329
009,OECD Europe,10,target_only,MLP,12,-0.7015988362988248,12.555088572494514,0.46343756477512904
009,OECD Europe,10,target_only,PLSR,13,-0.01982335622890874,4.297804479500149,1.3538307061957415
009,OECD Europe,10,target_only,Ridge,13,0.24416572531340097,4.410598857102947,1.319208538813871
009,OECD Europe,10,target_only,MLP,13,-0.8081016004073394,14.0371644561795,0.4145067682106883
009,OECD Europe,10,target_only,PLSR,14,-0.039139110999221405,6.80406921968971,0.8551499824157069
009,OECD Europe,10,target_only,Ridge,14,0.07624699202044716,6.573171464401966,0.8851890910017942
009,OECD Europe,10,target_only,MLP,14,-0.38083888270907384,6.843592013805374,0.8502113600336524
009,OECD Europe,10,target_only,PLSR,15,-0.06932724888634678,4.1901813182083645,1.3886033161115758
009,OECD Europe,10,target_only,Ridge,15,0.13012931665473726,3.912427745052259,1.487183930982779
009,OECD Europe,10,target_only,MLP,15,-0.21471489210180073,5.389881018094225,1.0795228417918281
009,OECD Europe,10,target_only,PLSR,16,-0.7159416267088503,10.268617718702789,0.5666293003561094
009,OECD Europe,10,target_only,Ridge,16,-0.31358133710177283,6.426501814161404,0.9053914309572425
009,OECD Europe,10,target_only,MLP,16,-0.5305749284182184,9.383579646669544,0.6200724982004104
009,OECD Europe,10,target_only,PLSR,17,-1.4473992785120489,16.96853613241559,0.3428993301583408
009,OECD Europe,10,target_only,Ridge,17,-0.7789805440868804,10.501889973236416,0.5540430997088227
009,OECD Europe,10,target_only,MLP,17,-0.23583172872077762,11.933259791710617,0.4875867763823178
009,OECD Europe,10,target_only,PLSR,18,-0.7134234923348279,7.521436146095095,0.7735889211256151
009,OECD Europe,10,target_only,Ridge,18,-0.03524836741655912,5.6322541779717925,1.0330676652217752
009,OECD Europe,10,target_only,MLP,18,-0.20387650166497662,5.894894683606208,0.9870404792394757
009,OECD Europe,10,target_only,PLSR,19,0.14252345277745548,5.951417551614017,0.9776661817309288
009,OECD Europe,10,target_only,Ridge,19,0.2091039622228006,5.697293448696556,1.0212743517545306
009,OECD Europe,10,target_only,MLP,19,-1.2214848481840623,46.00920760834237,0.12646380965965387
009,OECD Europe,10,target_only,PLSR,20,-8.885949887178212,1586.0598828984034,0.0036685245849230135
009,OECD Europe,10,target_only,Ridge,20,-2.0232984374324983,31.508181114616782,0.18466631419970103
009,OECD Europe,10,target_only,MLP,20,-5.272720356586305,14.25609195252833,0.40814128394710536
009,OECD Europe,10,target_only,PLSR,21,-0.808877296468669,31.597968673622702,0.18414157358254696
009,OECD Europe,10,target_only,Ridge,21,-0.32462024394063027,9.177412919107363,0.6340021664993191
009,OECD Europe,10,target_only,MLP,21,-0.9493120265518686,18.66716190028126,0.3116970702164018
009,OECD Europe,10,target_only,PLSR,22,-1.4856934326523028,19.389244364915086,0.300089037203611
009,OECD Europe,10,target_only,Ridge,22,-0.8048186019691665,8.001882302271436,0.7271413717146593
009,OECD Europe,10,target_only,MLP,22,-2.860067442536919,19.45555448419627,0.2990662475489594
009,OECD Europe,10,target_only,PLSR,23,-0.34776085010713587,6.222599078413307,0.9350593859980066
009,OECD Europe,10,target_only,Ridge,23,0.2927302535409083,4.755162669458827,1.2236173771601166
009,OECD Europe,10,target_only,MLP,23,-0.8943965856741007,4.989582039262438,1.1661296733449444
009,OECD Europe,10,target_only,PLSR,24,-1.1731360010221157,741.1460881038822,0.0078506785193439
009,OECD Europe,10,target_only,Ridge,24,-0.040279234002442044,6.487883137195933,0.8968255978925767
009,OECD Europe,10,target_only,MLP,24,-0.08364104152440688,4.300051636994887,1.3531232098503814
009,OECD Europe,10,target_only,PLSR,25,-0.042773848875279574,4.7561677751578175,1.2233587940198012
009,OECD Europe,10,target_only,Ridge,25,0.1754042997669587,5.144406045922616,1.131034296599618
009,OECD Europe,10,target_only,MLP,25,0.08630763806572606,6.173115258922137,0.9425548413604145
009,OECD Europe,10,target_only,PLSR,26,-1.6319694953056283,23.169371067517996,0.2511289433199195
009,OECD Europe,10,target_only,Ridge,26,-1.0919511137803992,10.11713724898267,0.575113248973467
009,OECD Europe,10,target_only,MLP,26,-5.80018653543595,1614.8513228586837,0.0036031178791572803
009,OECD Europe,10,target_only,PLSR,27,-3.2160481441154305,31635.169393031603,0.00018392503612939628
009,OECD Europe,10,target_only,Ridge,27,-0.6074553689769546,7.226352496436352,0.8051779478571354
009,OECD Europe,10,target_only,MLP,27,-2.3540354085138158,6.203248847803316,0.9379761825343096
009,OECD Europe,10,target_only,PLSR,28,-1.0287416888762624,33.08823403447487,0.17584799682904115
009,OECD Europe,10,target_only,Ridge,28,-0.12528635954241008,6.061929132337129,0.9598429058720507
009,OECD Europe,10,target_only,MLP,28,-0.2873484358255094,14.300274757825937,0.4068802713310588
009,OECD Europe,10,target_only,PLSR,29,-2.411326534489153,162.90260002750992,0.0357176599550303
009,OECD Europe,10,target_only,Ridge,29,-0.9580160461497711,7.171142122591892,0.811376984879768
009,OECD Europe,10,target_only,MLP,29,-1.6155153266884534,144.6490272677029,0.04022494850798113
009,OECD Europe,25,target_only,PLSR,0,-1.3515495879634112,492.25565875603746,0.011820076763112568
009,OECD Europe,25,target_only,Ridge,0,0.3177592900821825,6.674520465099195,0.8717479711085785
009,OECD Europe,25,target_only,MLP,0,0.20519311722018552,5.024638842814899,1.1579936102060766
009,OECD Europe,25,pooled,PLSR,0,0.5243073669466425,6.256320386224202,0.9300194546277823
009,OECD Europe,25,pooled,Ridge,0,0.5439601360654978,6.371945215961947,0.9131433928523682
009,OECD Europe,25,pooled,MLP,0,0.5889185487129934,5.39156076536701,1.0791865151457376
009,OECD Europe,25,target_only,PLSR,1,-1.0365225900493904,58.60000287864229,0.0992917984257225
009,OECD Europe,25,target_only,Ridge,1,0.1907117500578519,5.1009674172074355,1.1406659164191038
009,OECD Europe,25,target_only,MLP,1,-0.046301908536995784,5.782165120629843,1.0062839009583848
009,OECD Europe,25,pooled,PLSR,1,0.5287586024592261,5.798459130863445,1.0034561841787923
009,OECD Europe,25,pooled,Ridge,1,0.5548284100711751,5.591763671512514,1.0405482090052394
009,OECD Europe,25,pooled,MLP,1,0.5584637657216671,10.246189723431993,0.567869601347181
009,OECD Europe,25,target_only,PLSR,2,-1.0503017512695667,2303.834120133437,0.002525572315612681
009,OECD Europe,25,target_only,Ridge,2,0.12865763393867669,3.2407512166305823,1.795416952623231
009,OECD Europe,25,target_only,MLP,2,-0.41703339200975,13.601655844639083,0.42777877488101534
009,OECD Europe,25,pooled,PLSR,2,0.5310504049946082,5.704849205995445,1.0199217303514392
009,OECD Europe,25,pooled,Ridge,2,0.5558385800052899,5.604851822328314,1.0381183763669675
009,OECD Europe,25,pooled,MLP,2,0.5933666745108929,6.693329726106261,0.8692982284854103
009,OECD Europe,25,target_only,PLSR,3,-0.48186443200141826,9.977710799808621,0.5831497615349316
009,OECD Europe,25,target_only,Ridge,3,0.43735181348594654,4.481403117396672,1.2983656058491297
009,OECD Europe,25,target_only,MLP,3,-0.15656774934295892,8.46297407219835,0.687524223037291
009,OECD Europe,25,pooled,PLSR,3,0.5237055456329299,6.151136298633692,0.9459227354245638
009,OECD Europe,25,pooled,Ridge,3,0.5454640946548506,6.232169072002842,0.9336235275951859
009,OECD Europe,25,pooled,MLP,3,0.554659187310165,7.617567400324181,0.7638264773771861
009,OECD Europe,25,target_only,PLSR,4,-2.8093691361278554,30.133232697918995,0.19309244819175125
009,OECD Europe,25,target_only,Ridge,4,-0.7574847243310996,4.020234587025218,1.4473035211306713
009,OECD Europe,25,target_only,MLP,4,-0.91334503351934,5.303959339740506,1.0970106105409128
009,OECD Europe,25,pooled,PLSR,4,0.5266712103721736,6.496028325617857,0.8957010933322083
009,OECD Europe,25,pooled,Ridge,4,0.5510078826338027,6.362895302482766,0.9144421520345561
009,OECD Europe,25,pooled,MLP,4,0.5819537109373905,13.926092670779429,0.4178127929438267
009,OECD Europe,25,target_only,PLSR,5,-0.9038302964158533,40.78512517983677,0.14266229778422848
009,OECD Europe,25,target_only,Ridge,5,0.3955214145634681,3.6993958365407407,1.572824301768614
009,OECD Europe,25,target_only,MLP,5,0.06811928380756971,4.939810963242285,1.1778790153852141
009,OECD Europe,25,pooled,PLSR,5,0.5274121128676519,6.187460092547002,0.9403696486998732
009,OECD Europe,25,pooled,Ridge,5,0.5503807817481601,5.807225283927243,1.001941441754786
009,OECD Europe,25,pooled,MLP,5,0.541339826102931,12.08576194429772,0.481434244724486
009,OECD Europe,25,target_only,PLSR,6,-0.43653126776763385,12.6524127619171,0.4598727359801441
009,OECD Europe,25,target_only,Ridge,6,0.2071794260534705,5.555160926365554,1.0474043417819838
009,OECD Europe,25,target_only,MLP,6,0.12995229657060392,5.135907496740997,1.13290585495651
009,OECD Europe,25,pooled,PLSR,6,0.5251243655741595,6.180459536563206,0.9414347977122144
009,OECD Europe,25,pooled,Ridge,6,0.5483339286368056,6.221252023578144,0.9352618494671443
009,OECD Europe,25,pooled,MLP,6,0.5902274850892414,4.218594384470978,1.379250798557767
009,OECD Europe,25,target_only,PLSR,7,-1.2403615390945548,649.3163391052716,0.008960962974673541
009,OECD Europe,25,target_only,Ridge,7,0.23468561421844525,4.642465162106487,1.2533211279786542
009,OECD Europe,25,target_only,MLP,7,-0.0653779748378176,9.94616377241773,0.5849993833510483
009,OECD Europe,25,pooled,PLSR,7,0.5269891644226025,5.961821790150714,0.9759600132941608
009,OECD Europe,25,pooled,Ridge,7,0.5475391303989297,5.823193044164673,0.9991940211227469
009,OECD Europe,25,pooled,MLP,7,0.5954520010618414,3.2561543386755174,1.7869237967201697
009,OECD Europe,25,target_only,PLSR,8,-0.05842229077093575,5.229724470705703,1.112582451745829
009,OECD Europe,25,target_only,Ridge,8,0.40759711903756846,5.31131795272366,1.0954907473745126
009,OECD Europe,25,target_only,MLP,8,0.14211200350419673,5.469582981050194,1.0637921928840945
009,OECD Europe,25,pooled,PLSR,8,0.5269938517804895,5.781491898640433,1.0064010770197875
009,OECD Europe,25,pooled,Ridge,8,0.5493432286371328,5.919655646600452,0.9829118484137442
009,OECD Europe,25,pooled,MLP,8,0.5666653089870965,5.999535411885047,0.9698250404600484
009,OECD Europe,25,target_only,PLSR,9,-0.18149033060344277,5.229962938183927,1.1125317219921538
009,OECD Europe,25,target_only,Ridge,9,0.36798331363522374,4.26589994844959,1.3639559633102973
009,OECD Europe,25,target_only,MLP,9,-0.16228325346621575,6.683977747893204,0.870514518904092
009,OECD Europe,25,pooled,PLSR,9,0.5254440542956313,6.179360235984342,0.9416022778037717
009,OECD Europe,25,pooled,Ridge,9,0.5465523113549395,6.100926672331568,0.9537075244586205
009,OECD Europe,25,pooled,MLP,9,0.5579332511513527,5.337740690937119,1.0900678789908367
009,OECD Europe,25,target_only,PLSR,10,-0.29719243313262256,37.69173994889615,0.15437068390745148
009,OECD Europe,25,target_only,Ridge,10,0.04325949624560721,5.7869592256671405,1.0054502626812845
009,OECD Europe,25,target_only,MLP,10,-0.19807084655904594,6.989737040736953,0.8324347024304427
009,OECD Europe,25,target_only,PLSR,11,-4.48304060580559,28507.895258738245,0.00020410134177792103
009,OECD Europe,25,target_only,Ridge,11,-0.23918471458656065,24.863658624651254,0.23401623073299901
009,OECD Europe,25,target_only,MLP,11,-0.6093068655391669,6.141255435839793,0.9474446608451894
009,OECD Europe,25,target_only,PLSR,12,-1.6749468477433678,32380.362432892776,0.0001796922343173754
009,OECD Europe,25,target_only,Ridge,12,0.3140276897160198,6.7182464533311865,0.8660741629518302
009,OECD Europe,25,target_only,MLP,12,0.10219347937778112,8.524814176391956,0.6825368334345947
009,OECD Europe,25,target_only,PLSR,13,-2.683045775264789,6276.819374725883,0.0009269821746028832
009,OECD Europe,25,target_only,Ridge,13,0.3161665767988181,4.792682584776743,1.2140381864750494
009,OECD Europe,25,target_only,MLP,13,-0.1036449324649622,6.44879523637078,0.902261501614589
009,OECD Europe,25,target_only,PLSR,14,-1.119679416136738,839.8352983429717,0.006928143750391343
009,OECD Europe,25,target_only,Ridge,14,0.08662334832660568,4.475992649292774,1.2999350377602288
009,OECD Europe,25,target_only,MLP,14,-0.016836644675649604,4.919081198035701,1.182842778829584
009,OECD Europe,25,target_only,PLSR,15,-3.7642611968939717,27103.958699213767,0.00021467342605350457
009,OECD Europe,25,target_only,Ridge,15,0.1574243215731541,5.647146754872715,1.0303432735393923
009,OECD Europe,25,target_only,MLP,15,0.03377948544346909,5.584793586592322,1.0418468620830779
009,OECD Europe,25,target_only,PLSR,16,-5.46491559557951,137.92480345256214,0.042186028385924966
009,OECD Europe,25,target_only,Ridge,16,0.3128094825105343,5.171451023764879,1.125119361439291
009,OECD Europe,25,target_only,MLP,16,-0.6327190771732627,4.8090862659453775,1.2098971305163517
009,OECD Europe,25,target_only,PLSR,17,-0.4032300116727381,13.48457493427434,0.43149299862495266
009,OECD Europe,25,target_only,Ridge,17,0.24073875056537142,5.42188789183316,1.0731501258698384
009,OECD Europe,25,target_only,MLP,17,0.2172946186804614,5.384290745779015,1.0806436628880582
009,OECD Europe,25,target_only,PLSR,18,-2.8642594648062802,130.88098519958177,0.044456417138824394
009,OECD Europe,25,target_only,Ridge,18,-0.15365961600508604,6.382721945979082,0.9116016211920972
009,OECD Europe,25,target_only,MLP,18,-0.8145660670581234,19.258317078979704,0.3021291865592842
009,OECD Europe,25,target_only,PLSR,19,-2.5246310560716276,23.857851021777964,0.24388196859229508
009,OECD Europe,25,target_only,Ridge,19,-0.23373235963176353,5.696184143945809,1.021473240073726
009,OECD Europe,25,target_only,MLP,19,-0.22682364215775763,5.30474369523362,1.0968484073605487
009,OECD Europe,25,target_only,PLSR,20,-0.35525425339480443,15.39990382339459,0.3778270137462677
009,OECD Europe,25,target_only,Ridge,20,0.14144503256219565,5.550749489087747,1.0482367624428977
009,OECD Europe,25,target_only,MLP,20,-0.13083869297833828,13.552326627884831,0.4293358500968351
009,OECD Europe,25,target_only,PLSR,21,-1.2485021127577172,90.2486183872974,0.06447189749324594
009,OECD Europe,25,target_only,Ridge,21,0.1771950393895364,16.999852555406683,0.34226765524047886
009,OECD Europe,25,target_only,MLP,21,-0.04183681116216609,9.79945220781067,0.5937576458544553
009,OECD Europe,25,target_only,PLSR,22,-1.3999370366151584,51379.812815637946,0.00011324485930789517
009,OECD Europe,25,target_only,Ridge,22,0.3598933026642158,5.367235825030702,1.0840775146189192
009,OECD Europe,25,target_only,MLP,22,0.05834452837696369,5.512205344133475,1.0555665673386816
009,OECD Europe,25,target_only,PLSR,23,-0.48608450528828984,2168.2332153263455,0.002683521141750037
009,OECD Europe,25,target_only,Ridge,23,0.3456970074485274,4.941978925316423,1.1773622999010187
009,OECD Europe,25,target_only,MLP,23,-0.025842028969338182,6.994547761824801,0.8318621691783151
009,OECD Europe,25,target_only,PLSR,24,-1.680245791678804,1291.3191354859582,0.0045058572382908665
009,OECD Europe,25,target_only,Ridge,24,0.35591004061883236,4.872044975236756,1.194262307336389
009,OECD Europe,25,target_only,MLP,24,-0.7577020690393879,18.378145341819707,0.31659884963107987
009,OECD Europe,25,target_only,PLSR,25,-0.7937396541718065,14.540350571619694,0.4001622687784183
009,OECD Europe,25,target_only,Ridge,25,0.2659023016427333,4.8603139932153105,1.1971448103343043
009,OECD Europe,25,target_only,MLP,25,0.2232633941148504,4.366552983355729,1.3325155324466824
009,OECD Europe,25,target_only,PLSR,26,-0.09960702390230036,5.241047043374634,1.1101788679665163
009,OECD Europe,25,target_only,Ridge,26,0.44259145792578003,3.4229308899075535,1.6998589398134343
009,OECD Europe,25,target_only,MLP,26,0.052029057937364565,5.4891740315786715,1.0599954820342112
009,OECD Europe,25,target_only,PLSR,27,-0.29515137844613304,9.378561959042518,0.6204042473657587
009,OECD Europe,25,target_only,Ridge,27,0.3039292282402366,6.001863802707281,0.969448802045181
009,OECD Europe,25,target_only,MLP,27,-0.6624548545233839,18.933189568640383,0.30731745712884356
009,OECD Europe,25,target_only,PLSR,28,-0.8784173791718808,2596.6828057946677,0.0022407433285992983
009,OECD Europe,25,target_only,Ridge,28,0.2130004736949349,15.612452730924323,0.37268325316033984
009,OECD Europe,25,target_only,MLP,28,0.2875529898868199,29.068667699813727,0.20016396119902646
009,OECD Europe,25,target_only,PLSR,29,-0.4986252313661317,37.85938863689711,0.15368710069190866
009,OECD Europe,25,target_only,Ridge,29,0.22542422845031018,10.042471844749121,0.5793891945652017
009,OECD Europe,25,target_only,MLP,29,-0.1334782537750101,7.828895243348765,0.7432082679246681
009,OECD Europe,50,target_only,PLSR,0,-2.054721651371092,100137.06651483703,5.810535375240693e-05
009,OECD Europe,50,target_only,Ridge,0,-0.09367518972424316,14.01856973859421,0.4150565843785139
009,OECD Europe,50,target_only,MLP,0,0.018851823340695795,5.971153958493551,0.9744347096086005
009,OECD Europe,50,pooled,PLSR,0,0.5341905248108112,5.670766053579041,1.0260517924030081
009,OECD Europe,50,pooled,Ridge,0,0.5537390132467215,5.678179076863051,1.0247122527856904
009,OECD Europe,50,pooled,MLP,0,0.6031806327756948,3.376400867223784,1.7232846164848663
009,OECD Europe,50,target_only,PLSR,1,0.29893154401166266,36.658554314354944,0.15872147122000582
009,OECD Europe,50,target_only,Ridge,1,0.4842381016331976,3.6178457875546517,1.6082774156898785
009,OECD Europe,50,target_only,MLP,1,0.17916065127537995,6.139615663127445,0.9476977050073254
009,OECD Europe,50,pooled,PLSR,1,0.5285701320089585,6.6054330871015825,0.88086573534969
009,OECD Europe,50,pooled,Ridge,1,0.551471942292152,6.098565409116992,0.9540767841687159
009,OECD Europe,50,pooled,MLP,1,0.5943176973234596,5.012299429159745,1.1608443900464092
009,OECD Europe,50,target_only,PLSR,2,0.3288804797017266,12.14178914688473,0.4792127093613535
009,OECD Europe,50,target_only,Ridge,2,0.5378038231030312,4.477950119797772,1.2993667901409491
009,OECD Europe,50,target_only,MLP,2,0.30465974503722737,7.027725750178322,0.8279349366223162
009,OECD Europe,50,pooled,PLSR,2,0.5279347575385492,5.853623867188161,0.9939995813854496
009,OECD Europe,50,pooled,Ridge,2,0.5489433808720583,6.184039011303632,0.9408898719651405
009,OECD Europe,50,pooled,MLP,2,0.5698202396238758,3.230447091041034,1.8011437765717613
009,OECD Europe,50,target_only,PLSR,3,0.3673193703767905,5.547932668770654,1.0487689777356668
009,OECD Europe,50,target_only,Ridge,3,0.45844229938387426,5.545387420158282,1.0492503467696097
009,OECD Europe,50,target_only,MLP,3,0.28617954803737256,5.674286415344518,1.0254152236373557
009,OECD Europe,50,pooled,PLSR,3,0.5346702548179354,5.831883587913172,0.9977050443242725
009,OECD Europe,50,pooled,Ridge,3,0.5520847498731879,6.122324555121428,0.9503742608198769
009,OECD Europe,50,pooled,MLP,3,0.5496810776785217,4.421676600078444,1.3159034908771219
009,OECD Europe,50,target_only,PLSR,4,0.25943528270209193,11.871857276719382,0.49010862731503185
009,OECD Europe,50,target_only,Ridge,4,0.5055589171895649,3.807110923844427,1.5283241780876136
009,OECD Europe,50,target_only,MLP,4,0.3537210891328725,8.1236878758567,0.7162387037130359
009,OECD Europe,50,pooled,PLSR,4,0.532841531668517,6.260963352111457,0.9293297766406298
009,OECD Europe,50,pooled,Ridge,4,0.5554285127583773,5.970764727501568,0.9744982324915064
009,OECD Europe,50,pooled,MLP,4,0.6049492832783188,4.321377256140822,1.346445665049175
009,OECD Europe,50,target_only,PLSR,5,0.24170979487663358,4.389174534884678,1.3256478245119012
009,OECD Europe,50,target_only,Ridge,5,0.49607712273893456,3.9865667937068165,1.4595264483610249
009,OECD Europe,50,target_only,MLP,5,0.4090917374131797,4.49194182988234,1.2953194618117563
009,OECD Europe,50,pooled,PLSR,5,0.5288714919321991,5.599518799785716,1.0391070878796895
009,OECD Europe,50,pooled,Ridge,5,0.5493395285767056,5.976629410769478,0.9735419872425701
009,OECD Europe,50,pooled,MLP,5,0.5842888140277978,5.135973236870439,1.1328913538339156
009,OECD Europe,50,target_only,PLSR,6,-0.08816998771669948,57.986820987180515,0.10034175998127641
009,OECD Europe,50,target_only,Ridge,6,0.12941745228823787,3.94589551757934,1.4745701318372315
009,OECD Europe,50,target_only,MLP,6,-0.12885467059624878,4.4826737725513155,1.2979975721635677
009,OECD Europe,50,pooled,PLSR,6,0.5261345004153151,6.321785053876963,0.9203887231193658
009,OECD Europe,50,pooled,Ridge,6,0.5493646710590188,6.272203257844158,0.9276644002721313
009,OECD Europe,50,pooled,MLP,6,0.5871143002428008,4.259793403232204,1.3659112362486887
009,OECD Europe,50,target_only,PLSR,7,0.5021435632178133,4.760746565454819,1.222182192136295
009,OECD Europe,50,target_only,Ridge,7,0.5096104647331425,4.348366957654777,1.3380884663678487
009,OECD Europe,50,target_only,MLP,7,0.2769484454633867,5.240416795187002,1.1103123856325396
009,OECD Europe,50,pooled,PLSR,7,0.5260079701231024,6.314737258208334,0.9214159569362318
009,OECD Europe,50,pooled,Ridge,7,0.5487339795136839,6.2719407964090035,0.9277032201745731
009,OECD Europe,50,pooled,MLP,7,0.6143492791738359,2.8098578040426676,2.0707452402757087
009,OECD Europe,50,target_only,PLSR,8,-1.0351304251376487,110304.50095268934,5.274943110497838e-05
009,OECD Europe,50,target_only,Ridge,8,0.043380731666699424,642.3944948134789,0.009057517959057739
009,OECD Europe,50,target_only,MLP,8,-0.13382707909239233,9.05152941429977,0.6428195067654243
009,OECD Europe,50,pooled,PLSR,8,0.525365454022563,6.515150369449187,0.8930721999690123
009,OECD Europe,50,pooled,Ridge,8,0.5451996389382971,6.65028026418221,0.8749254832026864
009,OECD Europe,50,pooled,MLP,8,0.5749020937703095,5.097315046056025,1.1414832359783
009,OECD Europe,50,target_only,PLSR,9,0.11314304079984994,481.50038307141904,0.012084101857733879
009,OECD Europe,50,target_only,Ridge,9,0.4719457939821149,10.926682307679453,0.5325037838323139
009,OECD Europe,50,target_only,MLP,9,0.23118284716150828,7.425699920965747,0.7835624568055782
009,OECD Europe,50,pooled,PLSR,9,0.5347405547213199,5.674358804912425,1.0254021420950148
009,OECD Europe,50,pooled,Ridge,9,0.5578147208831208,5.69378990157902,1.0219027702373253
009,OECD Europe,50,pooled,MLP,9,0.5932845527360548,6.904240082349693,0.842742952761388
009,OECD Europe,50,target_only,PLSR,10,-0.04818974347430127,13.554270999508889,0.42927426150648235
009,OECD Europe,50,target_only,Ridge,10,0.3805866299333607,4.440788144104116,1.310240318781686
009,OECD Europe,50,target_only,MLP,10,0.2212125377210351,7.176999755122422,0.8107147655146687
009,OECD Europe,50,target_only,PLSR,11,0.13509457335515862,16.814140992642322,0.3460479887803378
009,OECD Europe,50,target_only,Ridge,11,0.3845960420334472,4.256418481473458,1.3669942696890791
009,OECD Europe,50,target_only,MLP,11,-0.18031188954455213,8.207589718009222,0.708916974834386
009,OECD Europe,50,target_only,PLSR,12,0.258160521097218,36.684123938923186,0.15861083893567565
009,OECD Europe,50,target_only,Ridge,12,0.37977867121524045,23.1696694021865,0.2511257097619106
009,OECD Europe,50,target_only,MLP,12,0.2908870940601289,5.942305472189873,0.9791653594389621
009,OECD Europe,50,target_only,PLSR,13,-0.2283316753043887,145.09103231717503,0.04010240730008335
009,OECD Europe,50,target_only,Ridge,13,0.42804519752973635,3.7119209526468415,1.5675171286780607
009,OECD Europe,50,target_only,MLP,13,-0.11449697626179645,5.621693775673485,1.0350082921184809
009,OECD Europe,50,target_only,PLSR,14,-0.24015568563335643,9.264563048649531,0.6280382186422764
009,OECD Europe,50,target_only,Ridge,14,0.48632068179456933,5.1279968376454175,1.1346535221820737
009,OECD Europe,50,target_only,MLP,14,-0.4351802191632155,10.208103956886259,0.5699882855961534
009,OECD Europe,50,target_only,PLSR,15,0.016218172808510678,17.644390671238973,0.3297648403952699
009,OECD Europe,50,target_only,Ridge,15,0.4496529733279564,3.6302034237358614,1.602802651644535
009,OECD Europe,50,target_only,MLP,15,0.427639251872463,4.045855655321195,1.4381382256977693
009,OECD Europe,50,target_only,PLSR,16,0.38554497934802334,8.142217617084832,0.7146087156113267
009,OECD Europe,50,target_only,Ridge,16,0.49269189566564986,5.734891448486,1.0145788679416037
009,OECD Europe,50,target_only,MLP,16,0.14314263441915998,9.530042365415506,0.6105428969222871
009,OECD Europe,50,target_only,PLSR,17,0.3481800240340853,8.184127137555201,0.7109493261502579
009,OECD Europe,50,target_only,Ridge,17,0.4857356599499384,4.011575433414777,1.450427586405878
009,OECD Europe,50,target_only,MLP,17,0.20089938868428747,7.553817229422594,0.7702727636709935
009,OECD Europe,50,target_only,PLSR,18,0.410210628987569,7.125022290384201,0.8166289783297168
009,OECD Europe,50,target_only,Ridge,18,0.5558486167980593,5.032938280002231,1.1560840506810923
009,OECD Europe,50,target_only,MLP,18,0.3966717283112581,4.5982917269728905,1.2653611425831166
009,OECD Europe,50,target_only,PLSR,19,0.267303982565113,10.026650519442793,0.5803034285766906
009,OECD Europe,50,target_only,Ridge,19,0.4603122551899749,4.9728316011759235,1.1700576533090343
009,OECD Europe,50,target_only,MLP,19,0.34996053350260514,5.094000668373606,1.1422259344600005
009,OECD Europe,50,target_only,PLSR,20,0.35079790327773286,5.313664111632678,1.0950070518825312
009,OECD Europe,50,target_only,Ridge,20,0.484595504376063,5.218884012343209,1.1148934637772263
009,OECD Europe,50,target_only,MLP,20,0.06267779316056288,5.55097193999367,1.048194755165623
009,OECD Europe,50,target_only,PLSR,21,0.2806729279713547,5.219146365941194,1.114837420836277
009,OECD Europe,50,target_only,Ridge,21,0.37942799468628563,5.009581539733148,1.1614741924897085
009,OECD Europe,50,target_only,MLP,21,0.3596721682787939,3.742122597051594,1.5548661281587315
009,OECD Europe,50,target_only,PLSR,22,0.44196412276631414,94.12165847725018,0.06181892422751219
009,OECD Europe,50,target_only,Ridge,22,0.5610303483518788,4.310554915624786,1.349826133169575
009,OECD Europe,50,target_only,MLP,22,0.12079347260184436,20.408113804247396,0.2851071749885061
009,OECD Europe,50,target_only,PLSR,23,-0.35144998361363244,24.42386149354161,0.23823012897086282
009,OECD Europe,50,target_only,Ridge,23,0.30144714051782995,4.84345659634582,1.2013114101120916
009,OECD Europe,50,target_only,MLP,23,-0.035855988661445126,5.849258291892278,0.9947414498070628
009,OECD Europe,50,target_only,PLSR,24,-0.09493272341467907,13.992245201081861,0.41583745781720793
009,OECD Europe,50,target_only,Ridge,24,0.31217198127476964,3.7664861833164087,1.5448084475514237
009,OECD Europe,50,target_only,MLP,24,0.01761967420080468,4.888355680797263,1.1902774784636672
009,OECD Europe,50,target_only,PLSR,25,0.23966580792224135,13.316602127595592,0.43693576017529334
009,OECD Europe,50,target_only,Ridge,25,0.4598414342082554,3.9852999416180417,1.4599904044388146
009,OECD Europe,50,target_only,MLP,25,0.13392001903457096,12.761823231599385,0.45593012596866234
009,OECD Europe,50,target_only,PLSR,26,0.2458211164939893,48.12060403203607,0.12091493427013654
009,OECD Europe,50,target_only,Ridge,26,0.43087418507198005,5.117514825533421,1.1369775900876693
009,OECD Europe,50,target_only,MLP,26,0.1508848085857032,13.658395945426964,0.42600168400602195
009,OECD Europe,50,target_only,PLSR,27,-0.0002839174216584528,7.70353123114981,0.7553029252410071
009,OECD Europe,50,target_only,Ridge,27,0.42752458483312517,4.688768020546488,1.2409442412326357
009,OECD Europe,50,target_only,MLP,27,0.26256210670072133,5.238772236866509,1.110660935519723
009,OECD Europe,50,target_only,PLSR,28,0.22554923290109885,9.54547279552596,0.609555943242548
009,OECD Europe,50,target_only,Ridge,28,0.29279710473127185,3.5492647059492675,1.6393535437973832
009,OECD Europe,50,target_only,MLP,28,-0.1049530730272128,10.098075707628311,0.5761988563006598
009,OECD Europe,50,target_only,PLSR,29,0.21344716304791012,5.738089299184894,1.0140134407457613
009,OECD Europe,50,target_only,Ridge,29,0.4854978701467725,4.883379176168909,1.1914904543901539
009,OECD Europe,50,target_only,MLP,29,-0.0015607602638689766,5.60586663940826,1.037930448196872
009,OECD Europe,100,target_only,PLSR,0,0.5297926861158757,4.842019785408558,1.2016678847754765
009,OECD Europe,100,target_only,Ridge,0,0.5595199253066812,3.800352958103435,1.5310419157689577
009,OECD Europe,100,target_only,MLP,0,0.326145184814127,16.817552175164053,0.3459777982532794
009,OECD Europe,100,pooled,PLSR,0,0.5345547613968327,6.53777223254442,0.8899820101729701
009,OECD Europe,100,pooled,Ridge,0,0.555817106896906,6.3030288492687125,0.9231275649718754
009,OECD Europe,100,pooled,MLP,0,0.6502833688969503,4.840556254332565,1.2020312063030008
009,OECD Europe,100,target_only,PLSR,1,0.5659998114107434,4.7013781125918355,1.2376157658940588
009,OECD Europe,100,target_only,Ridge,1,0.5814481915293958,4.079776929530116,1.4261808363730928
009,OECD Europe,100,target_only,MLP,1,0.4920301433801655,4.5076578333559825,1.2908033148649607
009,OECD Europe,100,pooled,PLSR,1,0.537470110925827,5.4315733945533555,1.071236500165413
009,OECD Europe,100,pooled,Ridge,1,0.5608735360904973,5.278451539389758,1.1023118484944139
009,OECD Europe,100,pooled,MLP,1,0.615061648883162,3.5873264494805968,1.6219599067755208
009,OECD Europe,100,target_only,PLSR,2,0.5039708376874902,14.030095880813496,0.414715603015219
009,OECD Europe,100,target_only,Ridge,2,0.585900652687438,4.509082042774426,1.2903956100991238
009,OECD Europe,100,target_only,MLP,2,0.5079169811307704,5.307193559725204,1.09634208892019
009,OECD Europe,100,pooled,PLSR,2,0.5313190208443271,6.830394246734517,0.8518541482952647
009,OECD Europe,100,pooled,Ridge,2,0.552332196294381,6.220066283246007,0.9354401398012857
009,OECD Europe,100,pooled,MLP,2,0.636277302062288,9.172597184167078,0.6343350260290821
009,OECD Europe,100,target_only,PLSR,3,0.5343584714128244,4.567067116292379,1.2740122983558129
009,OECD Europe,100,target_only,Ridge,3,0.5729278784785787,4.057800663960627,1.4339047566456224
009,OECD Europe,100,target_only,MLP,3,0.42523678507795015,4.854279351544032,1.1986330518292443
009,OECD Europe,100,pooled,PLSR,3,0.5294414372872369,5.710960362503061,1.0188303374990881
009,OECD Europe,100,pooled,Ridge,3,0.5533030349818195,5.718985330834375,1.0174006990719129
009,OECD Europe,100,pooled,MLP,3,0.6034942635640839,21.45294277764584,0.27122151650149545
009,OECD Europe,100,target_only,PLSR,4,0.5888758387828876,6.55617340042637,0.8874841036380325
009,OECD Europe,100,target_only,Ridge,4,0.5955919989824843,3.3786394385002896,1.7221428268639474
009,OECD Europe,100,target_only,MLP,4,0.42325239798314984,3.928694947213902,1.4810260790798206
009,OECD Europe,100,pooled,PLSR,4,0.539580430995428,6.519627949918171,0.8924588516812433
009,OECD Europe,100,pooled,Ridge,4,0.5660113387671446,5.705660445387961,1.0197767163442328
009,OECD Europe,100,pooled,MLP,4,0.6294291634798599,4.33787003002833,1.3413264190248018
009,OECD Europe,100,target_only,PLSR,5,0.6104583659102333,10.35165367787936,0.5620840741616547
009,OECD Europe,100,target_only,Ridge,5,0.6242804221990355,4.188416314138827,1.3891884753507937
009,OECD Europe,100,target_only,MLP,5,0.518913331210449,4.880953107667105,1.1920826824648418
009,OECD Europe,100,pooled,PLSR,5,0.5360789761630522,6.396111634987848,0.9096932645366442
009,OECD Europe,100,pooled,Ridge,5,0.5581503437842257,5.818278495352643,1.0000380143749465
009,OECD Europe,100,pooled,MLP,5,0.6015906705633431,3.1366074758994733,1.8550295879481569
009,OECD Europe,100,target_only,PLSR,6,0.5343414866138991,12.673310636822979,0.459114420873339
009,OECD Europe,100,target_only,Ridge,6,0.5801173893904301,4.320817892510631,1.3466199729588797
009,OECD Europe,100,target_only,MLP,6,0.38056363150578254,18.09656623811756,0.32152506707693296
009,OECD Europe,100,pooled,PLSR,6,0.5349353481388919,6.424018295160475,0.9057414543722995
009,OECD Europe,100,pooled,Ridge,6,0.5609831249054017,5.990128275903232,0.9713480923237083
009,OECD Europe,100,pooled,MLP,6,0.6327455061497425,4.672754940862791,1.2451968372427775
009,OECD Europe,100,target_only,PLSR,7,0.4143517933286949,8.661901281966648,0.6717347016741622
009,OECD Europe,100,target_only,Ridge,7,0.521506685390755,4.243200971712371,1.3712524371017043
009,OECD Europe,100,target_only,MLP,7,0.2027790255481503,16.924222468499057,0.34379716317265646
009,OECD Europe,100,pooled,PLSR,7,0.537300028276003,7.222406380233376,0.8056178740505733
009,OECD Europe,100,pooled,Ridge,7,0.560781742902532,6.2641929917628945,0.9288506406529858
009,OECD Europe,100,pooled,MLP,7,0.6339901988609996,8.757678866667261,0.66438833418736
009,OECD Europe,100,target_only,PLSR,8,0.3494484472985995,24.493386517884844,0.2375539074322897
009,OECD Europe,100,target_only,Ridge,8,0.4392573729421001,11.330397716848015,0.5135300471333806
009,OECD Europe,100,target_only,MLP,8,0.4388225140073051,3.5101411513892176,1.6576255548213799
009,OECD Europe,100,pooled,PLSR,8,0.5354410363404986,5.991415130435345,0.9711394631989267
009,OECD Europe,100,pooled,Ridge,8,0.5598658210934877,5.565981083736268,1.0453682084142357
009,OECD Europe,100,pooled,MLP,8,0.6919192166716616,2.736952470977852,2.1259045362574707
009,OECD Europe,100,target_only,PLSR,9,0.5127612077310568,9.640124882052726,0.6035709853100931
009,OECD Europe,100,target_only,Ridge,9,0.5688421660734044,8.260890791199966,0.7043428875456325
009,OECD Europe,100,target_only,MLP,9,0.46088903263244074,14.808653604070328,0.392912132941892
009,OECD Europe,100,pooled,PLSR,9,0.5356570438611948,6.879105719332999,0.8458221040593445
009,OECD Europe,100,pooled,Ridge,9,0.5566044918508234,6.578053691093592,0.8845321042987097
009,OECD Europe,100,pooled,MLP,9,0.6063476982722735,5.707075020644435,1.019523950977587
009,OECD Europe,100,target_only,PLSR,10,0.5483795281197211,35.619997112648036,0.163349246075791
009,OECD Europe,100,target_only,Ridge,10,0.5777005841849343,8.835265033551902,0.6585540616469531
009,OECD Europe,100,target_only,MLP,10,0.5151093129810203,7.799583005360471,0.7460013784806174
009,OECD Europe,100,target_only,PLSR,11,0.595465479518112,11.3967289484172,0.510541200015202
009,OECD Europe,100,target_only,Ridge,11,0.573267067113625,4.645736075178334,1.2524387049579773
009,OECD Europe,100,target_only,MLP,11,0.4004031384729718,7.780812466101378,0.7478010424903998
009,OECD Europe,100,target_only,PLSR,12,0.5926605292176337,3.2242906675740213,1.8045828597552553
009,OECD Europe,100,target_only,Ridge,12,0.5716566554839535,3.4192796097386937,1.7016741353941414
009,OECD Europe,100,target_only,MLP,12,0.5173805903432434,6.59009404426931,0.8829160304066718
009,OECD Europe,100,target_only,PLSR,13,0.5108665644316905,15.075524987733088,0.3859566866366117
009,OECD Europe,100,target_only,Ridge,13,0.5851213354854228,5.332332776843016,1.0911733976621252
009,OECD Europe,100,target_only,MLP,13,0.41001327767741125,6.51334660046776,0.8933195222798445
009,OECD Europe,100,target_only,PLSR,14,0.4029629873325745,4.947433756388219,1.1760641900581192
009,OECD Europe,100,target_only,Ridge,14,0.5299646607111796,4.635652388143278,1.2551630679761554
009,OECD Europe,100,target_only,MLP,14,0.47641027635975364,4.491730662400972,1.2953803580161098
009,OECD Europe,100,target_only,PLSR,15,0.5185560857636793,5.717981991925113,1.0175792231926835
009,OECD Europe,100,target_only,Ridge,15,0.5210778467485753,4.249571074954181,1.369196930924527
009,OECD Europe,100,target_only,MLP,15,0.3272662322494435,7.344095325487622,0.7922690836242081
009,OECD Europe,100,target_only,PLSR,16,0.42453127008492886,14.829008590242903,0.3923728034928328
009,OECD Europe,100,target_only,Ridge,16,0.5605832016776814,5.619243631282415,1.0354595841300123
009,OECD Europe,100,target_only,MLP,16,0.3674322664078271,11.737084180107626,0.49573638429161837
009,OECD Europe,100,target_only,PLSR,17,0.46308132087783893,10.358274663527471,0.5617247912975731
009,OECD Europe,100,target_only,Ridge,17,0.5558826353775801,3.6925323441140314,1.5757477880587047
009,OECD Europe,100,target_only,MLP,17,0.5520306757975402,2.8522902970664297,2.039939510910658
009,OECD Europe,100,target_only,PLSR,18,0.5589691021319746,4.644493995076116,1.252773645469543
009,OECD Europe,100,target_only,Ridge,18,0.5681865102097392,4.890768796087807,1.1896901931302102
009,OECD Europe,100,target_only,MLP,18,0.5116728380630968,9.513721724958296,0.6115902736894918
009,OECD Europe,100,target_only,PLSR,19,0.4798726769065974,42.387439964471895,0.1372694288319802
009,OECD Europe,100,target_only,Ridge,19,0.5890678935340369,6.670688079286722,0.8722488001860018
009,OECD Europe,100,target_only,MLP,19,0.4510988454831386,13.475540074384089,0.4317822989991626
009,OECD Europe,100,target_only,PLSR,20,0.4515718421888517,12.690142779100023,0.4585054537885627
009,OECD Europe,100,target_only,Ridge,20,0.570902143367956,4.750294957733817,1.2248712396479673
009,OECD Europe,100,target_only,MLP,20,0.3729423628855504,5.183984260164602,1.122399178231332
009,OECD Europe,100,target_only,PLSR,21,0.47036139041589253,4.0225851988733226,1.4464577842136446
009,OECD Europe,100,target_only,Ridge,21,0.5398576039150406,3.7479734439567753,1.5524388741213322
009,OECD Europe,100,target_only,MLP,21,0.462201154734849,5.288697441714624,1.100176317079413
009,OECD Europe,100,target_only,PLSR,22,0.4382382245847569,11.443152481462805,0.5084699939984647
009,OECD Europe,100,target_only,Ridge,22,0.5836926786107082,3.624446125338264,1.6053486442786833
009,OECD Europe,100,target_only,MLP,22,0.35098218135994663,5.494570647055718,1.058954383758951
009,OECD Europe,100,target_only,PLSR,23,0.46754976694836414,4.6260816018280035,1.2577598439408677
009,OECD Europe,100,target_only,Ridge,23,0.6000231353738513,3.616621096258063,1.6088220244009026
009,OECD Europe,100,target_only,MLP,23,0.463670774200736,4.464582619551386,1.3032572514376646
009,OECD Europe,100,target_only,PLSR,24,0.4792522305892667,12.893168576062369,0.45128547255448237
009,OECD Europe,100,target_only,Ridge,24,0.5807754109501235,4.5516668562776825,1.2783228336555439
009,OECD Europe,100,target_only,MLP,24,0.3166971439968992,5.249850841287536,1.108317140710594
009,OECD Europe,100,target_only,PLSR,25,0.33955183891432916,67.20349809923863,0.08658030962883506
009,OECD Europe,100,target_only,Ridge,25,0.6029141024563056,9.119255999950076,0.6380454363387499
009,OECD Europe,100,target_only,MLP,25,0.3550803464275213,5.012960492787297,1.1606913084482973
009,OECD Europe,100,target_only,PLSR,26,0.5229684621081547,6.781292839781944,0.8580221811745274
009,OECD Europe,100,target_only,Ridge,26,0.5838354372033561,3.988599856056658,1.4587825010166318
009,OECD Europe,100,target_only,MLP,26,0.46579308634967986,3.601849524778194,1.6154199761943744
009,OECD Europe,100,target_only,PLSR,27,0.5123876316741166,4.747814388297871,1.225511192668778
009,OECD Europe,100,target_only,Ridge,27,0.5710780022574293,4.111744581272823,1.4150926835469304
009,OECD Europe,100,target_only,MLP,27,0.43488958198869154,4.164897928400531,1.397032958214037
009,OECD Europe,100,target_only,PLSR,28,0.5408052180341216,10.474458308317203,0.5554940887924249
009,OECD Europe,100,target_only,Ridge,28,0.5488755263383018,4.919714233461226,1.1826905786516282
009,OECD Europe,100,target_only,MLP,28,0.3918232540776465,13.185679877626441,0.44127414949954774
009,OECD Europe,100,target_only,PLSR,29,0.5805283608168966,9.130540005243276,0.6372569059695916
009,OECD Europe,100,target_only,Ridge,29,0.5863559778892887,5.803101246160887,1.0026534824671909
009,OECD Europe,100,target_only,MLP,29,0.5916027347364887,4.754928590874015,1.223677614158112
010,Eastern Europe,10,target_only,PLSR,0,0.3665056641320441,32.692499005323775,0.15063180288931496
010,Eastern Europe,10,target_only,Ridge,0,0.5781833067098083,4.600709077887479,1.07038501734395
010,Eastern Europe,10,target_only,MLP,0,0.027741466358665146,4.759470504204946,1.0346802363368535
010,Eastern Europe,10,pooled,PLSR,0,0.7009824039361294,4.123546679544272,1.1942462275395676
010,Eastern Europe,10,pooled,Ridge,0,0.7201044843631585,4.391224712386026,1.1214479760597933
010,Eastern Europe,10,pooled,MLP,0,0.7133792855793051,4.038581328520937,1.2193712755891395
010,Eastern Europe,10,target_only,PLSR,1,0.5461446561430678,3.0841769890785216,1.5967079981361214
010,Eastern Europe,10,target_only,Ridge,1,0.5239984870163654,3.0379225138439425,1.6210189837587243
010,Eastern Europe,10,target_only,MLP,1,-0.3991224490198282,6.551683353329819,0.7516434785613104
010,Eastern Europe,10,pooled,PLSR,1,0.7014646870922212,4.121203663369677,1.1949251889440826
010,Eastern Europe,10,pooled,Ridge,1,0.7199515738363753,4.392145440247901,1.1212128863043995
010,Eastern Europe,10,pooled,MLP,1,0.7447061139420263,3.6194691051781462,1.360566956928529
010,Eastern Europe,10,target_only,PLSR,2,0.45968886941794973,2.923568525366475,1.6844243681655304
010,Eastern Europe,10,target_only,Ridge,2,0.31603785214711144,2.9050864454699843,1.6951406295699292
010,Eastern Europe,10,target_only,MLP,2,-1.2879314070182306,33.295866420223625,0.14790214508843474
010,Eastern Europe,10,pooled,PLSR,2,0.7020382624345725,4.119503358362733,1.195418388513288
010,Eastern Europe,10,pooled,Ridge,2,0.7208917513176005,4.389907769616357,1.1217844029008885
010,Eastern Europe,10,pooled,MLP,2,0.726170633551089,4.097826741673608,1.2017418930986359
010,Eastern Europe,10,target_only,PLSR,3,-0.8343873302389784,6.059216215868568,0.8127338405967648
010,Eastern Europe,10,target_only,Ridge,3,-0.4593668629503853,5.204326418023579,0.9462377396380184
010,Eastern Europe,10,target_only,MLP,3,-0.84617429219322,5.168830512426495,0.9527358373020531
010,Eastern Europe,10,pooled,PLSR,3,0.7002041967076281,4.123696323763902,1.1942028897108976
010,Eastern Europe,10,pooled,Ridge,3,0.7203007297599298,4.3922224337945766,1.121193231981788
010,Eastern Europe,10,pooled,MLP,3,0.7548219755832393,3.4888180473733965,1.4115181701254256
010,Eastern Europe,10,target_only,PLSR,4,0.38818300565048736,6.975847229229283,0.7059400678235807
010,Eastern Europe,10,target_only,Ridge,4,0.5726670165866594,4.680940826953557,1.0520385213529888
010,Eastern Europe,10,target_only,MLP,4,-0.3498402271910688,4.951736122045319,0.9945057540939752
010,Eastern Europe,10,pooled,PLSR,4,0.7008616465337127,4.1288183895376775,1.1927214039270153
010,Eastern Europe,10,pooled,Ridge,4,0.7204915966037859,4.390690189349463,1.1215845012418626
010,Eastern Europe,10,pooled,MLP,4,0.6902728880447188,4.1908216066129675,1.1750750875098868
010,Eastern Europe,10,target_only,PLSR,5,-0.5525363807453039,4.836825150651032,1.01813274467162
010,Eastern Europe,10,target_only,Ridge,5,-0.0770005942376304,4.884188339941834,1.008259658182572
010,Eastern Europe,10,target_only,MLP,5,-0.10597701458900999,4.637575325987016,1.0618760278747532
010,Eastern Europe,10,pooled,PLSR,5,0.7013018350800005,4.123266320127478,1.1943274297103383
010,Eastern Europe,10,pooled,Ridge,5,0.7204608627069475,4.3908343071755045,1.121547688119633
010,Eastern Europe,10,pooled,MLP,5,0.7118811889706923,4.129309739474799,1.192579481033409
010,Eastern Europe,10,target_only,PLSR,6,-0.0645164321575169,3.7927654913249556,1.2984008838386507
010,Eastern Europe,10,target_only,Ridge,6,0.21277030455214851,4.229120412302156,1.1644336377380065
010,Eastern Europe,10,target_only,MLP,6,-2.6539658381410325,5.227337822298061,0.942072281061054
010,Eastern Europe,10,pooled,PLSR,6,0.7012180002034646,4.122251770943947,1.1946213719501653
010,Eastern Europe,10,pooled,Ridge,6,0.7205197234092231,4.390433385943548,1.121650104496626
010,Eastern Europe,10,pooled,MLP,6,0.701988155296591,4.173247989530088,1.1800233483569147
010,Eastern Europe,10,target_only,PLSR,7,0.4989255535073802,3.8192275398892686,1.2894047329455094
010,Eastern Europe,10,target_only,Ridge,7,0.5043793664077543,4.464168790485944,1.1031236266478626
010,Eastern Europe,10,target_only,MLP,7,0.02989805146715796,4.764389128434877,1.0336120609331476
010,Eastern Europe,10,pooled,PLSR,7,0.7012668006947949,4.124312775843144,1.1940243947968574
010,Eastern Europe,10,pooled,Ridge,7,0.720693492809634,4.390430849166338,1.1216507525825476
010,Eastern Europe,10,pooled,MLP,7,0.7269706273122752,4.007116587823633,1.2289460409245776
010,Eastern Europe,10,target_only,PLSR,8,-0.49511065197310944,4.435824369971565,1.1101724629734664
010,Eastern Europe,10,target_only,Ridge,8,0.026489850610267762,4.8843969394744295,1.0082165981086184
010,Eastern Europe,10,target_only,MLP,8,-0.47065800529655366,4.881158942550768,1.0088854151419262
010,Eastern Europe,10,pooled,PLSR,8,0.7008682730259493,4.123455035626966,1.1942727696993762
010,Eastern Europe,10,pooled,Ridge,8,0.7200100541040795,4.3911294519568145,1.121472304564955
010,Eastern Europe,10,pooled,MLP,8,0.690171881472994,4.146350302543201,1.1876782487742419
010,Eastern Europe,10,target_only,PLSR,9,-0.15806602257710245,20.449760831602198,0.2408111325448313
010,Eastern Europe,10,target_only,Ridge,9,0.35363757828457665,5.150237204085813,0.9561753897902612
010,Eastern Europe,10,target_only,MLP,9,-0.11904263631368095,4.4704430434382,1.101575396057752
010,Eastern Europe,10,pooled,PLSR,9,0.70118362011798,4.123221268323967,1.1943404793628287
010,Eastern Europe,10,pooled,Ridge,9,0.7199796739363866,4.392059685597328,1.1212347779056449
010,Eastern Europe,10,pooled,MLP,9,0.7629680462975686,3.598152443654875,1.3686274117743868
010,Eastern Europe,10,target_only,PLSR,10,-0.34154583322997856,11.30179110112899,0.4357300557110034
010,Eastern Europe,10,target_only,Ridge,10,0.5000649415177086,4.286571934449179,1.1488271144018152
010,Eastern Europe,10,target_only,MLP,10,0.3176238840599105,3.8170913352804736,1.2901263379822192
010,Eastern Europe,10,target_only,PLSR,11,0.24253949993659496,4.322051055347007,1.1393965510973536
010,Eastern Europe,10,target_only,Ridge,11,0.22809702832567413,4.239509115164696,1.1615802519480487
010,Eastern Europe,10,target_only,MLP,11,-0.20986062519856974,5.054593356272811,0.9742682979665725
010,Eastern Europe,10,target_only,PLSR,12,-0.18195610256477956,15.191232331955751,0.32416922857337815
010,Eastern Europe,10,target_only,Ridge,12,0.13402109667415396,8.634171695969636,0.5703535022853192
010,Eastern Europe,10,target_only,MLP,12,-0.29731258117492,27.48794798192697,0.1791523350294057
010,Eastern Europe,10,target_only,PLSR,13,0.11932399905317059,4.907764770349721,1.0034160756604764
010,Eastern Europe,10,target_only,Ridge,13,0.43236665800795504,4.4248329953360965,1.1129301538204166
010,Eastern Europe,10,target_only,MLP,13,0.11417771537529264,4.572756799869542,1.0769280505513765
010,Eastern Europe,10,target_only,PLSR,14,-0.16012823359757444,6.995652106086558,0.7039415327478157
010,Eastern Europe,10,target_only,Ridge,14,0.4381011324726207,4.326510699682386,1.1382220934968617
010,Eastern Europe,10,target_only,MLP,14,0.014650562144490897,4.277704097414926,1.1512086750238326
010,Eastern Europe,10,target_only,PLSR,15,0.33727451742252357,4.4209466305419305,1.1139085082158966
010,Eastern Europe,10,target_only,Ridge,15,0.39094773114058623,4.612878173983973,1.0675612666085046
010,Eastern Europe,10,target_only,MLP,15,-0.11557263153239017,5.270041832796087,0.9344385153611362
010,Eastern Europe,10,target_only,PLSR,16,0.10575521282408928,4.377317575752367,1.1250109184236274
010,Eastern Europe,10,target_only,Ridge,16,0.4074377472842975,3.5186852339453796,1.3995369687010486
010,Eastern Europe,10,target_only,MLP,16,-0.17232319539435537,12.813841638428787,0.3843133234423908
010,Eastern Europe,10,target_only,PLSR,17,0.027909096802030353,7.712691935013169,0.638496922685743
010,Eastern Europe,10,target_only,Ridge,17,0.14222817685658984,5.4844063199966975,0.8979148842735675
010,Eastern Europe,10,target_only,MLP,17,-2.151265099152438,29.161320689880977,0.1688719834914019
010,Eastern Europe,10,target_only,PLSR,18,0.38283741901955215,11.047260300793253,0.4457693520424651
010,Eastern Europe,10,target_only,Ridge,18,0.4579862815124086,5.957545768346797,0.8266038160031794
010,Eastern Europe,10,target_only,MLP,18,-0.984064418785936,4.954715485665225,0.9939077390773499
010,Eastern Europe,10,target_only,PLSR,19,0.25844672893725007,4.9195393205297195,1.0010144741761715
010,Eastern Europe,10,target_only,Ridge,19,0.2144636353422541,5.0027039579031625,0.9843736722316722
010,Eastern Europe,10,target_only,MLP,19,-0.1027394058004596,5.296690861671495,0.9297371122344501
010,Eastern Europe,10,target_only,PLSR,20,0.04051682490492836,4.36697437249811,1.127675513083444
010,Eastern Europe,10,target_only,Ridge,20,0.16017154481535967,4.111775749197347,1.1976650397557227
010,Eastern Europe,10,target_only,MLP,20,-0.13344237230462652,3.638579808544639,1.3534209293869448
010,Eastern Europe,10,target_only,PLSR,21,0.28372060648556385,4.227728981547902,1.1648168762998696
010,Eastern Europe,10,target_only,Ridge,21,0.3972594982600127,4.2554984672836165,1.1572158006844493
010,Eastern Europe,10,target_only,MLP,21,-0.29658607012232086,3.99606381591334,1.232345200924552
010,Eastern Europe,10,target_only,PLSR,22,0.3094164110689386,4.954503341069942,0.9939502967547879
010,Eastern Europe,10,target_only,Ridge,22,0.44246180027115334,4.8434464021188814,1.0167409025058485
010,Eastern Europe,10,target_only,MLP,22,-0.0807561693322758,22.60257484829112,0.21787473768730284
010,Eastern Europe,10,target_only,PLSR,23,0.46000667864590217,4.2790903770452475,1.1508357225980095
010,Eastern Europe,10,target_only,Ridge,23,0.3515970881411038,4.799760784733891,1.0259948957856413
010,Eastern Europe,10,target_only,MLP,23,0.04988507880558035,5.059347817997247,0.9733527409622614
010,Eastern Europe,10,target_only,PLSR,24,0.49592502657314075,3.975818347010255,1.238620489246501
010,Eastern Europe,10,target_only,Ridge,24,0.4052105457442794,4.859561930243285,1.0133691342590871
010,Eastern Europe,10,target_only,MLP,24,0.04051932027513072,4.3811035250987524,1.1240387354275212
010,Eastern Europe,10,target_only,PLSR,25,0.40023014360101894,2.8847390135694186,1.7070972600865242
010,Eastern Europe,10,target_only,Ridge,25,0.5845940018428336,3.631177108184414,1.3561800813927576
010,Eastern Europe,10,target_only,MLP,25,-0.4360764996197086,5.025380259954853,0.9799318283176639
010,Eastern Europe,10,target_only,PLSR,26,0.5549604715551438,4.324698777199853,1.138698975311659
010,Eastern Europe,10,target_only,Ridge,26,0.5477170989516649,4.5043101026666,1.0932928581479509
010,Eastern Europe,10,target_only,MLP,26,-0.32758208278748113,4.985405722657316,0.9877892272134249
010,Eastern Europe,10,target_only,PLSR,27,0.3958855832384942,4.831493362016741,1.0192563038260039
010,Eastern Europe,10,target_only,Ridge,27,0.4192047455047191,4.802954542364665,1.0253126534286405
010,Eastern Europe,10,target_only,MLP,27,-0.4500395555297343,4.594885984278439,1.0717415150187635
010,Eastern Europe,10,target_only,PLSR,28,-0.30222958180133275,5.423537184876692,0.9079923117077364
010,Eastern Europe,10,target_only,Ridge,28,0.34909753339230465,4.384399580449949,1.1231937180378246
010,Eastern Europe,10,target_only,MLP,28,-0.017364890012301126,4.811335652209996,1.0235266092622466
010,Eastern Europe,10,target_only,PLSR,29,0.27771197630476574,4.543291523984809,1.0839124102276123
010,Eastern Europe,10,target_only,Ridge,29,0.3288581370716005,4.53241196240357,1.0865142239889296
010,Eastern Europe,10,target_only,MLP,29,-1.3245054131314276,46.38719535436961,0.10616141002939883
010,Eastern Europe,25,target_only,PLSR,0,0.5316142581766361,12.537360778138915,0.39278841482458077
010,Eastern Europe,25,target_only,Ridge,0,0.5626952732614674,4.382821717670145,1.1235980798112128
010,Eastern Europe,25,target_only,MLP,0,0.12544817446833845,4.605871303876403,1.0691853378500749
010,Eastern Europe,25,pooled,PLSR,0,0.7029142145425407,4.122132726470099,1.1946558718273184
010,Eastern Europe,25,pooled,Ridge,0,0.7210477805791919,4.39307705090876,1.1209751181373793
010,Eastern Europe,25,pooled,MLP,0,0.7414383191186469,3.868203455795369,1.2730793823037132
010,Eastern Europe,25,target_only,PLSR,1,0.19157592656118738,10.982464886652009,0.4483993454069029
010,Eastern Europe,25,target_only,Ridge,1,0.6252221542307912,4.862074783796799,1.0128453973065972
010,Eastern Europe,25,target_only,MLP,1,0.09910693496744094,3.724568296581071,1.3221747257660648
010,Eastern Europe,25,pooled,PLSR,1,0.7018265634183554,4.124692834178617,1.1939143747439116
010,Eastern Europe,25,pooled,Ridge,1,0.7218146265983763,4.389016485491145,1.1220122053330557
010,Eastern Europe,25,pooled,MLP,1,0.7498706585881567,3.4218189354725648,1.4391556534679595
010,Eastern Europe,25,target_only,PLSR,2,0.5955260738327683,5.301830466581222,0.9288358232443709
010,Eastern Europe,25,target_only,Ridge,2,0.6501430856911765,4.6441731811608,1.0603674484202121
010,Eastern Europe,25,target_only,MLP,2,0.3422450849204496,4.045283996828343,1.2173508880934136
010,Eastern Europe,25,pooled,PLSR,2,0.7023397071359971,4.125047195662997,1.1938118117306928
010,Eastern Europe,25,pooled,Ridge,2,0.7203061053461586,4.394474842750342,1.1206185590647215
010,Eastern Europe,25,pooled,MLP,2,0.7130359553062425,3.7217125503738537,1.3231892574923276
010,Eastern Europe,25,target_only,PLSR,3,0.3908528798325923,9.911167562797923,0.4968667954533968
010,Eastern Europe,25,target_only,Ridge,3,0.6203549447780643,4.302271914789282,1.1446347798707772
010,Eastern Europe,25,target_only,MLP,3,0.1458880628414968,2.80396286471426,1.7562750663001006
010,Eastern Europe,25,pooled,PLSR,3,0.7035197439082532,4.099227437408451,1.2013312609076323
010,Eastern Europe,25,pooled,Ridge,3,0.7225451401302773,4.372539232482168,1.1262403386906923
010,Eastern Europe,25,pooled,MLP,3,0.749786931469462,3.2172520751904683,1.5306634205333487
010,Eastern Europe,25,target_only,PLSR,4,0.6680005603156114,32.013086952519515,0.15382865368256787
010,Eastern Europe,25,target_only,Ridge,4,0.7312487811190176,3.1866602801581436,1.545357720366938
010,Eastern Europe,25,target_only,MLP,4,0.17307366295559923,5.156536128349256,0.955007381613271
010,Eastern Europe,25,pooled,PLSR,4,0.7021777457561267,4.119198668828639,1.1955068114084013
010,Eastern Europe,25,pooled,Ridge,4,0.7212807577499929,4.391020047838285,1.121500246520947
010,Eastern Europe,25,pooled,MLP,4,0.7648566329564599,3.491212594118681,1.4105500405288844
010,Eastern Europe,25,target_only,PLSR,5,0.5030043473052441,5.161671786876513,0.9540571871790867
010,Eastern Europe,25,target_only,Ridge,5,0.6541324835276088,3.2631581365016333,1.5091300697454237
010,Eastern Europe,25,target_only,MLP,5,0.4585008607824447,2.7246442801088953,1.8074029340564923
010,Eastern Europe,25,pooled,PLSR,5,0.7035723672059137,4.087425098171321,1.204800075316915
010,Eastern Europe,25,pooled,Ridge,5,0.72339161977473,4.363117887633519,1.1286722460758536
010,Eastern Europe,25,pooled,MLP,5,0.7516441521248842,3.410705315035464,1.4438450734574388
010,Eastern Europe,25,target_only,PLSR,6,0.4336739390274532,5.624938682428457,0.8754815552945703
010,Eastern Europe,25,target_only,Ridge,6,0.5812040555147151,3.5883536702497927,1.3723647440209676
010,Eastern Europe,25,target_only,MLP,6,0.08314631364052683,3.4111887076355822,1.4436404691144824
010,Eastern Europe,25,pooled,PLSR,6,0.7026684559724045,4.111654081410508,1.1977004798126623
010,Eastern Europe,25,pooled,Ridge,6,0.7230961132042953,4.385601452643491,1.1228859072820485
010,Eastern Europe,25,pooled,MLP,6,0.7454911752366538,3.963812684385251,1.2423720438476784
010,Eastern Europe,25,target_only,PLSR,7,0.18507247251221481,10.347129925914388,0.47593198320585217
010,Eastern Europe,25,target_only,Ridge,7,0.627776839151198,3.653675250115285,1.3478291662549025
010,Eastern Europe,25,target_only,MLP,7,0.40357617630039067,3.637022372582125,1.3540004876661944
010,Eastern Europe,25,pooled,PLSR,7,0.702388109442659,4.117186059563781,1.1960912125139214
010,Eastern Europe,25,pooled,Ridge,7,0.7210420393721451,4.389858683362378,1.1217969464012796
010,Eastern Europe,25,pooled,MLP,7,0.7343193710665369,3.9288191380150215,1.253437710705386
010,Eastern Europe,25,target_only,PLSR,8,0.12342100675913303,24.805791797844552,0.1985233975299657
010,Eastern Europe,25,target_only,Ridge,8,0.6817657016642088,3.6231970138933285,1.359167069095526
010,Eastern Europe,25,target_only,MLP,8,0.5404019624675347,3.605376415903491,1.3658851387629638
010,Eastern Europe,25,pooled,PLSR,8,0.7029807464742162,4.09426613258502,1.2027869969018914
010,Eastern Europe,25,pooled,Ridge,8,0.7235312151367244,4.371210055365652,1.1265828005872665
010,Eastern Europe,25,pooled,MLP,8,0.7433772073823883,3.3261972187435576,1.480528586332369
010,Eastern Europe,25,target_only,PLSR,9,0.27041566467572553,10.81319155796891,0.45541873920654496
010,Eastern Europe,25,target_only,Ridge,9,0.6481660365542881,4.345185112737837,1.1333303273301016
010,Eastern Europe,25,target_only,MLP,9,0.37641563843988834,4.631856561059927,1.0631870830218793
010,Eastern Europe,25,pooled,PLSR,9,0.7030078485194042,4.122636122977909,1.194509997785571
010,Eastern Europe,25,pooled,Ridge,9,0.721246875088683,4.393178955710273,1.1209491158397111
010,Eastern Europe,25,pooled,MLP,9,0.7121766947950221,3.7985912099176797,1.296409588184083
010,Eastern Europe,25,target_only,PLSR,10,0.5849674417261317,4.539436580203939,1.0848328815969088
010,Eastern Europe,25,target_only,Ridge,10,0.580002842332523,4.375364120491217,1.1255131985623599
010,Eastern Europe,25,target_only,MLP,10,0.4745886710971966,4.74013354094374,1.0389011245342687
010,Eastern Europe,25,target_only,PLSR,11,-1.7872929813366536,8.46390675738255,0.5818270696134135
010,Eastern Europe,25,target_only,Ridge,11,0.3070440724515986,3.9584519434934946,1.2440545284940252
010,Eastern Europe,25,target_only,MLP,11,-0.04941856936210187,11.693416680196114,0.4211369696993014
010,Eastern Europe,25,target_only,PLSR,12,-0.09517909135568936,30.602481027055976,0.1609193078749147
010,Eastern Europe,25,target_only,Ridge,12,0.2563767957653943,8.836092081240329,0.5573199125645368
010,Eastern Europe,25,target_only,MLP,12,0.2666058781820082,4.749657574365834,1.0368179156129105
010,Eastern Europe,25,target_only,PLSR,13,0.5387323363635039,5.052546020128766,0.9746630800610805
010,Eastern Europe,25,target_only,Ridge,13,0.6799042854492598,3.360630115078092,1.465359143225622
010,Eastern Europe,25,target_only,MLP,13,0.43660230073476347,4.086313895655245,1.2051276998972207
010,Eastern Europe,25,target_only,PLSR,14,0.3067045441871359,6.232176900673824,0.7901781583890238
010,Eastern Europe,25,target_only,Ridge,14,0.6296452100037302,2.8974426723082667,1.699612597410218
010,Eastern Europe,25,target_only,MLP,14,0.3190460886927494,4.404622770628217,1.118036736078238
010,Eastern Europe,25,target_only,PLSR,15,-0.013000095157098768,13.68402585707887,0.3598743613584706
010,Eastern Europe,25,target_only,Ridge,15,0.5804272714588801,4.815895037851845,1.022557598831238
010,Eastern Europe,25,target_only,MLP,15,0.3412297502823425,3.7481341916887008,1.3138617280696498
010,Eastern Europe,25,target_only,PLSR,16,0.2179615486785762,2.777197572489321,1.7732011992632521
010,Eastern Europe,25,target_only,Ridge,16,0.6484195671440438,2.7897471870352217,1.76522449382324
010,Eastern Europe,25,target_only,MLP,16,0.2990140198775404,4.9467815889629385,0.9955018182158014
010,Eastern Europe,25,target_only,PLSR,17,0.2385666653287617,50.07672454974183,0.09833969993859043
010,Eastern Europe,25,target_only,Ridge,17,0.34350532138598133,2.46964884286343,1.9940203565213421
010,Eastern Europe,25,target_only,MLP,17,0.08298627193126362,4.3761052647861245,1.1253225798190976
010,Eastern Europe,25,target_only,PLSR,18,0.3321670510253477,4.927703345690026,0.9993560327523074
010,Eastern Europe,25,target_only,Ridge,18,0.68361843478152,4.085058400985235,1.2054980817266547
010,Eastern Europe,25,target_only,MLP,18,0.2567661088289812,4.4739661536092905,1.100707939454634
010,Eastern Europe,25,target_only,PLSR,19,0.43901161190286975,8.5111308823175,0.5785987942401555
010,Eastern Europe,25,target_only,Ridge,19,0.6780988606383077,3.7704723446551096,1.3060777578994576
010,Eastern Europe,25,target_only,MLP,19,0.3614347387819056,10.041594656573483,0.49041314995774443
010,Eastern Europe,25,target_only,PLSR,20,0.18479216004536703,5.630893077943832,0.8745557761376087
010,Eastern Europe,25,target_only,Ridge,20,0.5559186632451447,3.3253575195558014,1.4809024404650697
010,Eastern Europe,25,target_only,MLP,20,0.3919254026428072,3.422476415737645,1.438879182186468
010,Eastern Europe,25,target_only,PLSR,21,0.46360590298510806,5.865822043683886,0.839529400901553
010,Eastern Europe,25,target_only,Ridge,21,0.667153821777279,4.176257529623525,1.179172987105751
010,Eastern Europe,25,target_only,MLP,21,0.5312659918072081,3.4728008665878853,1.4180283452208222
010,Eastern Europe,25,target_only,PLSR,22,0.4248417208003582,9.506087331115639,0.5180396407689126
010,Eastern Europe,25,target_only,Ridge,22,0.631762818067064,4.597728453559279,1.071078928621108
010,Eastern Europe,25,target_only,MLP,22,0.4721929168933574,4.75894982645647,1.034793440929357
010,Eastern Europe,25,target_only,PLSR,23,0.618271817209282,4.443406958502546,1.1082779750132659
010,Eastern Europe,25,target_only,Ridge,23,0.6115678245844796,4.581272307102628,1.074926294709497
010,Eastern Europe,25,target_only,MLP,23,0.07973741767226727,4.794918515550677,1.0270310225623291
010,Eastern Europe,25,target_only,PLSR,24,0.7514617617387342,4.11162527597411,1.19770887072445
010,Eastern Europe,25,target_only,Ridge,24,0.7026142001042821,3.8447545099153437,1.280843823299784
010,Eastern Europe,25,target_only,MLP,24,0.3449925807022739,4.419876089435407,1.1141783087313006
010,Eastern Europe,25,target_only,PLSR,25,0.48906061493074204,5.0144827157132745,0.9820614299252953
010,Eastern Europe,25,target_only,Ridge,25,0.55410645640369,6.647388880614681,0.7408217203133883
010,Eastern Europe,25,target_only,MLP,25,0.24289320040154605,7.0116171742266635,0.7023386964466155
010,Eastern Europe,25,target_only,PLSR,26,0.4475260454509631,15.739065421408256,0.31288579939636807
010,Eastern Europe,25,target_only,Ridge,26,0.531008075174053,2.2911805803642116,2.1493417447463883
010,Eastern Europe,25,target_only,MLP,26,0.37260680960833004,9.926477515953778,0.49610046043164663
010,Eastern Europe,25,target_only,PLSR,27,-0.008274839419318392,51.44616859786585,0.09572199835953074
010,Eastern Europe,25,target_only,Ridge,27,0.48050021062488624,4.429154716305853,1.111844218943061
010,Eastern Europe,25,target_only,MLP,27,-0.18749983038935003,4.829131010978039,1.0197549113772535
010,Eastern Europe,25,target_only,PLSR,28,0.5321084288835,10.912468058358701,0.4512755537787787
010,Eastern Europe,25,target_only,Ridge,28,0.6393902681854489,3.077387751548257,1.600230605860925
010,Eastern Europe,25,target_only,MLP,28,0.05647737051279744,4.587700453527774,1.0734201406594175
010,Eastern Europe,25,target_only,PLSR,29,0.4496327857490342,27.85086158819799,0.1768178715237974
010,Eastern Europe,25,target_only,Ridge,29,0.16682276156554987,4.004357121047926,1.2297929273701553
010,Eastern Europe,25,target_only,MLP,29,0.4763417356060956,3.8619928195587336,1.2751266758418591
010,Eastern Europe,50,target_only,PLSR,0,0.2342461996403119,9.849968234837826,0.49995390327369277
010,Eastern Europe,50,target_only,Ridge,0,0.4593873715038219,4.332742418145257,1.1365850057241875
010,Eastern Europe,50,target_only,MLP,0,0.0876987184648228,6.025932382503422,0.817222921456547
010,Eastern Europe,50,pooled,PLSR,0,0.7045884424194098,4.105018222092917,1.1996365910449764
010,Eastern Europe,50,pooled,Ridge,0,0.7243179603071901,4.376615944637007,1.1251912729887688
010,Eastern Europe,50,pooled,MLP,0,0.7654292086061467,3.4951371264471445,1.4089661973105216
010,Eastern Europe,50,target_only,PLSR,1,0.6811588354918705,11.39758420638652,0.43206788183847294
010,Eastern Europe,50,target_only,Ridge,1,0.7093713193240521,5.405942025856668,0.9109476281053304
010,Eastern Europe,50,target_only,MLP,1,0.569867990194552,3.270962691349389,1.5055292679286145
010,Eastern Europe,50,pooled,PLSR,1,0.7057757371062687,4.103504005114113,1.2000792639636066
010,Eastern Europe,50,pooled,Ridge,1,0.7236593457150718,4.372524260694094,1.12624419500587
010,Eastern Europe,50,pooled,MLP,1,0.7606435345393823,3.8100547234472946,1.2925090119633236
010,Eastern Europe,50,target_only,PLSR,2,0.5355130383047468,5.015611408551245,0.9818404308063218
010,Eastern Europe,50,target_only,Ridge,2,0.6608853067575817,4.751284752282624,1.0364628353969318
010,Eastern Europe,50,target_only,MLP,2,0.3440493102181351,4.302940721808808,1.1444568690360564
010,Eastern Europe,50,pooled,PLSR,2,0.7057343385566279,4.124337160179761,1.1940173353612098
010,Eastern Europe,50,pooled,Ridge,2,0.7238436159666226,4.3928886224216965,1.1210232012243184
010,Eastern Europe,50,pooled,MLP,2,0.7495005472180205,3.9615597430267067,1.2430785815605605
010,Eastern Europe,50,target_only,PLSR,3,0.6361072478944018,4.287466772000584,1.1485873425979256
010,Eastern Europe,50,target_only,Ridge,3,0.708755632038,3.834872814657956,1.2841442999898527
010,Eastern Europe,50,target_only,MLP,3,0.368650516020118,4.197039330287668,1.17333426698947
010,Eastern Europe,50,pooled,PLSR,3,0.7037732870331963,4.124995925945058,1.1938266496592531
010,Eastern Europe,50,pooled,Ridge,3,0.7206761826368957,4.3924857315976675,1.1211260245432533
010,Eastern Europe,50,pooled,MLP,3,0.7291689847820961,3.578042902597939,1.3763194573640978
010,Eastern Europe,50,target_only,PLSR,4,0.7966414302215106,16.796241542237418,0.2931923819829197
010,Eastern Europe,50,target_only,Ridge,4,0.6661990363592918,6.8644115449392125,0.7174001782803461
010,Eastern Europe,50,target_only,MLP,4,0.48511623835758855,5.931351545877395,0.8302542899437257
010,Eastern Europe,50,pooled,PLSR,4,0.7044138695586923,4.116946010449258,1.1961609536851012
010,Eastern Europe,50,pooled,Ridge,4,0.7231669412641657,4.391966350532622,1.1212586056202025
010,Eastern Europe,50,pooled,MLP,4,0.7580393834896094,3.8786514287556786,1.269650072089337
010,Eastern Europe,50,target_only,PLSR,5,0.7052812177299725,56.700533101958406,0.08685156552714962
010,Eastern Europe,50,target_only,Ridge,5,0.783516830887017,2.178593059156613,2.260417587135554
010,Eastern Europe,50,target_only,MLP,5,0.6224163350456551,1.4430303235828066,3.412631034601033
010,Eastern Europe,50,pooled,PLSR,5,0.7066068600777865,4.075057250443296,1.2084566580244618
010,Eastern Europe,50,pooled,Ridge,5,0.7256028654696767,4.356540235142717,1.1303763537874758
010,Eastern Europe,50,pooled,MLP,5,0.7547646557057253,3.5180427962894685,1.3997925412740946
010,Eastern Europe,50,target_only,PLSR,6,0.8097663735275531,6.63503028208081,0.7422015961899538
010,Eastern Europe,50,target_only,Ridge,6,0.7531190018465959,3.617885862303234,1.3611623620967361
010,Eastern Europe,50,target_only,MLP,6,0.5571891760061793,3.921068940641724,1.2559151957484087
010,Eastern Europe,50,pooled,PLSR,6,0.7047131688771834,4.111711122420932,1.1976838643346972
010,Eastern Europe,50,pooled,Ridge,6,0.7246329627430244,4.380174251335967,1.1242772053251213
010,Eastern Europe,50,pooled,MLP,6,0.7396254741886955,4.082010991950666,1.2063980415142825
010,Eastern Europe,50,target_only,PLSR,7,0.6500587121446362,29.76111490656037,0.16546860161624932
010,Eastern Europe,50,target_only,Ridge,7,0.7179360929521333,3.9133306985061043,1.2583986495209754
010,Eastern Europe,50,target_only,MLP,7,0.690484237317581,3.249331078878427,1.5155519541052305
010,Eastern Europe,50,pooled,PLSR,7,0.7048375691404155,4.085162307775769,1.2054674196801485
010,Eastern Europe,50,pooled,Ridge,7,0.7247191055683747,4.364533257354402,1.1283062301864786
010,Eastern Europe,50,pooled,MLP,7,0.7751059396444897,3.322307669059204,1.4822618964496936
010,Eastern Europe,50,target_only,PLSR,8,0.6032359991068567,8.423206962899732,0.5846383791612028
010,Eastern Europe,50,target_only,Ridge,8,0.6977845521977903,4.824073878176954,1.0208239323212989
010,Eastern Europe,50,target_only,MLP,8,0.507285590495449,5.819819777283606,0.8461653890642599
010,Eastern Europe,50,pooled,PLSR,8,0.7057190293855727,4.1006656903924465,1.2009099102291765
010,Eastern Europe,50,pooled,Ridge,8,0.7251554380375845,4.372770027190014,1.1261808957498753
010,Eastern Europe,50,pooled,MLP,8,0.7215480778783647,3.8477242966399006,1.2798552303837096
010,Eastern Europe,50,target_only,PLSR,9,0.7784895355067837,10.0426712309253,0.490360577668271
010,Eastern Europe,50,target_only,Ridge,9,0.7395963516309687,4.349719628940205,1.1321488477934156
010,Eastern Europe,50,target_only,MLP,9,0.5766437418938467,3.4057184904636237,1.4459592241455856
010,Eastern Europe,50,pooled,PLSR,9,0.706490810246234,4.110286692050115,1.1980989247425988
010,Eastern Europe,50,pooled,Ridge,9,0.7236408890878894,4.3856973530080445,1.1228613535659135
010,Eastern Europe,50,pooled,MLP,9,0.7694051967531766,3.5357458325779216,1.3927839554401933
010,Eastern Europe,50,target_only,PLSR,10,0.7998673514020587,3.441166953914079,1.431063976866266
010,Eastern Europe,50,target_only,Ridge,10,0.7285952455997755,3.286031778034323,1.498625210823393
010,Eastern Europe,50,target_only,MLP,10,0.4738710417316975,2.8085888543414863,1.7533823288220955
010,Eastern Europe,50,target_only,PLSR,11,0.6653963745660918,36.92508271501725,0.13336544440904596
010,Eastern Europe,50,target_only,Ridge,11,0.6201614215280327,4.3332337474635105,1.1364561325618923
010,Eastern Europe,50,target_only,MLP,11,0.5020319490827307,5.933343324450645,0.8299755798447763
010,Eastern Europe,50,target_only,PLSR,12,0.5159753559156168,39.1943668333506,0.125643822416306
010,Eastern Europe,50,target_only,Ridge,12,0.722570100662574,3.753240303747007,1.312074279180234
010,Eastern Europe,50,target_only,MLP,12,0.3940317099298922,7.187619659310141,0.6851406028072591
010,Eastern Europe,50,target_only,PLSR,13,0.7018673347230496,4.288315555755194,1.1483600033864165
010,Eastern Europe,50,target_only,Ridge,13,0.7290114880461096,3.958317802191076,1.2440966875886383
010,Eastern Europe,50,target_only,MLP,13,0.6525183938611898,6.217385746966303,0.7920579913401578
010,Eastern Europe,50,target_only,PLSR,14,0.570133311275349,23.745768911731844,0.20738558032947257
010,Eastern Europe,50,target_only,Ridge,14,0.6657400325035727,9.69440221929712,0.5079766606265388
010,Eastern Europe,50,target_only,MLP,14,0.6277838174434671,6.668786940343813,0.7384446542050074
010,Eastern Europe,50,target_only,PLSR,15,0.8226598607299045,12.529743076559633,0.3930272181990514
010,Eastern Europe,50,target_only,Ridge,15,0.7616718302498068,3.592284320604513,1.3708631128897815
010,Eastern Europe,50,target_only,MLP,15,0.6959576091651825,3.430211260061307,1.4356346279503036
010,Eastern Europe,50,target_only,PLSR,16,0.8004725465719859,3.7623417058192987,1.308900267754036
010,Eastern Europe,50,target_only,Ridge,16,0.7585196948431043,2.9915895491514566,1.6461249062478724
010,Eastern Europe,50,target_only,MLP,16,0.5496027738380465,3.1116393117879837,1.5826159694901674
010,Eastern Europe,50,target_only,PLSR,17,0.4976496949335426,74.76686282072473,0.06586514239519516
010,Eastern Europe,50,target_only,Ridge,17,0.7093837218729085,6.884493533480929,0.715307530202461
010,Eastern Europe,50,target_only,MLP,17,0.3444577531965184,4.963848536233506,0.992079035083878
010,Eastern Europe,50,target_only,PLSR,18,0.35471077884416957,21.949099688434046,0.22436136953371305
010,Eastern Europe,50,target_only,Ridge,18,0.5417157672639517,4.4282120762507535,1.112080898866642
010,Eastern Europe,50,target_only,MLP,18,0.548479991718587,4.137358910784525,1.1902593350779105
010,Eastern Europe,50,target_only,PLSR,19,0.7410564374686888,5.464661467369686,0.901159220115311
010,Eastern Europe,50,target_only,Ridge,19,0.7881902686190303,2.9272274795549453,1.6823188838326226
010,Eastern Europe,50,target_only,MLP,19,0.5096843510223241,4.071948801549098,1.209379171038597
010,Eastern Europe,50,target_only,PLSR,20,0.7353411288995716,4.669688859770377,1.0545734874445598
010,Eastern Europe,50,target_only,Ridge,20,0.666628565618631,4.4200049920835704,1.1141458154343973
010,Eastern Europe,50,target_only,MLP,20,0.4700539777804964,2.9809377638352004,1.6520070045988746
010,Eastern Europe,50,target_only,PLSR,21,0.8033957418163835,5.785695935763718,0.8511560442864881
010,Eastern Europe,50,target_only,Ridge,21,0.7443921923931078,3.630354797308264,1.3564872694482542
010,Eastern Europe,50,target_only,MLP,21,0.6719135870068919,2.861467470609022,1.7209806215553243
010,Eastern Europe,50,target_only,PLSR,22,0.7827931694621957,5.980603628503954,0.8234168943513359
010,Eastern Europe,50,target_only,Ridge,22,0.7361439362664768,4.144557757617464,1.1881919264071175
010,Eastern Europe,50,target_only,MLP,22,0.6341001657843368,3.983267309457291,1.2363041903908805
010,Eastern Europe,50,target_only,PLSR,23,0.7419363103290363,7.927881944898796,0.6211659180038309
010,Eastern Europe,50,target_only,Ridge,23,0.5990898778446434,3.480339136454038,1.414956954782987
010,Eastern Europe,50,target_only,MLP,23,0.48867539141404503,4.39051620432958,1.1216289467905562
010,Eastern Europe,50,target_only,PLSR,24,0.7078670001338263,7.409497929424811,0.6646239884314727
010,Eastern Europe,50,target_only,Ridge,24,0.6521885790371436,4.120971091230206,1.1949926260363475
010,Eastern Europe,50,target_only,MLP,24,0.38467792751550867,3.8735050993803832,1.2713369260613077
010,Eastern Europe,50,target_only,PLSR,25,0.6133588958647043,4.170728830438993,1.1807360934589273
010,Eastern Europe,50,target_only,Ridge,25,0.6310850999203212,5.746230699701801,0.8570018023092275
010,Eastern Europe,50,target_only,MLP,25,0.6402075257511182,3.28883820532567,1.497346405838598
010,Eastern Europe,50,target_only,PLSR,26,0.7916110289166248,5.710875146672544,0.8623074291859361
010,Eastern Europe,50,target_only,Ridge,26,0.7330974023559729,3.771670125102851,1.3056629829192095
010,Eastern Europe,50,target_only,MLP,26,0.4642446485123912,4.155305958843023,1.1851185243409157
010,Eastern Europe,50,target_only,PLSR,27,0.6714704763505241,16.94896579799155,0.29055047516306937
010,Eastern Europe,50,target_only,Ridge,27,0.6969608745088616,4.702085512159813,1.0473076368760186
010,Eastern Europe,50,target_only,MLP,27,0.07546513549229417,33.58897665066756,0.14661149451932423
010,Eastern Europe,50,target_only,PLSR,28,0.6464231235705213,5.537059431818187,0.8893764148224077
010,Eastern Europe,50,target_only,Ridge,28,0.631044097641247,2.426688921898131,2.0293207018380994
010,Eastern Europe,50,target_only,MLP,28,0.540919914605074,2.4716978593440766,1.9923673306234513
010,Eastern Europe,50,target_only,PLSR,29,0.7813998905434028,4.523188397150835,1.0887298148427837
010,Eastern Europe,50,target_only,Ridge,29,0.7379257767665887,3.5841826509647854,1.3739618054351885
010,Eastern Europe,50,target_only,MLP,29,0.4244040805684606,3.509624046576832,1.4031503091997208
010,Eastern Europe,100,target_only,PLSR,0,0.8673653883168588,8.664413842829372,0.5683627485319823
010,Eastern Europe,100,target_only,Ridge,0,0.83235015198482,3.280058462839888,1.5013543575273285
010,Eastern Europe,100,target_only,MLP,0,0.8015568846357678,2.082194543614463,2.3650672225759504
010,Eastern Europe,100,pooled,PLSR,0,0.7108234546458784,4.05014970363929,1.215888405730802
010,Eastern Europe,100,pooled,Ridge,0,0.7326373533023804,4.337298823561883,1.1353910040454456
010,Eastern Europe,100,pooled,MLP,0,0.8012756878694489,3.5162276154877223,1.400515155628227
010,Eastern Europe,100,target_only,PLSR,1,0.8409588476539345,1.945919486288021,2.5306956946728287
010,Eastern Europe,100,target_only,Ridge,1,0.8238499214135935,2.3194710405601406,2.123126342176623
010,Eastern Europe,100,target_only,MLP,1,0.8188303142028426,2.359042764602329,2.0875119942809515
010,Eastern Europe,100,pooled,PLSR,1,0.7105672485842498,4.036202093365251,1.2200900629391298
010,Eastern Europe,100,pooled,Ridge,1,0.7302147880977641,4.327899106895641,1.1378569473310511
010,Eastern Europe,100,pooled,MLP,1,0.8286534002950251,3.6788716088314293,1.3385979696348531
010,Eastern Europe,100,target_only,PLSR,2,0.8564775648109215,1.8420924186455665,2.673334962069879
010,Eastern Europe,100,target_only,Ridge,2,0.8276263247061842,2.432021326048133,2.024871251491482
010,Eastern Europe,100,target_only,MLP,2,0.8148318490833368,1.4928618594830307,3.2987178517872997
010,Eastern Europe,100,pooled,PLSR,2,0.7093768965462488,4.052814619838054,1.2150889019260978
010,Eastern Europe,100,pooled,Ridge,2,0.729565270215712,4.335229576132991,1.1359329372636637
010,Eastern Europe,100,pooled,MLP,2,0.8074670028457973,3.3843521872116087,1.4550879440790148
010,Eastern Europe,100,target_only,PLSR,3,0.8314707953918334,8.740102913495942,0.563440741472837
010,Eastern Europe,100,target_only,Ridge,3,0.84082420196606,2.9177641196955673,1.6877752498522296
010,Eastern Europe,100,target_only,MLP,3,0.8119112695183166,1.0684213681838657,4.609164710454939
010,Eastern Europe,100,pooled,PLSR,3,0.7109837126552436,4.059116090715641,1.2132025682618108
010,Eastern Europe,100,pooled,Ridge,3,0.7288442230581564,4.3494743336573265,1.132212697065897
010,Eastern Europe,100,pooled,MLP,3,0.7804271709381,3.728540389210834,1.3207661851750412
010,Eastern Europe,100,target_only,PLSR,4,0.8091318335778275,6.781604768001744,0.7261599923022513
010,Eastern Europe,100,target_only,Ridge,4,0.7699912914674741,3.9294563923353762,1.2532344361257266
010,Eastern Europe,100,target_only,MLP,4,0.7749818147779828,2.757535813044341,1.7858444640442719
010,Eastern Europe,100,pooled,PLSR,4,0.7089201153700508,4.076919428241652,1.20790468215188
010,Eastern Europe,100,pooled,Ridge,4,0.7288673681170181,4.363080411778935,1.1286819405927946
010,Eastern Europe,100,pooled,MLP,4,0.7465157104369238,4.009521907503587,1.2282087938996131
010,Eastern Europe,100,target_only,PLSR,5,0.8426220427828269,6.2408991934236555,0.7890738038708073
010,Eastern Europe,100,target_only,Ridge,5,0.8265933156210933,3.1830161962900516,1.5471269269282444
010,Eastern Europe,100,target_only,MLP,5,0.7642694153733661,1.437557157137957,3.425623838104176
010,Eastern Europe,100,pooled,PLSR,5,0.7104813013370699,4.045657101970044,1.217238619588161
010,Eastern Europe,100,pooled,Ridge,5,0.7308669932513443,4.331006726531167,1.1370405028378379
010,Eastern Europe,100,pooled,MLP,5,0.8095112837733888,2.6124849260925602,1.8849984614053161
010,Eastern Europe,100,target_only,PLSR,6,0.8466796793298548,7.289403149712248,0.6755738384868252
010,Eastern Europe,100,target_only,Ridge,6,0.7956874099048343,3.8492619323690547,1.2793439762355223
010,Eastern Europe,100,target_only,MLP,6,0.7633090586509584,3.6764602808971505,1.3394759333364388
010,Eastern Europe,100,pooled,PLSR,6,0.7106212186181168,4.073887848223947,1.2088035433464266
010,Eastern Europe,100,pooled,Ridge,6,0.7295643917825105,4.348474562143681,1.132473007661196
010,Eastern Europe,100,pooled,MLP,6,0.7885065904951122,3.4981324664206364,1.4077597442065826
010,Eastern Europe,100,target_only,PLSR,7,0.8300464510004875,12.074115399714753,0.40785845613546123
010,Eastern Europe,100,target_only,Ridge,7,0.8200616687761991,4.435164504575815,1.1103376348382021
010,Eastern Europe,100,target_only,MLP,7,0.7391709275617816,4.78866184429217,1.0283728996230617
010,Eastern Europe,100,pooled,PLSR,7,0.7064274973104865,4.107565941431241,1.198892515992854
010,Eastern Europe,100,pooled,Ridge,7,0.7259989595761709,4.3903801987048645,1.1216636927211368
010,Eastern Europe,100,pooled,MLP,7,0.8437249021543186,3.876883124808779,1.2702291783356123
010,Eastern Europe,100,target_only,PLSR,8,0.7559426199777651,4.91605465911345,1.0017240261964735
010,Eastern Europe,100,target_only,Ridge,8,0.7834962820402235,4.610654220119024,1.0680762058972904
010,Eastern Europe,100,target_only,MLP,8,0.8241323519801563,4.164855562750535,1.1824011642019154
010,Eastern Europe,100,pooled,PLSR,8,0.7075267675449273,4.118153320112349,1.1958102778928856
010,Eastern Europe,100,pooled,Ridge,8,0.7255937993384877,4.3865499488053485,1.12264310759079
010,Eastern Europe,100,pooled,MLP,8,0.8276248543238638,3.6599516901709266,1.3455177781046264
010,Eastern Europe,100,target_only,PLSR,9,0.8480878267457068,5.387636019634769,0.9140428284654043
010,Eastern Europe,100,target_only,Ridge,9,0.8427847379247826,3.3304052418381853,1.4786579135369753
010,Eastern Europe,100,target_only,MLP,9,0.8614515386275867,2.7121645114151387,1.815719527853995
010,Eastern Europe,100,pooled,PLSR,9,0.7093518012709312,4.073820115123895,1.208823641438397
010,Eastern Europe,100,pooled,Ridge,9,0.728808128714559,4.364392193966633,1.128342698654984
010,Eastern Europe,100,pooled,MLP,9,0.8365439374001367,3.390551740393808,1.452427346104171
010,Eastern Europe,100,target_only,PLSR,10,0.8606998704932252,9.849377096184186,0.49998390944305526
010,Eastern Europe,100,target_only,Ridge,10,0.8233965178583642,3.776889449688223,1.3038586730505364
010,Eastern Europe,100,target_only,MLP,10,0.781827657089105,2.6430307606387236,1.8632133002262063
010,Eastern Europe,100,target_only,PLSR,11,0.7938379448374359,4.549331393266477,1.0824733659583288
010,Eastern Europe,100,target_only,Ridge,11,0.7761370896132859,4.352695523013435,1.1313748090332154
010,Eastern Europe,100,target_only,MLP,11,0.6028000813920091,4.222078436246181,1.1663757887234847
010,Eastern Europe,100,target_only,PLSR,12,0.4353465240310479,3.132127394920487,1.5722636550848443
010,Eastern Europe,100,target_only,Ridge,12,0.6907134069863069,3.2363986104683335,1.5216080152180131
010,Eastern Europe,100,target_only,MLP,12,0.6803990119735697,2.6758891730609924,1.8403340899562772
010,Eastern Europe,100,target_only,PLSR,13,0.8412240726496525,8.014527782440236,0.614450432989784
010,Eastern Europe,100,target_only,Ridge,13,0.8003948468396749,2.9280606830573395,1.6818401662997984
010,Eastern Europe,100,target_only,MLP,13,0.7343462045785426,1.909025646170359,2.5796039335605645
010,Eastern Europe,100,target_only,PLSR,14,0.8393503680202339,13.217948722292833,0.372563865210307
010,Eastern Europe,100,target_only,Ridge,14,0.817006491187259,4.012077477261059,1.2274264627339415
010,Eastern Europe,100,target_only,MLP,14,0.7404629170301033,8.580562582278564,0.5739169219859417
010,Eastern Europe,100,target_only,PLSR,15,0.855363710075727,5.792993083187209,0.8500838850336865
010,Eastern Europe,100,target_only,Ridge,15,0.8359716218575318,3.408426827699054,1.4448102644038532
010,Eastern Europe,100,target_only,MLP,15,0.80335798469735,3.5712181031506622,1.3789496815622804
010,Eastern Europe,100,target_only,PLSR,16,0.8613837223144423,5.943493688391936,0.8285581384139454
010,Eastern Europe,100,target_only,Ridge,16,0.8010841269528415,3.5972049972090163,1.368987886414558
010,Eastern Europe,100,target_only,MLP,16,0.7690400243709521,2.668816372240729,1.8452112769356397
010,Eastern Europe,100,target_only,PLSR,17,0.8273533893536302,2.50705826915815,1.9642662983587829
010,Eastern Europe,100,target_only,Ridge,17,0.7389193443096915,2.7996312503526544,1.758992390697432
010,Eastern Europe,100,target_only,MLP,17,0.5877502702774495,3.4490854508519013,1.4277785042735691
010,Eastern Europe,100,target_only,PLSR,18,0.8484425883916731,3.371229051163771,1.4607521445121256
010,Eastern Europe,100,target_only,Ridge,18,0.8343439598094938,2.616222135268499,1.8823057873194162
010,Eastern Europe,100,target_only,MLP,18,0.8172467621492804,1.471026089190838,3.3476837034466707
010,Eastern Europe,100,target_only,PLSR,19,0.8375748152413232,8.688494734348422,0.5667874835281652
010,Eastern Europe,100,target_only,Ridge,19,0.8063278753821548,3.9432964826314785,1.2488358630449141
010,Eastern Europe,100,target_only,MLP,19,0.7329701935688602,2.0137169026482553,2.4454927401427518
010,Eastern Europe,100,target_only,PLSR,20,0.8517248757864989,11.813092835424873,0.41687051263674757
010,Eastern Europe,100,target_only,Ridge,20,0.7927538578146309,4.066443461707632,1.2110164846755516
010,Eastern Europe,100,target_only,MLP,20,0.7844775212657102,3.682375448982112,1.3373242718882192
010,Eastern Europe,100,target_only,PLSR,21,0.8425400345407619,7.690000550127999,0.6403809770920093
010,Eastern Europe,100,target_only,Ridge,21,0.8367349354474929,3.5825976491828913,1.3745696693716722
010,Eastern Europe,100,target_only,MLP,21,0.7955850187399081,3.1781020097629895,1.5495191944755446
010,Eastern Europe,100,target_only,PLSR,22,0.860662874372525,12.69506224533154,0.387909091815599
010,Eastern Europe,100,target_only,Ridge,22,0.8197629476869676,3.6110391495186867,1.3637431947492025
010,Eastern Europe,100,target_only,MLP,22,0.7984675070686085,2.288195081758064,2.1521460759130058
010,Eastern Europe,100,target_only,PLSR,23,0.7765775548728029,40.83943524812393,0.1205827170774914
010,Eastern Europe,100,target_only,Ridge,23,0.7114764543961282,7.284974800587183,0.6759845024765397
010,Eastern Europe,100,target_only,MLP,23,0.7621929093083865,4.2311117650000645,1.1638856025654953
010,Eastern Europe,100,target_only,PLSR,24,0.7906874962774415,3.2937808478654813,1.4950994900952121
010,Eastern Europe,100,target_only,Ridge,24,0.7333447306341376,3.775816225626964,1.3042292770250894
010,Eastern Europe,100,target_only,MLP,24,0.5973477704955354,2.9509818479161845,1.6687768071519924
010,Eastern Europe,100,target_only,PLSR,25,0.6571042818865087,3.0847552655078014,1.5964086750066373
010,Eastern Europe,100,target_only,Ridge,25,0.6118063453611697,2.66944106402453,1.8447794680676284
010,Eastern Europe,100,target_only,MLP,25,0.733985495674681,1.6466168249931905,2.990695826364717
010,Eastern Europe,100,target_only,PLSR,26,0.8652493297844283,13.916119414672071,0.3538723633642448
010,Eastern Europe,100,target_only,Ridge,26,0.8605221333395227,3.594986276913149,1.3698327856643522
010,Eastern Europe,100,target_only,MLP,26,0.8539043172307954,2.1565055816899332,2.2835693577338096
010,Eastern Europe,100,target_only,PLSR,27,0.8540263910288552,2.180354691578293,2.2585912673521653
010,Eastern Europe,100,target_only,Ridge,27,0.8182468041292423,2.876202113871286,1.7121641217003278
010,Eastern Europe,100,target_only,MLP,27,0.8108582727375825,2.6108482521356535,1.8861801187031186
010,Eastern Europe,100,target_only,PLSR,28,0.8401804207891983,3.616946248355496,1.3615159662292673
010,Eastern Europe,100,target_only,Ridge,28,0.8056821650311639,2.6402655326864055,1.8651646984606385
010,Eastern Europe,100,target_only,MLP,28,0.8505135762675982,2.1275935509898405,2.314600955543398
010,Eastern Europe,100,target_only,PLSR,29,0.8615759079679802,3.579462045268768,1.3757737905443532
010,Eastern Europe,100,target_only,Ridge,29,0.8139237789417382,2.1672055971251334,2.272294826416839
010,Eastern Europe,100,target_only,MLP,29,0.7532174718271405,2.2836843225268155,2.156397019304419
012,Middle East,10,target_only,PLSR,0,-0.28986359213390345,4.76507741186783,0.19723546019908822
012,Middle East,10,target_only,Ridge,0,0.4167559028427875,1.427974783394809,0.6581644488004816
012,Middle East,10,target_only,MLP,0,-4.880206875618096,9.457981129827218,0.09937028032865204
012,Middle East,10,pooled,PLSR,0,0.4531348989306111,0.7299409399595422,1.2875592870104307
012,Middle East,10,pooled,Ridge,0,0.39608949268973304,0.7354232024365167,1.277961088391362
012,Middle East,10,pooled,MLP,0,0.3898699865100256,0.8058018769917057,1.1663440642788496
012,Middle East,10,target_only,PLSR,1,-0.3740245079425517,1.112826501921609,0.8445541462133844
012,Middle East,10,target_only,Ridge,1,0.2666108948097664,0.8034595134807921,1.1697443622795562
012,Middle East,10,target_only,MLP,1,-0.8593660000036094,4.539227223757172,0.20704895126094022
012,Middle East,10,pooled,PLSR,1,0.060839972652539154,1.9295414551177998,0.487080613749578
012,Middle East,10,pooled,Ridge,1,0.2908597916619291,0.7474947250933831,1.2573229009697948
012,Middle East,10,pooled,MLP,1,0.3924636022591771,0.8952172137339265,1.0498482622937684
012,Middle East,10,target_only,PLSR,2,-0.5802960039422265,1.1070107318130014,0.8489910794946042
012,Middle East,10,target_only,Ridge,2,-0.6349856885072718,1.1485718799852644,0.8182702820707133
012,Middle East,10,target_only,MLP,2,-3.8996360350745443,4.5449703045623675,0.20678732164005384
012,Middle East,10,pooled,PLSR,2,0.07110242608829553,1.804500599246216,0.5208323214781013
012,Middle East,10,pooled,Ridge,2,0.2971596661812681,0.7476634536670284,1.2570391552568652
012,Middle East,10,pooled,MLP,2,0.48052761931838495,0.8810021005026462,1.0667877360085918
012,Middle East,10,target_only,PLSR,3,-0.6565801790618693,48.53606543004272,0.019363791190875782
012,Middle East,10,target_only,Ridge,3,-0.07091757801745646,3.7390630031978924,0.25135768918849904
012,Middle East,10,target_only,MLP,3,-0.6540481352662328,2.642387980160632,0.3556791217907744
012,Middle East,10,pooled,PLSR,3,0.07210872415483738,1.8875647325599525,0.4979125854610555
012,Middle East,10,pooled,Ridge,3,0.31827625360794143,0.7442660713972148,1.2627772141348064
012,Middle East,10,pooled,MLP,3,0.5380545334069142,0.7734770108163423,1.215087485563539
012,Middle East,10,target_only,PLSR,4,-2.4081645959801463,1.5194578633131421,0.6185378738734668
012,Middle East,10,target_only,Ridge,4,-0.2708692121594083,0.881667235779194,1.0659829446689422
012,Middle East,10,target_only,MLP,4,-4.4040164427383965,1.3569471226410064,0.6926152246705314
012,Middle East,10,pooled,PLSR,4,0.054050847599112384,1.9981464738310148,0.4703570276367613
012,Middle East,10,pooled,Ridge,4,0.30363810907796585,0.7481274350942484,1.2562595516840407
012,Middle East,10,pooled,MLP,4,0.4351526422402856,0.8064923624822149,1.1653454886062329
012,Middle East,10,target_only,PLSR,5,0.31757422126126644,1.1954367540987614,0.7861915178629236
012,Middle East,10,target_only,Ridge,5,0.3956934248675835,1.1354543313434315,0.8277235026282755
012,Middle East,10,target_only,MLP,5,-1.6762065024904067,24.59687136595793,0.03820982848716172
012,Middle East,10,pooled,PLSR,5,0.07642166574204134,1.8385296953559815,0.5111923068678293
012,Middle East,10,pooled,Ridge,5,0.30775516931037983,0.7460275303006862,1.259795648339182
012,Middle East,10,pooled,MLP,5,0.5805689282547072,0.6956540819496786,1.3510195089777637
012,Middle East,10,target_only,PLSR,6,-1.8804855203383104,114.83079725531907,0.008184583392940759
012,Middle East,10,target_only,Ridge,6,-0.6642464526814267,6.4896130918803845,0.1448225376317018
012,Middle East,10,target_only,MLP,6,-1.0832850023423704,13.279978964979682,0.07077136482613922
012,Middle East,10,pooled,PLSR,6,0.07668020464592362,1.7965953128022845,0.5231240611154047
012,Middle East,10,pooled,Ridge,6,0.3289072092734614,0.7474593319891714,1.2573824367312167
012,Middle East,10,pooled,MLP,6,0.4722985479404018,0.7637875698992695,1.230502136003576
012,Middle East,10,target_only,PLSR,7,-1.0129340358905745,7.600920368152706,0.12364847817007808
012,Middle East,10,target_only,Ridge,7,-0.21739702140395445,2.895211004623342,0.32461959930146866
012,Middle East,10,target_only,MLP,7,-0.6802208963648937,0.8608173251923583,1.0918021846319306
012,Middle East,10,pooled,PLSR,7,0.07671096518364917,1.846292764033931,0.5090429072367634
012,Middle East,10,pooled,Ridge,7,0.3332257648068738,0.7466782729517061,1.2586977152806738
012,Middle East,10,pooled,MLP,7,0.42983367415665663,0.929286881402773,1.0113585535559537
012,Middle East,10,target_only,PLSR,8,-0.013069051175818025,2.2661097730154927,0.41473817703164123
012,Middle East,10,target_only,Ridge,8,0.3295490647013377,1.203214513724137,0.7811094576187193
012,Middle East,10,target_only,MLP,8,-1.9358892022313858,32.498645597713875,0.0289194278385603
012,Middle East,10,pooled,PLSR,8,0.5038870471936517,0.728872261175843,1.2894471175207634
012,Middle East,10,pooled,Ridge,8,0.43556332599383196,0.736170254493252,1.2766642369447252
012,Middle East,10,pooled,MLP,8,0.420764638828902,0.9529175643736649,0.9862786366329312
012,Middle East,10,target_only,PLSR,9,-0.5608687356078974,12.83214593257918,0.07324123659066971
012,Middle East,10,target_only,Ridge,9,0.03573592777336487,4.6185933565913295,0.20349101201402706
012,Middle East,10,target_only,MLP,9,-3.637724768124162,9.994784207170449,0.09403326942664465
012,Middle East,10,pooled,PLSR,9,0.08972387244023139,1.7404437222077311,0.5400015089381078
012,Middle East,10,pooled,Ridge,9,0.3389066593979637,0.7449057937064512,1.2616927457868587
012,Middle East,10,pooled,MLP,9,0.5664383818658248,0.8518630754489286,1.1032785236274485
012,Middle East,10,target_only,PLSR,10,0.27122319426062014,1.1479607227609951,0.818705917005234
012,Middle East,10,target_only,Ridge,10,0.2912315080577439,0.7735235377793355,1.21501439880184
012,Middle East,10,target_only,MLP,10,-1.1636890475403985,1.3179243342746745,0.7131230615991911
012,Middle East,10,target_only,PLSR,11,-1.4622139362197024,55.70233800708054,0.016872581472155885
012,Middle East,10,target_only,Ridge,11,0.3167850821629895,0.8850796906749253,1.0618730111153571
012,Middle East,10,target_only,MLP,11,-0.7048189112811194,10.704803844001052,0.0877963062107595
012,Middle East,10,target_only,PLSR,12,-0.36060155324124143,2.155941043915211,0.4359313251475878
012,Middle East,10,target_only,Ridge,12,0.2974419987289916,0.9480262520037304,0.9913673110081065
012,Middle East,10,target_only,MLP,12,-3.244885695488544,52.327534025921096,0.017960759162632605
012,Middle East,10,target_only,PLSR,13,0.5672071200351512,0.6359110158069731,1.4779461478920428
012,Middle East,10,target_only,Ridge,13,0.5203586119781815,0.6397506329333074,1.4690758990026795
012,Middle East,10,target_only,MLP,13,-0.2160204103094332,1.0326584103101344,0.9101191902671596
012,Middle East,10,target_only,PLSR,14,0.15512741006644937,1.134477539294943,0.8284361775889599
012,Middle East,10,target_only,Ridge,14,0.14848324038572525,0.8191645378977035,1.1473180206580162
012,Middle East,10,target_only,MLP,14,-2.3538163918692354,1.0024669999590468,0.9375293513426642
012,Middle East,10,target_only,PLSR,15,0.26031876867395587,3.5311750830699773,0.2661556603975977
012,Middle East,10,target_only,Ridge,15,0.6029937861198826,0.8916925792318245,1.053998046079611
012,Middle East,10,target_only,MLP,15,-1.0109195647959792,6.81650342456216,0.1378774685020275
012,Middle East,10,target_only,PLSR,16,-1.0173191671826212,4.36552189341319,0.21528748661920344
012,Middle East,10,target_only,Ridge,16,-0.36455065906706885,1.3452200956701814,0.6986531343376992
012,Middle East,10,target_only,MLP,16,-0.336592796828197,0.855685429592401,1.0983501690121311
012,Middle East,10,target_only,PLSR,17,-0.273280512110351,2.0126147369872784,0.4669757300996909
012,Middle East,10,target_only,Ridge,17,-0.024439218742784208,1.2221535861197252,0.7690050144990226
012,Middle East,10,target_only,MLP,17,-5.240971095127835,1.2726941292616687,0.7384667019398171
012,Middle East,10,target_only,PLSR,18,-0.624024961396549,4.4322279077264914,0.21204736213488698
012,Middle East,10,target_only,Ridge,18,-0.07387990796043953,2.0698621545633715,0.45406030258681035
012,Middle East,10,target_only,MLP,18,-1.835067626473648,1.4112861885698915,0.6659473066667
012,Middle East,10,target_only,PLSR,19,0.20570053343297845,0.8846812309840566,1.062351277836671
012,Middle East,10,target_only,Ridge,19,0.49408896853511697,0.7848136418122996,1.1975355500240012
012,Middle East,10,target_only,MLP,19,-0.8442459331719201,0.9742129904912422,0.9647194662638616
012,Middle East,10,target_only,PLSR,20,-0.3729144922684069,0.8834199700439772,1.0638679994603764
012,Middle East,10,target_only,Ridge,20,-0.11706579874528611,0.885689710123423,1.0611416452868832
012,Middle East,10,target_only,MLP,20,-2.0623876319279066,1.016895603408614,0.924226865632715
012,Middle East,10,target_only,PLSR,21,-0.1779835230680078,2.0136696766368933,0.4667310865919668
012,Middle East,10,target_only,Ridge,21,-0.06011585903609529,2.434811872511425,0.3860019933468686
012,Middle East,10,target_only,MLP,21,-3.0800967526817207,389.06274796602577,0.0024156572201461494
012,Middle East,10,target_only,PLSR,22,-0.37979156120772517,1.900503157491011,0.4945228491252728
012,Middle East,10,target_only,Ridge,22,0.4138159318369149,0.7977971032611265,1.1780466892801096
012,Middle East,10,target_only,MLP,22,-0.4154629205351519,0.9977528704914345,0.9419589399438366
012,Middle East,10,target_only,PLSR,23,-0.10508299268958843,7.045745996138327,0.13339144452967022
012,Middle East,10,target_only,Ridge,23,0.37020637590141214,0.824955619051452,1.1392639973707657
012,Middle East,10,target_only,MLP,23,-1.214458428324746,1.162811141772506,0.8082501125517284
012,Middle East,10,target_only,PLSR,24,0.1973185098445377,0.8409965865065379,1.1175339487620208
012,Middle East,10,target_only,Ridge,24,0.21402581880319405,0.8383622446670977,1.121045517248013
012,Middle East,10,target_only,MLP,24,-1.600663007831363,61.82057405287017,0.015202741977294812
012,Middle East,10,target_only,PLSR,25,0.33625415344159326,0.9254285852381211,1.0155751088801757
012,Middle East,10,target_only,Ridge,25,0.4620340220457745,0.7139168438390344,1.3164589746336568
012,Middle East,10,target_only,MLP,25,-1.760125286925002,2.3599861809444076,0.3982405675943112
012,Middle East,10,target_only,PLSR,26,-0.7424656020199751,24.782197937050586,0.03792408722589218
012,Middle East,10,target_only,Ridge,26,0.1813873946388801,1.1795829589402433,0.796758065289788
012,Middle East,10,target_only,MLP,26,-1.2023801806841807,17.96689431766136,0.05230966574396622
012,Middle East,10,target_only,PLSR,27,-0.7549948124430219,6.569734482570185,0.14305635010173964
012,Middle East,10,target_only,Ridge,27,-0.0907155418239669,2.7378668712142082,0.34327536013364446
012,Middle East,10,target_only,MLP,27,-0.05030617608636678,2.190805530571742,0.42899391255816205
012,Middle East,10,target_only,PLSR,28,-2.9165947358562496,198.03685804672895,0.004745794522715896
012,Middle East,10,target_only,Ridge,28,-0.6420563472628829,1.63631393918483,0.5743654770075706
012,Middle East,10,target_only,MLP,28,-2.620005058865398,1.2013978076403826,0.7822906203399341
012,Middle East,10,target_only,PLSR,29,-0.6694245271207231,2.020990233700682,0.4650404640961895
012,Middle East,10,target_only,Ridge,29,-0.17947262601995928,1.2132488609508607,0.7746491807768509
012,Middle East,10,target_only,MLP,29,-5.209015979914291,7994.856737199731,0.00011755585711010749
012,Middle East,25,target_only,PLSR,0,-0.059530583806807424,4.096620167056658,0.22941893509480282
012,Middle East,25,target_only,Ridge,0,0.6482922018014879,0.6762157024991842,1.3898556817603118
012,Middle East,25,target_only,MLP,0,0.22869148112631832,1.111308759521435,0.845707575110591
012,Middle East,25,pooled,PLSR,0,0.47708013908127,0.7275716772051297,1.2917520921434316
012,Middle East,25,pooled,Ridge,0,0.4199835534498477,0.7341757012320843,1.2801325822099539
012,Middle East,25,pooled,MLP,0,0.5131473753326647,0.6556620526461067,1.4334247840347583
012,Middle East,25,target_only,PLSR,1,-1.2923311353467763,500.4725590471314,0.0018779096260610828
012,Middle East,25,target_only,Ridge,1,0.20692724470446366,2.2693806799912406,0.41414040601493946
012,Middle East,25,target_only,MLP,1,-0.44372628392307667,0.860527223038523,1.0921702545277385
012,Middle East,25,pooled,PLSR,1,0.06559329274255066,1.9550548825341059,0.48072422140693344
012,Middle East,25,pooled,Ridge,1,0.3457939106118547,0.74426225739991,1.2627836852796794
012,Middle East,25,pooled,MLP,1,0.5955660800504974,0.7238304106465672,1.298428778882764
012,Middle East,25,target_only,PLSR,2,0.3079233241627827,1.8796965170371345,0.49999679612933207
012,Middle East,25,target_only,Ridge,2,0.5969901237104229,0.8071028662792311,1.1644640051233286
012,Middle East,25,target_only,MLP,2,0.2783921848374966,0.9663526034634478,0.972566569227007
012,Middle East,25,pooled,PLSR,2,0.4672851432680539,0.7312939228043415,1.2851771454765495
012,Middle East,25,pooled,Ridge,2,0.45140262957180766,0.7314530131577911,1.2848976206367562
012,Middle East,25,pooled,MLP,2,0.43920268119909034,0.673839415659601,1.3947569916106028
012,Middle East,25,target_only,PLSR,3,0.296356420517106,1.1548789987683543,0.8138014780910786
012,Middle East,25,target_only,Ridge,3,0.6761544375198699,0.6936759574163748,1.3548721505564552
012,Middle East,25,target_only,MLP,3,-0.903706080789332,50.56935742879989,0.01858521215218724
012,Middle East,25,pooled,PLSR,3,0.06254042522060765,1.9286325218476605,0.4873101669537585
012,Middle East,25,pooled,Ridge,3,0.36659937964728295,0.7425585596643987,1.2656809674900198
012,Middle East,25,pooled,MLP,3,0.53968996261167,0.640983022473857,1.4662513721295387
012,Middle East,25,target_only,PLSR,4,0.5674689246812712,0.7353314977026385,1.2781204655999865
012,Middle East,25,target_only,Ridge,4,0.6748140477905182,0.6564177443107458,1.4317745739809156
012,Middle East,25,target_only,MLP,4,0.24013728971089798,1.4411402009821837,0.6521518416969416
012,Middle East,25,pooled,PLSR,4,0.4769178852858873,0.7292788412143852,1.2887282382264365
012,Middle East,25,pooled,Ridge,4,0.44421159276606914,0.7320140047793421,1.2839129170723138
012,Middle East,25,pooled,MLP,4,0.38120664568477347,0.7136500321609964,1.3169511579339597
012,Middle East,25,target_only,PLSR,5,-0.6096749238452703,1.1367761441941793,0.8267610479108469
012,Middle East,25,target_only,Ridge,5,0.5586860007939233,0.7234577848556376,1.2990975505247657
012,Middle East,25,target_only,MLP,5,0.00122592557958201,1.0422062496077467,0.9017814243272466
012,Middle East,25,pooled,PLSR,5,0.11045631897597685,1.6319153030206122,0.5759136117385627
012,Middle East,25,pooled,Ridge,5,0.35853384852711656,0.7406588180844048,1.2689273566536112
012,Middle East,25,pooled,MLP,5,0.599362256685749,0.6722530363181686,1.3980483321598813
012,Middle East,25,target_only,PLSR,6,-5.659697950003012,3350979.7094437466,2.8046789825834036e-07
012,Middle East,25,target_only,Ridge,6,0.3012929013621356,2.4051227746218613,0.3907668440592584
012,Middle East,25,target_only,MLP,6,-0.08756258772099246,1.7048932832459898,0.5512616217389525
012,Middle East,25,pooled,PLSR,6,0.07542852367105246,1.8577670468823486,0.5058988627186859
012,Middle East,25,pooled,Ridge,6,0.34787521354799456,0.7440934214124407,1.2630702129176468
012,Middle East,25,pooled,MLP,6,0.6351352401281829,0.6482414956214197,1.44983349964827
012,Middle East,25,target_only,PLSR,7,-5.457751253012243,538573.7990623271,1.7450574793098453e-06
012,Middle East,25,target_only,Ridge,7,0.38945841959449834,1.7556055213876987,0.5353379359795725
012,Middle East,25,target_only,MLP,7,0.33858912856321444,0.9589427940506788,0.9800816503808697
012,Middle East,25,pooled,PLSR,7,0.07832406477844067,1.8672703898858292,0.5033241255817786
012,Middle East,25,pooled,Ridge,7,0.37208112123117065,0.7398346824691456,1.270340872743861
012,Middle East,25,pooled,MLP,7,0.551246222843865,0.6287255253837466,1.4948370922914145
012,Middle East,25,target_only,PLSR,8,0.5311061154798611,0.6428222712590324,1.4620561206960918
012,Middle East,25,target_only,Ridge,8,0.6503256214027986,0.6699593029909702,1.402834817007831
012,Middle East,25,target_only,MLP,8,0.15312552874029617,0.7279751318033182,1.2910361840051907
012,Middle East,25,pooled,PLSR,8,0.48136050913530803,0.7266619081039478,1.2933693451282282
012,Middle East,25,pooled,Ridge,8,0.4055397821386537,0.7347651329048366,1.2791056544809616
012,Middle East,25,pooled,MLP,8,0.6163556188538202,0.5996764112913838,1.5672489671389804
012,Middle East,25,target_only,PLSR,9,0.5248406079950028,1.3899499067333163,0.6761698617059264
012,Middle East,25,target_only,Ridge,9,0.6941704747689503,0.586881282728432,1.601417976468208
012,Middle East,25,target_only,MLP,9,0.08174675529140962,0.8624768071243721,1.089701460318229
012,Middle East,25,pooled,PLSR,9,0.46941326498710545,0.7281438419147878,1.2907370523694113
012,Middle East,25,pooled,Ridge,9,0.4360357074071105,0.7313442705781181,1.285088670307212
012,Middle East,25,pooled,MLP,9,0.6266538729153945,0.6529419938202815,1.4393962175952768
012,Middle East,25,target_only,PLSR,10,-1.296165236960476,0.8572962374309998,1.0962864353987973
012,Middle East,25,target_only,Ridge,10,0.5196292579444317,0.7972708999102015,1.1788242068284298
012,Middle East,25,target_only,MLP,10,0.06457617261073756,4.021940129265635,0.23367882315683233
012,Middle East,25,target_only,PLSR,11,0.5036762015007752,0.7741671291269734,1.2140043161918923
012,Middle East,25,target_only,Ridge,11,0.6739536523984446,0.7114039531434446,1.321109099916016
012,Middle East,25,target_only,MLP,11,0.3439492155844005,0.8674334268666255,1.0834747740918447
012,Middle East,25,target_only,PLSR,12,-0.046318510020091797,5.209574481119445,0.18040671836446734
012,Middle East,25,target_only,Ridge,12,0.3223205959598465,2.800122158801759,0.3356432980110458
012,Middle East,25,target_only,MLP,12,-0.21726299244772185,4.8627153332307005,0.19327519128898246
012,Middle East,25,target_only,PLSR,13,0.14874440944749612,2.4133992540758045,0.38942675341711674
012,Middle East,25,target_only,Ridge,13,0.6310363589675339,0.7684679823020047,1.2230076696216572
012,Middle East,25,target_only,MLP,13,0.4096513764694799,0.5282815266966469,1.7790556525625283
012,Middle East,25,target_only,PLSR,14,-0.40173136430293765,0.6505874828718983,1.4446054696061348
012,Middle East,25,target_only,Ridge,14,0.5217206982327078,0.7749570994350319,1.2127667930253252
012,Middle East,25,target_only,MLP,14,-1.4846790141755277,45.95489979326241,0.02045140432123899
012,Middle East,25,target_only,PLSR,15,0.7187957840380604,0.5274337658334696,1.7819151846087435
012,Middle East,25,target_only,Ridge,15,0.7066988953527337,0.586298386508614,1.6030101017517016
012,Middle East,25,target_only,MLP,15,0.480823396449768,0.8347000159090601,1.1259640808685774
012,Middle East,25,target_only,PLSR,16,-1.4290515845123184,2.6235325170776136,0.3582354059254939
012,Middle East,25,target_only,Ridge,16,0.30985160323157934,0.7910952100793731,1.1880267055589104
012,Middle East,25,target_only,MLP,16,-0.6216110640212422,0.9756088774227729,0.9633391597427603
012,Middle East,25,target_only,PLSR,17,-0.25737327596801385,7.771877102321201,0.12092860242647585
012,Middle East,25,target_only,Ridge,17,0.3003610076006482,2.4770888615701367,0.3794140173147845
012,Middle East,25,target_only,MLP,17,-0.6465760266391472,9.371580330581114,0.10028641947902439
012,Middle East,25,target_only,PLSR,18,0.514381849640265,1.0818385261496488,0.8687453936023212
012,Middle East,25,target_only,Ridge,18,0.6623791738019225,0.749076079048966,1.254668601094917
012,Middle East,25,target_only,MLP,18,0.01065767261375794,0.984203758595221,0.954926485502852
012,Middle East,25,target_only,PLSR,19,-0.10953128514808741,0.8707052836029988,1.0794033916102388
012,Middle East,25,target_only,Ridge,19,0.6623625741105924,0.6949337272291969,1.3524199493976514
012,Middle East,25,target_only,MLP,19,0.1600685901055171,1.348440068903662,0.6969848033203009
012,Middle East,25,target_only,PLSR,20,-0.3918157184320028,0.9735133366137805,0.9654128000784575
012,Middle East,25,target_only,Ridge,20,0.39399551478196215,0.7174168429699245,1.3100364807763953
012,Middle East,25,target_only,MLP,20,-0.8952135385515634,4.218645002605265,0.2227829636372871
012,Middle East,25,target_only,PLSR,21,0.5612755604944044,0.7960334780636239,1.1806566709985955
012,Middle East,25,target_only,Ridge,21,0.5490739471135637,0.8340247824158556,1.1268756708783434
012,Middle East,25,target_only,MLP,21,-0.5729428985528535,38.70681502121649,0.024281053238270133
012,Middle East,25,target_only,PLSR,22,-1.2989433598250093,184.67239480373306,0.005089240528953347
012,Middle East,25,target_only,Ridge,22,0.6377429780116703,0.7321741641808309,1.2836320676044932
012,Middle East,25,target_only,MLP,22,-1.0073703232425997,16.179629595060938,0.05808799457936491
012,Middle East,25,target_only,PLSR,23,-0.20540824394246204,1.4787858549641164,0.6355499229716649
012,Middle East,25,target_only,Ridge,23,0.580265635971488,0.8925030426412167,1.0530409324238519
012,Middle East,25,target_only,MLP,23,0.18216928828085077,10.892027423164299,0.08628717131351046
012,Middle East,25,target_only,PLSR,24,0.47108224142464084,0.7724096495756926,1.216766565164372
012,Middle East,25,target_only,Ridge,24,0.5643142638755603,0.7224788896973162,1.3008577130991057
012,Middle East,25,target_only,MLP,24,0.4181133817823043,0.8415064631973435,1.1168568244182664
012,Middle East,25,target_only,PLSR,25,0.10074124952315977,5.147127297488964,0.18259549101739442
012,Middle East,25,target_only,Ridge,25,0.0866905049007799,6.868281648850048,0.1368380454187386
012,Middle East,25,target_only,MLP,25,-0.5927656903074803,68.79167123230384,0.013662151527621149
012,Middle East,25,target_only,PLSR,26,0.5038010075714416,1.1805368453355827,0.7961142762527412
012,Middle East,25,target_only,Ridge,26,0.6652455890077551,0.7301186396662913,1.2872459147784487
012,Middle East,25,target_only,MLP,26,-0.028424556315820748,1.0480102465994194,0.896787258773117
012,Middle East,25,target_only,PLSR,27,-0.4652842886745039,1.8626579708753934,0.50457048524713
012,Middle East,25,target_only,Ridge,27,0.3354903646190037,0.7517317625086418,1.2502361654609844
012,Middle East,25,target_only,MLP,27,0.07683273567395388,1.3848574506060067,0.6786563019917764
012,Middle East,25,target_only,PLSR,28,0.5263652662649438,1.0430298038583923,0.9010693968066421
012,Middle East,25,target_only,Ridge,28,0.662800701458454,0.8046586253613515,1.1680011952795173
012,Middle East,25,target_only,MLP,28,0.338843328482072,2.490795057040458,0.37732620094836083
012,Middle East,25,target_only,PLSR,29,0.26818557539503596,2.1893365099544546,0.42928176273531543
012,Middle East,25,target_only,Ridge,29,0.6411084433001881,0.681347038630327,1.3793884510063226
012,Middle East,25,target_only,MLP,29,0.3172727840012233,0.7760798634731347,1.2110122687735034
012,Middle East,50,target_only,PLSR,0,0.7832009900308297,0.34395741258011037,2.732437801424428
012,Middle East,50,target_only,Ridge,0,0.7713892416215904,0.5257449590768142,1.7876390823876938
012,Middle East,50,target_only,MLP,0,0.6057494127605991,0.903645943304968,1.0400558351168827
012,Middle East,50,pooled,PLSR,0,0.5129251595102506,0.7328609904828081,1.2824290669296843
012,Middle East,50,pooled,Ridge,0,0.4975925993654676,0.728695118678674,1.2897605763000388
012,Middle East,50,pooled,MLP,0,0.5716797866015759,0.6506020130902481,1.4445732065136752
012,Middle East,50,target_only,PLSR,1,0.8245707541165164,0.6216593958498475,1.5118282495018165
012,Middle East,50,target_only,Ridge,1,0.814270770697166,0.6108228736063416,1.5386493807364097
012,Middle East,50,target_only,MLP,1,0.7269616646010955,0.6558574597006471,1.4329977075247473
012,Middle East,50,pooled,PLSR,1,0.46889580632236305,0.7285674430612297,1.2899865965257609
012,Middle East,50,pooled,Ridge,1,0.48579817098688105,0.7283776616885754,1.290322707090199
012,Middle East,50,pooled,MLP,1,0.6431930625365749,0.6612070751448327,1.4214037803636115
012,Middle East,50,target_only,PLSR,2,0.8557933864648732,0.5791144164581953,1.6228955962830471
012,Middle East,50,target_only,Ridge,2,0.8171732600707262,0.6175828240881859,1.5218076014365156
012,Middle East,50,target_only,MLP,2,0.5050138130963493,0.7311529931349586,1.285424863248221
012,Middle East,50,pooled,PLSR,2,0.479305301397319,0.7278249433552259,1.2913025924632644
012,Middle East,50,pooled,Ridge,2,0.48505520379393263,0.7288315044144715,1.289519224294622
012,Middle East,50,pooled,MLP,2,0.7668835295315901,0.7403643645911443,1.269432027206018
012,Middle East,50,target_only,PLSR,3,-2.1354941315983917,7340.133703042405,0.00012804156902816054
012,Middle East,50,target_only,Ridge,3,0.04545059286335118,12.317779203324209,0.07629964953101252
012,Middle East,50,target_only,MLP,3,0.38812606775019143,1.4102151276694992,0.6664530948318511
012,Middle East,50,pooled,PLSR,3,0.046735032993606596,2.0334514778471164,0.46219063816023503
012,Middle East,50,pooled,Ridge,3,0.3557829139814591,0.7452098735690335,1.2611779171857258
012,Middle East,50,pooled,MLP,3,0.6292449272206175,0.7207500953741186,1.3039779560850273
012,Middle East,50,target_only,PLSR,4,0.8585762486017204,0.4595794282125439,2.045005016585247
012,Middle East,50,target_only,Ridge,4,0.796325152944496,0.5904911261602368,1.5916280441426893
012,Middle East,50,target_only,MLP,4,0.7568358307614936,0.45792142699129595,2.0524093890716673
012,Middle East,50,pooled,PLSR,4,0.5047342573036155,0.7324396022583594,1.2831668758982717
012,Middle East,50,pooled,Ridge,4,0.488129749517913,0.7295665270228131,1.2882200613689112
012,Middle East,50,pooled,MLP,4,0.7319181057072571,0.6091607276261879,1.5428477142255417
012,Middle East,50,target_only,PLSR,5,0.7851701872088235,0.3924171076839362,2.39500831592441
012,Middle East,50,target_only,Ridge,5,0.7979482449781466,0.5771949603566173,1.6282925194519273
012,Middle East,50,target_only,MLP,5,0.8241532707257052,0.46692113874579005,2.0128500473089916
012,Middle East,50,pooled,PLSR,5,0.4677142421443956,0.7308519110017054,1.2859544075432248
012,Middle East,50,pooled,Ridge,5,0.4591313588708946,0.7282105968896084,1.2906187306644004
012,Middle East,50,pooled,MLP,5,0.7199073186879714,0.6814148780720282,1.3792511235932932
012,Middle East,50,target_only,PLSR,6,0.8759157056216722,0.5608629907033649,1.675707350623007
012,Middle East,50,target_only,Ridge,6,0.7925353324939635,0.6220044858308288,1.5109894825897567
012,Middle East,50,target_only,MLP,6,0.6721679538271088,0.6511690419550056,1.4433152924351906
012,Middle East,50,pooled,PLSR,6,0.4655898763522791,0.7286467731521885,1.2898461515834256
012,Middle East,50,pooled,Ridge,6,0.4531040799724918,0.7257608943974677,1.2949750303015375
012,Middle East,50,pooled,MLP,6,0.7391954208964442,0.6519332085554694,1.441623503574087
012,Middle East,50,target_only,PLSR,7,0.884559496664461,0.3777716293546565,2.4878581745790567
012,Middle East,50,target_only,Ridge,7,0.8158111303066552,0.5514293792285775,1.7043746155288728
012,Middle East,50,target_only,MLP,7,0.7504094600347526,0.8126684359187271,1.1564891592615307
012,Middle East,50,pooled,PLSR,7,0.4896403935440484,0.7256864267528073,1.295107916541166
012,Middle East,50,pooled,Ridge,7,0.4691849090155489,0.729586459072271,1.2881848676428536
012,Middle East,50,pooled,MLP,7,0.7651519070438362,0.6953733155791539,1.3515650013565268
012,Middle East,50,target_only,PLSR,8,0.7394041035437451,0.8306026433595683,1.1315184748420954
012,Middle East,50,target_only,Ridge,8,0.7779931966283842,0.5998537104615952,1.5667857342931346
012,Middle East,50,target_only,MLP,8,0.750102409862395,0.5728271385387333,1.6407082922285143
012,Middle East,50,pooled,PLSR,8,0.47731466938323075,0.7287279528508922,1.289702463775719
012,Middle East,50,pooled,Ridge,8,0.49230941328013467,0.7279671498040925,1.291050339932177
012,Middle East,50,pooled,MLP,8,0.6956756978513408,0.6869461667597353,1.3681453972546131
012,Middle East,50,target_only,PLSR,9,0.7048392145118259,0.7201986639361315,1.3049763673226955
012,Middle East,50,target_only,Ridge,9,0.24585839634793816,5.4959671813016024,0.17100579483290332
012,Middle East,50,target_only,MLP,9,-0.2963578795000985,26.094118507409064,0.036017397404981374
012,Middle East,50,pooled,PLSR,9,0.0638158932164945,2.014222101856344,0.4666030798430103
012,Middle East,50,pooled,Ridge,9,0.3784190845679307,0.7401384672028658,1.2698194700863032
012,Middle East,50,pooled,MLP,9,0.71615818048146,0.7116083599913913,1.3207296162532458
012,Middle East,50,target_only,PLSR,10,0.8857827353524048,0.34240909032325023,2.744793472996808
012,Middle East,50,target_only,Ridge,10,0.811037481981083,0.5281364256987319,1.7795444329949546
012,Middle East,50,target_only,MLP,10,0.7228599944696037,0.4804189335726229,1.9562972450417793
012,Middle East,50,target_only,PLSR,11,0.8636622076294554,0.4551622576888608,2.0648509851985306
012,Middle East,50,target_only,Ridge,11,0.7294227527240067,0.5971428328854886,1.5738985456336558
012,Middle East,50,target_only,MLP,11,0.6158246774449809,0.7719726617009933,1.2174553359741371
012,Middle East,50,target_only,PLSR,12,0.6637875117290087,0.7638697935006427,1.2303696836956297
012,Middle East,50,target_only,Ridge,12,0.8045151817205585,0.6412202770121878,1.465708852179932
012,Middle East,50,target_only,MLP,12,0.7176455075385206,0.6550880745167327,1.4346807288582777
012,Middle East,50,target_only,PLSR,13,0.8544977630642188,0.41869469090361777,2.24469585268847
012,Middle East,50,target_only,Ridge,13,0.7956866212652483,0.5467335763476991,1.7190132029065877
012,Middle East,50,target_only,MLP,13,0.7274456541959733,0.8360529639565559,1.1241419823049261
012,Middle East,50,target_only,PLSR,14,0.7453048754043039,0.7779645906354128,1.2080784235261959
012,Middle East,50,target_only,Ridge,14,0.8169628404414553,0.5438284220876909,1.7281962435984721
012,Middle East,50,target_only,MLP,14,0.4486378211867409,0.5027601762549508,1.8693649191049602
012,Middle East,50,target_only,PLSR,15,0.75508265185323,0.4322603426683488,2.174250430683447
012,Middle East,50,target_only,Ridge,15,0.7439581310810894,0.6337595530881969,1.4829634230116906
012,Middle East,50,target_only,MLP,15,0.17993558739330762,0.7148424988401112,1.3147542818718816
012,Middle East,50,target_only,PLSR,16,0.8936922084232356,0.35709925788757924,2.631879555767404
012,Middle East,50,target_only,Ridge,16,0.8228069940641526,0.5519387261640527,1.7028017634237944
012,Middle East,50,target_only,MLP,16,0.7965050015231635,0.3025458856626236,3.1064452724439726
012,Middle East,50,target_only,PLSR,17,0.8531648164735569,0.5291672360778628,1.7760779053141178
012,Middle East,50,target_only,Ridge,17,0.7691220148697848,0.611669163766899,1.5365205439262528
012,Middle East,50,target_only,MLP,17,0.6181249935204349,0.8570155743834214,1.0966454569862396
012,Middle East,50,target_only,PLSR,18,0.8055240445657401,0.4939390106183845,1.902749562212956
012,Middle East,50,target_only,Ridge,18,0.7643107429077123,0.611669118931226,1.5365206565540288
012,Middle East,50,target_only,MLP,18,0.49788290212314446,0.8043880420840639,1.1683940922083125
012,Middle East,50,target_only,PLSR,19,0.8836093104650049,0.5421706251352586,1.733480555091976
012,Middle East,50,target_only,Ridge,19,0.8106152918607211,0.6283547922203819,1.495719055301487
012,Middle East,50,target_only,MLP,19,0.8150133824952877,0.6599314910168345,1.4241512172209052
012,Middle East,50,target_only,PLSR,20,0.7684270923393726,0.7633997489433961,1.231127253466936
012,Middle East,50,target_only,Ridge,20,0.7741187570417642,0.6590676842761426,1.4260177803229197
012,Middle East,50,target_only,MLP,20,0.6957223239396149,0.7036247497469093,1.3357151472458706
012,Middle East,50,target_only,PLSR,21,0.8120210688818352,0.661799159335904,1.4201321095015227
012,Middle East,50,target_only,Ridge,21,0.7960232422590553,0.7108004141977328,1.3222308505191491
012,Middle East,50,target_only,MLP,21,0.44453603831284383,0.8386345407549702,1.1206815251944555
012,Middle East,50,target_only,PLSR,22,0.8702949551449691,0.4871360243668617,1.9293219741561083
012,Middle East,50,target_only,Ridge,22,0.8144817302455699,0.5632497684322296,1.668606520389744
012,Middle East,50,target_only,MLP,22,0.7639330220424357,0.546145119814397,1.7208653929443325
012,Middle East,50,target_only,PLSR,23,0.7602502050433605,0.44773369097428284,2.0991099288706754
012,Middle East,50,target_only,Ridge,23,0.8082762448896016,0.61672960820386,1.5239129493899162
012,Middle East,50,target_only,MLP,23,0.7957731274514701,0.5084586321837834,1.8484143580717574
012,Middle East,50,target_only,PLSR,24,0.8316662753488046,0.6435882028696719,1.4603161338623107
012,Middle East,50,target_only,Ridge,24,0.8172334720851558,0.6217415790422836,1.51162841266261
012,Middle East,50,target_only,MLP,24,0.7458128541323674,0.840723054728629,1.1178975417979904
012,Middle East,50,target_only,PLSR,25,0.8271034407269783,0.25764269048818333,3.647851349608295
012,Middle East,50,target_only,Ridge,25,0.8153665105369033,0.5304047673450238,1.7719339909376648
012,Middle East,50,target_only,MLP,25,0.7715689625005684,0.5628616514449292,1.6697570953738827
012,Middle East,50,target_only,PLSR,26,0.8479460363297164,0.5703419131548936,1.6478575649739935
012,Middle East,50,target_only,Ridge,26,0.8127371592680508,0.6100565312999535,1.5405822050808087
012,Middle East,50,target_only,MLP,26,0.2002061526362755,0.6102113337563531,1.5401913799740972
012,Middle East,50,target_only,PLSR,27,0.7187632450801339,0.43710774512016115,2.1501386024529685
012,Middle East,50,target_only,Ridge,27,0.821058072668436,0.5142795039806503,1.827493082923626
012,Middle East,50,target_only,MLP,27,0.8051817208976733,0.289514298243578,3.2462722632901233
012,Middle East,50,target_only,PLSR,28,0.8397607545068957,0.3473306709879902,2.7059004997762752
012,Middle East,50,target_only,Ridge,28,0.7730912660668543,0.6266680240915641,1.4997450006747257
012,Middle East,50,target_only,MLP,28,0.6909178257302507,0.6674612022514818,1.40808519363186
012,Middle East,50,target_only,PLSR,29,0.8100798773564675,0.6235080228543661,1.507345858857621
012,Middle East,50,target_only,Ridge,29,0.8014218871788238,0.6117152534521972,1.5364047747870588
012,Middle East,50,target_only,MLP,29,0.662741767904061,0.7474982208648587,1.2573170209376956
013,South Asia,10,target_only,PLSR,0,-0.6998781212918896,1.6260415479773378,0.6931363190564352
013,South Asia,10,target_only,Ridge,0,-0.2921324572930635,1.2323644856541207,0.9145577191796539
013,South Asia,10,target_only,MLP,0,-2.230116887732249,6.831138509189114,0.16498984051951654
013,South Asia,10,pooled,PLSR,0,0.3614718651991802,0.3400855390606157,3.3140734425551535
013,South Asia,10,pooled,Ridge,0,0.43090271490295506,0.3141644521603603,3.5875110804151245
013,South Asia,10,pooled,MLP,0,0.3167231963574777,0.6984305064643651,1.6137159570869124
013,South Asia,10,target_only,PLSR,1,-3.8632586448759367,1.2400472260520938,0.9088915563208495
013,South Asia,10,target_only,Ridge,1,-1.5028764299533952,1.052492293024679,1.0708567280420098
013,South Asia,10,target_only,MLP,1,-2.075768848234931,1.0939685200596918,1.0302567510227278
013,South Asia,10,pooled,PLSR,1,0.367033827441258,0.3463271458778182,3.2543462636782787
013,South Asia,10,pooled,Ridge,1,0.4337112212668751,0.31301726295887333,3.6006590899937776
013,South Asia,10,pooled,MLP,1,0.4714656620583273,0.6797463541648476,1.6580720827588442
013,South Asia,10,target_only,PLSR,2,-0.3550493575200533,0.923636528277796,1.2202510605544814
013,South Asia,10,target_only,Ridge,2,0.266132553569581,0.9577046554341219,1.1768434525223712
013,South Asia,10,target_only,MLP,2,-0.476508710576115,1.175894881685601,0.958477216587787
013,South Asia,10,pooled,PLSR,2,0.36371522208437357,0.34357653169316754,3.280399996017112
013,South Asia,10,pooled,Ridge,2,0.4312721636931788,0.3133669594577406,3.596640996064653
013,South Asia,10,pooled,MLP,2,0.24621361854266233,0.7600997994806176,1.4827900941007681
013,South Asia,10,target_only,PLSR,3,-0.6566995287107791,0.8969966196778496,1.2564913049534334
013,South Asia,10,target_only,Ridge,3,-0.4648819700096287,1.075300702835676,1.0481425802342053
013,South Asia,10,target_only,MLP,3,-1.757533659250654,1.6459049333734845,0.684771295318846
013,South Asia,10,pooled,PLSR,3,0.3644533710665504,0.34661551719894473,3.2516387676635476
013,South Asia,10,pooled,Ridge,3,0.4323291436300679,0.31276709906519584,3.603539044120827
013,South Asia,10,pooled,MLP,3,0.2540641482026669,0.7818273436057201,1.4415822910463807
013,South Asia,10,target_only,PLSR,4,-0.827279394784028,0.4697226243814883,2.3994340376555585
013,South Asia,10,target_only,Ridge,4,0.1839079168647283,0.8184389008860442,1.3770954092940506
013,South Asia,10,target_only,MLP,4,-1.0739542017951003,1.7992088773007753,0.6264244621162054
013,South Asia,10,pooled,PLSR,4,0.3604254507773218,0.34370832183484185,3.2791421725873047
013,South Asia,10,pooled,Ridge,4,0.42779841680080444,0.3140220489766192,3.5891379502518848
013,South Asia,10,pooled,MLP,4,0.26847805137434966,0.7797231924535278,1.4454725267967634
013,South Asia,10,target_only,PLSR,5,-0.6551918954386005,11.253616884380175,0.10015166366310117
013,South Asia,10,target_only,Ridge,5,-0.01208971724915675,2.3196585863183596,0.4858768699175958
013,South Asia,10,target_only,MLP,5,-4.151343842026592,1.2075325869217854,0.9333648345432541
013,South Asia,10,pooled,PLSR,5,0.3595213343561181,0.34373787887964813,3.278860208456854
013,South Asia,10,pooled,Ridge,5,0.42907782267786565,0.31343233124104547,3.59589085380942
013,South Asia,10,pooled,MLP,5,0.25036845408551456,0.5506593941754212,2.0467615101446803
013,South Asia,10,target_only,PLSR,6,0.029082541990994915,0.5888409618028133,1.9140456019689476
013,South Asia,10,target_only,Ridge,6,0.2681205663180626,0.4553258396253592,2.4753008837038295
013,South Asia,10,target_only,MLP,6,0.14145336305699363,0.4503580749497905,2.502605184382437
013,South Asia,10,pooled,PLSR,6,0.3685508171224047,0.3456886850411738,3.2603567949110013
013,South Asia,10,pooled,Ridge,6,0.4327062734741496,0.31286567799098425,3.6024036271256263
013,South Asia,10,pooled,MLP,6,0.34224399521340054,0.40270961964099,2.79871251698086
013,South Asia,10,target_only,PLSR,7,-1.1063266414308046,1.5552194571443787,0.7247005868016275
013,South Asia,10,target_only,Ridge,7,-0.631146051082015,1.2117691264452044,0.9301016411469082
013,South Asia,10,target_only,MLP,7,-2.127450998254145,1.2641188442148885,0.8915842512401062
013,South Asia,10,pooled,PLSR,7,0.36172397193853867,0.34245755586705345,3.291118662411358
013,South Asia,10,pooled,Ridge,7,0.4294821349794443,0.31376331973543453,3.592097553494095
013,South Asia,10,pooled,MLP,7,0.3526768435153863,0.8126138965310958,1.3869667476880405
013,South Asia,10,target_only,PLSR,8,-0.5807088141429939,0.9508048094206155,1.1853836266190458
013,South Asia,10,target_only,Ridge,8,-0.5334408685136687,1.0720154506731197,1.0513546726310263
013,South Asia,10,target_only,MLP,8,-1.5985283691946788,1.0748949219539996,1.0485382619065653
013,South Asia,10,pooled,PLSR,8,0.359943487497414,0.3403656578990625,3.3113459805397847
013,South Asia,10,pooled,Ridge,8,0.4289444884253495,0.3139521477711407,3.589937069070253
013,South Asia,10,pooled,MLP,8,0.31548918839450935,0.6266750571274476,1.7984894091111507
013,South Asia,10,target_only,PLSR,9,-1.110458902241254,0.8441309107723196,1.3351820657374727
013,South Asia,10,target_only,Ridge,9,-0.01045785187390158,0.7023775805385967,1.604647534924993
013,South Asia,10,target_only,MLP,9,-2.0533461146620238,0.8852495137173798,1.273164724445883
013,South Asia,10,pooled,PLSR,9,0.3565845829478004,0.34536272859848166,3.26343394891395
013,South Asia,10,pooled,Ridge,9,0.42460868750665826,0.31429617335025267,3.5860075583606648
013,South Asia,10,pooled,MLP,9,0.2739343387224288,0.4891756393100256,2.304015904773083
013,South Asia,10,target_only,PLSR,10,-6.021840353733348,17.727267533957612,0.0635782390624429
013,South Asia,10,target_only,Ridge,10,-3.8569837551045945,3.7860261220450355,0.2976916737671767
013,South Asia,10,target_only,MLP,10,-3.4366115441147036,2.402328475041933,0.4691566806567394
013,South Asia,10,target_only,PLSR,11,-6.200495636554385,1.228730044144315,0.9172628752499724
013,South Asia,10,target_only,Ridge,11,-2.2840699264691975,1.1518486142983189,0.9784866163896246
013,South Asia,10,target_only,MLP,11,-3.9252455869432996,1.2966848965581983,0.8691922426099257
013,South Asia,10,target_only,PLSR,12,-2.4226818947838784,10.665954994577536,0.10566971769249262
013,South Asia,10,target_only,Ridge,12,-0.8674414650323332,1.487090604394552,0.7579016704612359
013,South Asia,10,target_only,MLP,12,-1.7798071732472285,1.7471971630562018,0.6450722774906347
013,South Asia,10,target_only,PLSR,13,-5.228153692998941,24.069699534415417,0.0468251982782889
013,South Asia,10,target_only,Ridge,13,-3.375687893835913,8.569755860478379,0.13151698502819717
013,South Asia,10,target_only,MLP,13,-3.3348629253645736,15.46016307404773,0.072901459564149
013,South Asia,10,target_only,PLSR,14,-0.048845167795708466,1.1338627264104657,0.9940078520491322
013,South Asia,10,target_only,Ridge,14,0.0009248589928720907,1.134233501129443,0.9936829163267806
013,South Asia,10,target_only,MLP,14,-0.7332696167622388,1.2232349879244433,0.9213834335381654
013,South Asia,10,target_only,PLSR,15,-2.0505948618846985,1.3572290332582657,0.8304187617414247
013,South Asia,10,target_only,Ridge,15,-0.5216787328148522,1.1789798816185975,0.9559691991100905
013,South Asia,10,target_only,MLP,15,-2.8908905872761896,1.9482787100625019,0.5784944666164744
013,South Asia,10,target_only,PLSR,16,-7.244592710996738,1.1146720257013432,1.0111211434490759
013,South Asia,10,target_only,Ridge,16,-1.5823114499865483,0.6957438347242063,1.6199474532815819
013,South Asia,10,target_only,MLP,16,-0.20927321964161272,1.147603988755942,0.9821057300607995
013,South Asia,10,target_only,PLSR,17,-4.520787245235921,1.2442533692225097,0.9058190888420944
013,South Asia,10,target_only,Ridge,17,-2.2385240361653858,1.2018241971163084,0.9377981038342883
013,South Asia,10,target_only,MLP,17,-2.22866580963103,1.2400164767637862,0.9089140945443566
013,South Asia,10,target_only,PLSR,18,-1.1000755907056599,1.2066984376153882,0.9340100376901882
013,South Asia,10,target_only,Ridge,18,-0.6720515053160421,1.1770155881119568,0.9575645935206034
013,South Asia,10,target_only,MLP,18,-1.1937188514751038,1.311661092642276,0.8592680376967015
013,South Asia,10,target_only,PLSR,19,-7.727227665776747,7.122936314149606,0.15823087607268582
013,South Asia,10,target_only,Ridge,19,-3.1056236924837712,1.5246001816644819,0.7392550956981805
013,South Asia,10,target_only,MLP,19,-3.355384224878799,4.314127750873103,0.261250597636971
013,South Asia,10,target_only,PLSR,20,-1.7731392762904217,2.981825756575396,0.37797931375181004
013,South Asia,10,target_only,Ridge,20,-0.786568365454712,1.3563486229719524,0.8309577892505785
013,South Asia,10,target_only,MLP,20,-2.0160287176542457,1.6930821552479312,0.6656903504087753
013,South Asia,10,target_only,PLSR,21,-0.8565829906194518,1.6301006537262164,0.6914103436628256
013,South Asia,10,target_only,Ridge,21,0.28149644036582944,0.5644009584818171,1.9969286661552503
013,South Asia,10,target_only,MLP,21,-1.4441359728892604,0.7448165277514913,1.5132162233299518
013,South Asia,10,target_only,PLSR,22,-1.1398753666858794,1.7705254313765317,0.6365728688356525
013,South Asia,10,target_only,Ridge,22,-0.8050049399798334,1.2278891020365386,0.9178910793560423
013,South Asia,10,target_only,MLP,22,-1.8930732676882402,2.5665229271448813,0.4391421721884413
013,South Asia,10,target_only,PLSR,23,0.27740997446710114,0.8582524727381837,1.3132131732775798
013,South Asia,10,target_only,Ridge,23,0.3141676585856995,1.0349270443118705,1.0890317915570897
013,South Asia,10,target_only,MLP,23,-1.2881713920882745,1.195607043056614,0.9426746519629454
013,South Asia,10,target_only,PLSR,24,-0.1793845372368259,23.220837878859328,0.04853694165032449
013,South Asia,10,target_only,Ridge,24,-0.19230190119940227,1.086814368439524,1.037038601924369
013,South Asia,10,target_only,MLP,24,-2.3876894334350287,4.618479566587551,0.24403452195645314
013,South Asia,10,target_only,PLSR,25,-0.8864388901337137,2.3812863898035848,0.47330235372940743
013,South Asia,10,target_only,Ridge,25,-0.2575675281169931,0.7811650159747481,1.4428045677282013
013,South Asia,10,target_only,MLP,25,-1.9177476235975615,8.257816163371347,0.13648505015128617
013,South Asia,10,target_only,PLSR,26,-1.573068559654733,1.263027851114031,0.8923543944052615
013,South Asia,10,target_only,Ridge,26,-0.44257374439858554,1.0694376072817497,1.0538889277164787
013,South Asia,10,target_only,MLP,26,-3.9760869278518065,31.545656662257247,0.03572816585385332
013,South Asia,10,target_only,PLSR,27,-15.797191256007306,239.95713955355586,0.00469695736203044
013,South Asia,10,target_only,Ridge,27,-7.711829113741043,11.267682486026358,0.10002664297610235
013,South Asia,10,target_only,MLP,27,-15.599523807686907,66.89668606258554,0.016847896652808857
013,South Asia,10,target_only,PLSR,28,-1.92906243423741,2.207860244408759,0.5104799799045507
013,South Asia,10,target_only,Ridge,28,-1.4523622460821697,1.9113098418017234,0.589683801416202
013,South Asia,10,target_only,MLP,28,-2.4755108972062776,7.926897727551172,0.14218279230228206
013,South Asia,10,target_only,PLSR,29,-2.54658163147975,1.3104608485682123,0.8600550366912953
013,South Asia,10,target_only,Ridge,29,-1.050159555506244,1.1507411543495534,0.9794283005676508
013,South Asia,10,target_only,MLP,29,-3.533569165536619,1.2441642310331456,0.905883986282044
013,South Asia,25,target_only,PLSR,0,0.37468504856345664,4.456304173719614,0.252915512330724
013,South Asia,25,target_only,Ridge,0,0.5945459007948042,0.38495486142460017,2.9277937912692007
013,South Asia,25,target_only,MLP,0,0.4789865956050815,0.8811710527023904,1.27905751073112
013,South Asia,25,pooled,PLSR,0,0.3705842081929508,0.341193120274181,3.3033152963111725
013,South Asia,25,pooled,Ridge,0,0.438146103264632,0.312176620254964,3.610355100511144
013,South Asia,25,pooled,MLP,0,0.5412975351961671,0.5350837515008023,2.1063402692319464
013,South Asia,25,target_only,PLSR,1,0.1415425559136715,1.0639760020103906,1.059298753983394
013,South Asia,25,target_only,Ridge,1,0.06363928956117715,0.9241944277879511,1.2195144434006873
013,South Asia,25,target_only,MLP,1,-1.2191854835478146,1.4288015876419948,0.7888208292502554
013,South Asia,25,pooled,PLSR,1,0.3682636157111432,0.3474686856340751,3.243654751624939
013,South Asia,25,pooled,Ridge,1,0.4380486414146533,0.3138156801743579,3.5914982086670553
013,South Asia,25,pooled,MLP,1,0.6071978908685927,0.4863309580563559,2.317492716692807
013,South Asia,25,target_only,PLSR,2,0.007368752341227136,1.701203693225571,0.6625123479839496
013,South Asia,25,target_only,Ridge,2,0.4332067827337779,1.0563918687743077,1.0669037565629274
013,South Asia,25,target_only,MLP,2,-1.0661849956750955,1.1462955711813483,0.9832267362215372
013,South Asia,25,pooled,PLSR,2,0.373475134446556,0.34297743710132933,3.2861300227888126
013,South Asia,25,pooled,Ridge,2,0.44003986598482625,0.31295708586984566,3.6013514442889827
013,South Asia,25,pooled,MLP,2,0.5311503498782468,0.5834566789522035,1.9317088892047265
013,South Asia,25,target_only,PLSR,3,-0.8964137572083237,0.8262575521250548,1.3640643287303438
013,South Asia,25,target_only,Ridge,3,-0.6518057143397527,0.8074776913597501,1.3957889676183075
013,South Asia,25,target_only,MLP,3,-0.04423461214620872,0.9674656049844113,1.1649700489517665
013,South Asia,25,pooled,PLSR,3,0.36303691393903204,0.34205510322778365,3.294990902232775
013,South Asia,25,pooled,Ridge,3,0.43381950226257804,0.3118614289329467,3.6140040050934634
013,South Asia,25,pooled,MLP,3,0.45737474604055706,0.8138154579471879,1.384918954526642
013,South Asia,25,target_only,PLSR,4,-1.3133266854582102,1.2353861853620098,0.9123207516421845
013,South Asia,25,target_only,Ridge,4,-0.9150243762624855,1.1809630176996817,0.9543638846482937
013,South Asia,25,target_only,MLP,4,-1.8125163035511864,1.6049049858717424,0.7022649085893679
013,South Asia,25,pooled,PLSR,4,0.36403904362310446,0.34314800260064543,3.284496615617835
013,South Asia,25,pooled,Ridge,4,0.4354790232671917,0.31346591613492736,3.595505588278082
013,South Asia,25,pooled,MLP,4,0.5624214831289505,0.5531864892525072,2.0374113885550424
013,South Asia,25,target_only,PLSR,5,-1.268506649603145,2.6338708460289357,0.4279133332969273
013,South Asia,25,target_only,Ridge,5,0.43766275557334733,0.4325846432915016,2.6054287193878802
013,South Asia,25,target_only,MLP,5,-0.5530123120605246,0.9408580359762749,1.197915530400232
013,South Asia,25,pooled,PLSR,5,0.36820384953419527,0.3491247876924979,3.2282682093330455
013,South Asia,25,pooled,Ridge,5,0.4355425708393482,0.3122018175357031,3.610063714856335
013,South Asia,25,pooled,MLP,5,0.4929103094706052,0.5003330202097866,2.252636559396513
013,South Asia,25,target_only,PLSR,6,-0.5089101260402593,1.1574466921420878,0.9737540923910484
013,South Asia,25,target_only,Ridge,6,0.29706759217326295,0.919948917563703,1.2251424309326333
013,South Asia,25,target_only,MLP,6,-0.24378866406290056,0.9946057363278293,1.1331811310068192
013,South Asia,25,pooled,PLSR,6,0.3630783218908069,0.34419693946516816,3.2744871437530496
013,South Asia,25,pooled,Ridge,6,0.4314759511195315,0.312794319077031,3.603225456662721
013,South Asia,25,pooled,MLP,6,0.4972085532245364,0.6076698206166317,1.8547382393520047
013,South Asia,25,target_only,PLSR,7,-1.8276203416984025,156.89448778211505,0.007183607717073145
013,South Asia,25,target_only,Ridge,7,0.3826014096371554,0.9298248126139109,1.2121298957697637
013,South Asia,25,target_only,MLP,7,-0.41744434030068844,4.584210158908536,0.24585880972485474
013,South Asia,25,pooled,PLSR,7,0.3659708987717347,0.3408777526083098,3.3063714031608074
013,South Asia,25,pooled,Ridge,7,0.43577774335496455,0.31527301738094915,3.5748966485006424
013,South Asia,25,pooled,MLP,7,0.5196599113404807,0.6768629312203668,1.6651354376369287
013,South Asia,25,target_only,PLSR,8,-0.9665664034468644,134.2386196358346,0.008396007469798001
013,South Asia,25,target_only,Ridge,8,0.6245561587655719,0.4912468508899104,2.2943016350254806
013,South Asia,25,target_only,MLP,8,-0.07836850775116311,0.4182047653575322,2.695015806991785
013,South Asia,25,pooled,PLSR,8,0.3716774392628377,0.34986965466526815,3.221395277267311
013,South Asia,25,pooled,Ridge,8,0.4381353693950183,0.3114674236351909,3.61857570863632
013,South Asia,25,pooled,MLP,8,0.37780168417745474,0.5549988490099373,2.0307581812258126
013,South Asia,25,target_only,PLSR,9,-0.5054103309255475,12.685560365192508,0.08884656418413853
013,South Asia,25,target_only,Ridge,9,-0.01657256861726708,1.1149078751616495,1.0109072492060631
013,South Asia,25,target_only,MLP,9,-0.5664956683408364,1.1069887500072408,1.0181390309436005
013,South Asia,25,pooled,PLSR,9,0.3716251602976891,0.34148395002193593,3.300501980035783
013,South Asia,25,pooled,Ridge,9,0.4414580115465505,0.31286216576267595,3.602444068142092
013,South Asia,25,pooled,MLP,9,0.5503452517272516,0.624439595644824,1.8049279082534462
013,South Asia,25,target_only,PLSR,10,-0.10969075317285437,14.16259510335664,0.0795806449999207
013,South Asia,25,target_only,Ridge,10,0.47022313072614563,0.3930475798577658,2.867511494678833
013,South Asia,25,target_only,MLP,10,-0.1695940258305666,1.2610636584557897,0.8937442972371189
013,South Asia,25,target_only,PLSR,11,-0.08114578709366671,1.4614631110647605,0.7711918588055947
013,South Asia,25,target_only,Ridge,11,0.43264930363605814,0.4405668061627783,2.5582237187007153
013,South Asia,25,target_only,MLP,11,-0.2307586112550699,0.9563897654853573,1.178461432641811
013,South Asia,25,target_only,PLSR,12,-0.8649770053638519,0.8295237009698397,1.358693491072196
013,South Asia,25,target_only,Ridge,12,0.5629345038780658,0.3464518715337771,3.2531746710104206
013,South Asia,25,target_only,MLP,12,-0.3069975422094464,0.8459313789498956,1.3323402834363898
013,South Asia,25,target_only,PLSR,13,-1.0658257454552214,1.3387530090329909,0.8418793052886916
013,South Asia,25,target_only,Ridge,13,0.4560503961016731,0.7544670294644035,1.4938604460925833
013,South Asia,25,target_only,MLP,13,-0.6672453621408343,1.1840042570199039,0.9519125007494742
013,South Asia,25,target_only,PLSR,14,-0.5066487949365328,1.3294926401999727,0.8477432812477355
013,South Asia,25,target_only,Ridge,14,0.41786671457874447,1.084642069570903,1.0391155615453136
013,South Asia,25,target_only,MLP,14,-0.028364018180152994,1.1069293328648764,1.0181936820490978
013,South Asia,25,target_only,PLSR,15,-1.7520475055936284,66.38972886088577,0.016976548519418107
013,South Asia,25,target_only,Ridge,15,0.6817852756365135,0.5500441517407797,2.049050880062798
013,South Asia,25,target_only,MLP,15,0.09508550399287152,0.898492120008443,1.254399930838847
013,South Asia,25,target_only,PLSR,16,0.28071457555753965,0.7394182742510391,1.524263725209461
013,South Asia,25,target_only,Ridge,16,0.2206390305629451,0.5192861936392836,2.1704186766435494
013,South Asia,25,target_only,MLP,16,-0.5704102555606236,1.1921018303707036,0.9454464580826618
013,South Asia,25,target_only,PLSR,17,0.404443837847952,1.0012690596961682,1.125639948906286
013,South Asia,25,target_only,Ridge,17,0.655043594029566,0.555640710307873,2.0284123036509447
013,South Asia,25,target_only,MLP,17,-0.11300766428751263,0.5926164361582871,1.9018514918421894
013,South Asia,25,target_only,PLSR,18,-0.06943872051135513,97.1956987031371,0.011595867597394642
013,South Asia,25,target_only,Ridge,18,0.6279861157918695,0.48101921615551585,2.343084050167038
013,South Asia,25,target_only,MLP,18,0.04208986835843298,0.784005256484919,1.437577674225096
013,South Asia,25,target_only,PLSR,19,-4.634569007810016,342.1277311539302,0.0032942914314383624
013,South Asia,25,target_only,Ridge,19,0.16938714580216496,0.5719145558646364,1.9706937717189352
013,South Asia,25,target_only,MLP,19,-0.7078365226620331,1.0341967242533685,1.0898008345670593
013,South Asia,25,target_only,PLSR,20,-1.0075613196128193,1.1336415444084642,0.9942017904662676
013,South Asia,25,target_only,Ridge,20,0.35205505733020925,0.5264216503463812,2.1409994297465498
013,South Asia,25,target_only,MLP,20,-0.6406010931851127,1.0264248949568509,1.098052530424274
013,South Asia,25,target_only,PLSR,21,-1.323426162623738,135.51622236678514,0.008316852650654192
013,South Asia,25,target_only,Ridge,21,0.5266461661116923,0.3868379706305232,2.913541427592499
013,South Asia,25,target_only,MLP,21,-0.01835507556296867,0.9611855187080661,1.1725815997651918
013,South Asia,25,target_only,PLSR,22,-0.33111735369552897,8.29755461973343,0.13583139911094053
013,South Asia,25,target_only,Ridge,22,0.6153392051524722,0.3930183601168925,2.8677246855913405
013,South Asia,25,target_only,MLP,22,0.3424706131810469,0.8668110491592076,1.3002469849583456
013,South Asia,25,target_only,PLSR,23,0.33872807735381305,0.6271700160847261,1.7970700516486124
013,South Asia,25,target_only,Ridge,23,0.06987074908543334,0.38824380054075275,2.902991500773584
013,South Asia,25,target_only,MLP,23,0.08726727821011371,0.4945914692466469,2.2787866820965816
013,South Asia,25,target_only,PLSR,24,-0.6632028221909769,0.3778567111126198,2.982793265413032
013,South Asia,25,target_only,Ridge,24,-0.3730531757520228,0.5117662608120085,2.202310975736354
013,South Asia,25,target_only,MLP,24,-3.0926027979798425,2.204882938165982,0.511169293248436
013,South Asia,25,target_only,PLSR,25,0.10421861623490114,0.6518027603760145,1.7291556920496198
013,South Asia,25,target_only,Ridge,25,0.5836187860112589,0.9186338340210859,1.226896301287298
013,South Asia,25,target_only,MLP,25,0.34058014179679585,1.0406404532228126,1.0830527005819963
013,South Asia,25,target_only,PLSR,26,-0.17762345610817132,5.841227310799734,0.19295062376943017
013,South Asia,25,target_only,Ridge,26,0.56640096318554,0.5163922531667992,2.1825820319457563
013,South Asia,25,target_only,MLP,26,0.0675818644411682,0.8411764713787233,1.3398715864585795
013,South Asia,25,target_only,PLSR,27,-11.536206146529763,210362.49461119194,5.3577442846025095e-06
013,South Asia,25,target_only,Ridge,27,0.2052163363898427,1.054583640952076,1.06873310890763
013,South Asia,25,target_only,MLP,27,-1.0433043577930312,6.620442063356398,0.17024066405415297
013,South Asia,25,target_only,PLSR,28,-19.20965448357737,310099.0108334921,3.6345438515539803e-06
013,South Asia,25,target_only,Ridge,28,0.25116633273968847,1.0404036688612985,1.083299191391159
013,South Asia,25,target_only,MLP,28,-1.7593018759298378,1.2393808406587388,0.9093802455416334
013,South Asia,25,target_only,PLSR,29,-1.0137576021888783,10.696760812451146,0.10536539733466976
013,South Asia,25,target_only,Ridge,29,0.23961992012729838,0.9897300226021531,1.138763528901147
013,South Asia,25,target_only,MLP,29,-0.5373431427725859,2.65848738744043,0.42395102512898214
013,South Asia,50,target_only,PLSR,0,0.4619482046687101,0.42298529190819933,2.664557077418304
013,South Asia,50,target_only,Ridge,0,0.6185610357571113,0.6471377544448788,1.741620613936596
013,South Asia,50,target_only,MLP,0,0.47221966006985316,0.9580441572233086,1.1764264148997192
013,South Asia,50,pooled,PLSR,0,0.37555998626808773,0.3452829927521023,3.2641875703592054
013,South Asia,50,pooled,Ridge,0,0.44373975889369766,0.3119657259707315,3.612795763671747
013,South Asia,50,pooled,MLP,0,0.7123908850913911,0.6565224225800275,1.7167249958784991
013,South Asia,50,target_only,PLSR,1,0.6027409188430127,0.43323204322294817,2.6015352992203127
013,South Asia,50,target_only,Ridge,1,0.7199115484590105,0.5320398973146284,2.1183908554349147
013,South Asia,50,target_only,MLP,1,0.6102597787633763,0.45226984238062157,2.4920265460665423
013,South Asia,50,pooled,PLSR,1,0.38220708064537,0.34201621214051564,3.295365579731026
013,South Asia,50,pooled,Ridge,1,0.45010387911187,0.3133211480212636,3.597166869570359
013,South Asia,50,pooled,MLP,1,0.44203863542192035,0.4285406291284497,2.6300153978166096
013,South Asia,50,target_only,PLSR,2,-0.5418577053598381,15.354179208357724,0.07340466969307899
013,South Asia,50,target_only,Ridge,2,0.4021207867835651,1.0542269471678687,1.0690947107979516
013,South Asia,50,target_only,MLP,2,-0.41524751378422997,6.785664137750618,0.1660955258495084
013,South Asia,50,pooled,PLSR,2,0.37129457489260265,0.3417764363914733,3.2976774674626403
013,South Asia,50,pooled,Ridge,2,0.443876132146231,0.3131541284038935,3.5990854054594887
013,South Asia,50,pooled,MLP,2,0.3801170896407947,0.7628233711686344,1.477495965378181
013,South Asia,50,target_only,PLSR,3,0.22575745496794797,2.299002741348637,0.4902423267823861
013,South Asia,50,target_only,Ridge,3,0.6994267966813132,0.4321169460937395,2.608248677554395
013,South Asia,50,target_only,MLP,3,0.4232216583142353,1.0195528793514976,1.1054536513248132
013,South Asia,50,pooled,PLSR,3,0.39267365970782253,0.35011167317222114,3.219168452699465
013,South Asia,50,pooled,Ridge,3,0.45760884695980664,0.3123421191153408,3.608442103133837
013,South Asia,50,pooled,MLP,3,0.5306321543303816,0.880259462337527,1.280382093485155
013,South Asia,50,target_only,PLSR,4,0.2766022232012808,1.1500639790360525,0.9800050029760199
013,South Asia,50,target_only,Ridge,4,0.6218883418499264,0.9309598662999985,1.2106520313031905
013,South Asia,50,target_only,MLP,4,0.19226269109242056,1.1314401711771869,0.996136147459924
013,South Asia,50,pooled,PLSR,4,0.37937983849404444,0.34871860177507885,3.232028482165088
013,South Asia,50,pooled,Ridge,4,0.4466023146800514,0.3114515082526901,3.618760620299886
013,South Asia,50,pooled,MLP,4,0.4255571414778029,0.8524959305679254,1.3220807428922232
013,South Asia,50,target_only,PLSR,5,0.5558302950099294,0.7229142256799458,1.5590624906264112
013,South Asia,50,target_only,Ridge,5,0.6953727919203426,0.45401254816928616,2.4824610195081958
013,South Asia,50,target_only,MLP,5,0.6555213983833587,1.0122829110542735,1.1133927490922666
013,South Asia,50,pooled,PLSR,5,0.3739592647760085,0.34464308940723437,3.2702482302382174
013,South Asia,50,pooled,Ridge,5,0.44275178446677854,0.31173270019426974,3.6154963932094977
013,South Asia,50,pooled,MLP,5,0.52193104133644,0.754762688905297,1.4932752635567252
013,South Asia,50,target_only,PLSR,6,0.6193009020460766,0.9211967563323433,1.2234828720903828
013,South Asia,50,target_only,Ridge,6,0.31800421617386543,1.0459733660201247,1.0775307381738388
013,South Asia,50,target_only,MLP,6,-0.5017145817607425,1.1406796817400147,0.9880674401761834
013,South Asia,50,pooled,PLSR,6,0.37862796098640916,0.3434649927350285,3.2814652935163457
013,South Asia,50,pooled,Ridge,6,0.4485646780423266,0.31154535718812926,3.617670516326296
013,South Asia,50,pooled,MLP,6,0.6409687210211908,0.7924133192461221,1.4223239637997231
013,South Asia,50,target_only,PLSR,7,0.6535171192150231,0.31107443494024517,3.6231471525917596
013,South Asia,50,target_only,Ridge,7,0.7014152899861295,0.3710664759183921,3.0373761208374797
013,South Asia,50,target_only,MLP,7,0.6128403036331453,0.6796156455226732,1.658390975285808
013,South Asia,50,pooled,PLSR,7,0.38260611727136895,0.34847064368810654,3.234328267280402
013,South Asia,50,pooled,Ridge,7,0.4513407296572248,0.311183747939381,3.621874409126901
013,South Asia,50,pooled,MLP,7,0.5103577965664274,0.7518328073670787,1.4990945355854286
013,South Asia,50,target_only,PLSR,8,0.592879077656854,0.4317374985561169,2.6105410277475456
013,South Asia,50,target_only,Ridge,8,0.7300250121192674,0.3905584201303047,2.8857871066300613
013,South Asia,50,target_only,MLP,8,0.8372041114392543,0.3032851087013786,3.716201095476722
013,South Asia,50,pooled,PLSR,8,0.38372829574420475,0.347718915236553,3.241320514390469
013,South Asia,50,pooled,Ridge,8,0.4492949068351062,0.31159221575667345,3.617126475579168
013,South Asia,50,pooled,MLP,8,0.503726082915553,0.5008077510017939,2.2505012171702647
013,South Asia,50,target_only,PLSR,9,0.6099384523358817,3.237625094275828,0.34811580105136775
013,South Asia,50,target_only,Ridge,9,0.7133144670949896,0.5987736624507832,1.8822946363150705
013,South Asia,50,target_only,MLP,9,0.4515659422101035,1.0400698608302252,1.0836468737765066
013,South Asia,50,pooled,PLSR,9,0.3735595291777243,0.3457672351269578,3.2596161194510125
013,South Asia,50,pooled,Ridge,9,0.44464682874426553,0.3126162162482647,3.6052782761044506
013,South Asia,50,pooled,MLP,9,0.5080535310707286,0.8287745357306638,1.3599216730328163
013,South Asia,50,target_only,PLSR,10,0.7206815404695901,0.2676798990885507,4.210508361051781
013,South Asia,50,target_only,Ridge,10,0.7307100962956345,0.31108778749774374,3.622991639316649
013,South Asia,50,target_only,MLP,10,0.725400148970792,0.7501448497922274,1.5024677614063624
013,South Asia,50,target_only,PLSR,11,0.654399636045319,0.4249735688684972,2.6520907081320093
013,South Asia,50,target_only,Ridge,11,0.662714208634709,0.49239563227216115,2.288948925068606
013,South Asia,50,target_only,MLP,11,0.44997207555978935,0.7550855435023159,1.4926367785696892
013,South Asia,50,target_only,PLSR,12,0.5478947660488058,0.4960702005046964,2.2719938671002065
013,South Asia,50,target_only,Ridge,12,0.749332624620094,0.3938489308875588,2.8616770665288676
013,South Asia,50,target_only,MLP,12,0.7371310210439432,0.8733122205250698,1.2905675962260115
013,South Asia,50,target_only,PLSR,13,0.47099825600613854,0.3301051471340485,3.41427106781877
013,South Asia,50,target_only,Ridge,13,0.7428866684713074,0.3000681963571074,3.756041016277946
013,South Asia,50,target_only,MLP,13,0.6707773169282569,0.25445317252302324,4.429374733364196
013,South Asia,50,target_only,PLSR,14,0.6210412944670747,1.1836001927906743,0.952237470104204
013,South Asia,50,target_only,Ridge,14,0.6630854855563156,0.4838991236749907,2.3291392731573364
013,South Asia,50,target_only,MLP,14,0.2419632875485882,1.444817680330869,0.7800765927364183
013,South Asia,50,target_only,PLSR,15,0.6212661649142378,0.4481551154083704,2.514907036530926
013,South Asia,50,target_only,Ridge,15,0.7206083304106166,0.3446791240941819,3.269906340164291
013,South Asia,50,target_only,MLP,15,0.6850467454623095,0.23693398114620506,4.756888175117265
013,South Asia,50,target_only,PLSR,16,0.6008151737071218,1.0504570284644257,1.0729315170991869
013,South Asia,50,target_only,Ridge,16,0.6847111397159951,0.34294754315392184,3.286416467173782
013,South Asia,50,target_only,MLP,16,0.6972767653978333,0.2869773649073772,3.9273775252679064
013,South Asia,50,target_only,PLSR,17,0.6852335955292219,0.32930336770201474,3.4225840478428373
013,South Asia,50,target_only,Ridge,17,0.70206601962252,0.4760654253702491,2.3674654640615582
013,South Asia,50,target_only,MLP,17,0.5308711239666122,0.5029970917230213,2.2407057053492223
013,South Asia,50,target_only,PLSR,18,0.10353248754645972,0.8226262441998761,1.3700856994832182
013,South Asia,50,target_only,Ridge,18,0.6624773734268817,0.47514826600428955,2.3720352863240057
013,South Asia,50,target_only,MLP,18,0.5740031362966964,0.24830092215925492,4.539123106739661
013,South Asia,50,target_only,PLSR,19,0.6152029521955336,0.2575219778651546,4.37659132063673
013,South Asia,50,target_only,Ridge,19,0.6779198823376157,0.34187905860672535,3.296687599968922
013,South Asia,50,target_only,MLP,19,0.6891308314073588,0.4321353170209959,2.6081377957429934
013,South Asia,50,target_only,PLSR,20,0.13321070350118003,2.857841252084629,0.39437755766724586
013,South Asia,50,target_only,Ridge,20,0.5447538913237857,0.8795458378684347,1.2814209387077224
013,South Asia,50,target_only,MLP,20,0.5938980823346874,1.0074404903584984,1.1187444459342426
013,South Asia,50,target_only,PLSR,21,0.4091256492695192,6.665174285852692,0.16909812179857367
013,South Asia,50,target_only,Ridge,21,0.7166564144690714,0.4016749114442985,2.8059219560047977
013,South Asia,50,target_only,MLP,21,0.36273017365055393,1.0805711745465152,1.0430302785661836
013,South Asia,50,target_only,PLSR,22,0.4289081237187896,1.1931531712836136,0.9446133826936245
013,South Asia,50,target_only,Ridge,22,0.6815738734173236,0.33192481340231417,3.395553473827703
013,South Asia,50,target_only,MLP,22,0.5273531678208516,0.3387205625632629,3.3274284993764947
013,South Asia,50,target_only,PLSR,23,0.6358919122125511,0.32705651057379775,3.4460969794500564
013,South Asia,50,target_only,Ridge,23,0.7104095589862722,0.30153222768297694,3.7378042866542613
013,South Asia,50,target_only,MLP,23,0.6969944433210639,0.27920385594608144,4.0367223775573295
013,South Asia,50,target_only,PLSR,24,0.44509469554527803,0.9700881799836375,1.16182062255088
013,South Asia,50,target_only,Ridge,24,0.7153634987597808,0.3357607201623643,3.3567608880896542
013,South Asia,50,target_only,MLP,24,0.7072219575266588,0.34059097905305086,3.3091553285745903
013,South Asia,50,target_only,PLSR,25,0.6634427160351982,0.46860587762242073,2.4051521908267133
013,South Asia,50,target_only,Ridge,25,0.7218073547843078,0.30571331727652684,3.6866841890906987
013,South Asia,50,target_only,MLP,25,0.7560697808834843,0.28395942573954047,3.969117947969209
013,South Asia,50,target_only,PLSR,26,0.6632900043553074,0.3259164358004021,3.4581516284379097
013,South Asia,50,target_only,Ridge,26,0.73884176228125,0.3112984976611074,3.620539326935056
013,South Asia,50,target_only,MLP,26,0.6223208366563464,0.3352994917218222,3.361378352857453
013,South Asia,50,target_only,PLSR,27,0.5639533329982811,0.6485901353237619,1.737720621722426
013,South Asia,50,target_only,Ridge,27,0.6279108743532673,0.71622630288801,1.5736205842388193
013,South Asia,50,target_only,MLP,27,0.6645614021695571,0.9017053385497672,1.2499298884162415
013,South Asia,50,target_only,PLSR,28,0.4395688601978428,0.280049865558141,4.024527742413252
013,South Asia,50,target_only,Ridge,28,0.6628623520807237,0.5052827450731152,2.2305698427021317
013,South Asia,50,target_only,MLP,28,0.49027729346429605,0.3341578697280031,3.3728622166380458
013,South Asia,50,target_only,PLSR,29,0.4229119335612611,0.313528272338264,3.5947904946251596
013,South Asia,50,target_only,Ridge,29,0.6698132921747755,0.5596017756519824,2.014054462005078
013,South Asia,50,target_only,MLP,29,0.6469140085249214,0.7783144867799797,1.4480887511945397
013,South Asia,100,target_only,PLSR,0,0.7961823763842582,0.26590142716607057,4.238670191468817
013,South Asia,100,target_only,Ridge,0,0.7690641500375512,0.299952936661609,3.75748430984471
013,South Asia,100,target_only,MLP,0,0.9714280118945804,0.09340493636422235,12.066476324152285
013,South Asia,100,pooled,PLSR,0,0.4002523281660084,0.35826764967349656,3.1458839619624652
013,South Asia,100,pooled,Ridge,0,0.4677944361000793,0.3094152742856508,3.6425753570178805
013,South Asia,100,pooled,MLP,0,0.7822761320585772,0.44295030576662503,2.544458009227908
013,South Asia,100,target_only,PLSR,1,0.7813764674827679,0.28354600022679605,3.974905138130487
013,South Asia,100,target_only,Ridge,1,0.7654605092989947,0.3122948285503572,3.608988526737968
013,South Asia,100,target_only,MLP,1,0.946976401715458,0.08637530495653226,13.048503316602227
013,South Asia,100,pooled,PLSR,1,0.402731098045643,0.3572688399447205,3.154678850168487
013,South Asia,100,pooled,Ridge,1,0.469912350985622,0.3088963923916748,3.64869412838185
013,South Asia,100,pooled,MLP,1,0.7181726873015664,0.795079419183037,1.4175545561925493
013,South Asia,100,target_only,PLSR,2,0.7976990122389234,0.25082072024948093,4.493522114428154
013,South Asia,100,target_only,Ridge,2,0.770744047352786,0.29948518606570507,3.7633529324237376
013,South Asia,100,target_only,MLP,2,0.9774383596657577,0.057817220839871425,19.49364630166728
013,South Asia,100,pooled,PLSR,2,0.3970814029568337,0.35264727700230786,3.196021993359852
013,South Asia,100,pooled,Ridge,2,0.46600138291661863,0.30953235250313804,3.6411975810716384
013,South Asia,100,pooled,MLP,2,0.7965049121733448,0.3271275904381472,3.445348194838198
013,South Asia,100,target_only,PLSR,3,0.7800111376537496,0.22207426750502496,5.075187079801298
013,South Asia,100,target_only,Ridge,3,0.7700373097782989,0.29356275652718383,3.8392760257838554
013,South Asia,100,target_only,MLP,3,0.982163134198778,0.07850056514252672,14.357456550172838
013,South Asia,100,pooled,PLSR,3,0.40028360412363007,0.35749247126182593,3.1527054240322165
013,South Asia,100,pooled,Ridge,3,0.46826417206763526,0.309019551044213,3.647239954201423
013,South Asia,100,pooled,MLP,3,0.8029323716139442,0.2587138268262323,4.35642913648696
013,South Asia,100,target_only,PLSR,4,0.7705599882872495,0.2734468393543373,4.121709564678364
013,South Asia,100,target_only,Ridge,4,0.760836888419707,0.31854537981165787,3.5381723441232356
013,South Asia,100,target_only,MLP,4,0.9631447239447677,0.10516383173387243,10.717263099066217
013,South Asia,100,pooled,PLSR,4,0.394051124876573,0.3552578618510453,3.1725362735826073
013,South Asia,100,pooled,Ridge,4,0.4636105590767764,0.31026618043908216,3.6325855805580756
013,South Asia,100,pooled,MLP,4,0.7218155341759047,0.2835538171791138,3.974795558777116
013,South Asia,100,target_only,PLSR,5,0.7981280805619921,0.2425922519197491,4.645937552740475
013,South Asia,100,target_only,Ridge,5,0.7709409725580565,0.29424377954538355,3.8303900763482517
013,South Asia,100,target_only,MLP,5,0.9802158187381682,0.05710896401068061,19.73540358720312
013,South Asia,100,pooled,PLSR,5,0.40003361286695327,0.3544569534517885,3.179704734868851
013,South Asia,100,pooled,Ridge,5,0.46783860299997937,0.3098207536708086,3.6378081191919605
013,South Asia,100,pooled,MLP,5,0.6995727213327789,0.8019931566759866,1.4053342523135606
013,South Asia,100,target_only,PLSR,6,0.7867839348929716,0.3189803691754649,3.533347384703356
013,South Asia,100,target_only,Ridge,6,0.7686626736893049,0.30527112373033805,3.6920244516590386
013,South Asia,100,target_only,MLP,6,0.9814308508560008,0.07604191077799657,14.821674543243692
013,South Asia,100,pooled,PLSR,6,0.39801985569338105,0.3534944198764347,3.188362785448808
013,South Asia,100,pooled,Ridge,6,0.46678297962579796,0.30932282124542104,3.643664080975157
013,South Asia,100,pooled,MLP,6,0.7675039892410096,0.41658991713546417,2.705462630847464
013,South Asia,100,target_only,PLSR,7,0.7937489629133632,0.3248376783528744,3.469635846779739
013,South Asia,100,target_only,Ridge,7,0.7688044573509876,0.30474549391603895,3.6983925134209232
013,South Asia,100,target_only,MLP,7,0.9820851912044738,0.05188742767698639,21.721416991687335
013,South Asia,100,pooled,PLSR,7,0.4011413826993433,0.3569116873183053,3.1578356586364293
013,South Asia,100,pooled,Ridge,7,0.4689519759846006,0.30933010417420287,3.643578293831751
013,South Asia,100,pooled,MLP,7,0.8292326732081002,0.2860983931481293,3.939443492834624
013,South Asia,100,target_only,PLSR,8,0.7863296954418023,0.275405412529225,4.092397614292492
013,South Asia,100,target_only,Ridge,8,0.7731493718711843,0.2974733274712767,3.7888050763363545
013,South Asia,100,target_only,MLP,8,0.971452421271715,0.08044405496100977,14.010587280118038
013,South Asia,100,pooled,PLSR,8,0.3989878511101105,0.3528574969429986,3.1941179171826097
013,South Asia,100,pooled,Ridge,8,0.46810811250973183,0.30942452330878556,3.6424664766247337
013,South Asia,100,pooled,MLP,8,0.72298857028817,0.586153866090472,1.922820130344203
013,South Asia,100,target_only,PLSR,9,0.7975676091171053,0.2779771104090075,4.054536906076561
013,South Asia,100,target_only,Ridge,9,0.7704124516668562,0.30085832194349066,3.746176758273397
013,South Asia,100,target_only,MLP,9,0.969253302205532,0.06708999330839907,16.79935259520649
013,South Asia,100,pooled,PLSR,9,0.3957153835875089,0.3498490258748149,3.22158522631169
013,South Asia,100,pooled,Ridge,9,0.4642473818774028,0.310146485605111,3.6339875043203347
013,South Asia,100,pooled,MLP,9,0.8285042664267295,0.20341122396596603,5.540837084714738
013,South Asia,100,target_only,PLSR,10,0.7864701408791458,0.2228110220780558,5.058405292010204
013,South Asia,100,target_only,Ridge,10,0.7632647104785907,0.29417128042813856,3.831334083862633
013,South Asia,100,target_only,MLP,10,0.9527339066719354,0.07761662764723863,14.520966542378986
013,South Asia,100,target_only,PLSR,11,0.7819268305203504,0.2603963152054838,4.3282811137647945
013,South Asia,100,target_only,Ridge,11,0.7629149117304579,0.3318732560274974,3.396080981904901
013,South Asia,100,target_only,MLP,11,0.9723068541235252,0.12327698463799376,9.142569933126667
013,South Asia,100,target_only,PLSR,12,0.7777339365330014,0.28490765697342757,3.9559079077434482
013,South Asia,100,target_only,Ridge,12,0.7704429377619157,0.29750048936844464,3.7884591571276456
013,South Asia,100,target_only,MLP,12,0.9743621526889656,0.08361992141351726,13.478468218407675
013,South Asia,100,target_only,PLSR,13,0.7907556314254084,0.2804781165617566,4.018382849307526
013,South Asia,100,target_only,Ridge,13,0.7695696802787688,0.3002578184044072,3.7536689608522673
013,South Asia,100,target_only,MLP,13,0.9722839180737918,0.06737679100068106,16.72784406111664
013,South Asia,100,target_only,PLSR,14,0.7911981162288204,0.24252825513642712,4.6471634926159044
013,South Asia,100,target_only,Ridge,14,0.7700738203479096,0.3218888523032262,3.5014212052802534
013,South Asia,100,target_only,MLP,14,0.9482603092831471,0.17958965640834174,6.275798259979792
013,South Asia,100,target_only,PLSR,15,0.7903180533727889,0.23228593201470515,4.852073663791613
013,South Asia,100,target_only,Ridge,15,0.7699790631818552,0.30551125249334926,3.689122557678543
013,South Asia,100,target_only,MLP,15,0.9727178873014573,0.06841399605477873,16.47423799503543
013,South Asia,100,target_only,PLSR,16,0.7956322995700711,0.2640352513785186,4.268628705119698
013,South Asia,100,target_only,Ridge,16,0.7716537066799454,0.30251472337833696,3.725664789506074
013,South Asia,100,target_only,MLP,16,0.9601034145408561,0.06560172632270579,17.18046942322223
013,South Asia,100,target_only,PLSR,17,0.7845994960201865,0.26961900392720667,4.180226307423539
013,South Asia,100,target_only,Ridge,17,0.7691403700314625,0.2987226111247577,3.7729599676240584
013,South Asia,100,target_only,MLP,17,0.95712911982403,0.08084526797978449,13.941056556082732
013,South Asia,100,target_only,PLSR,18,0.7962586567848519,0.2790261976396549,4.039292592351415
013,South Asia,100,target_only,Ridge,18,0.7687748596457434,0.3122902259048668,3.6090417173068348
013,South Asia,100,target_only,MLP,18,0.9662144819086504,0.07740693071094942,14.560304133573053
013,South Asia,100,target_only,PLSR,19,0.7837850802986981,0.26540245706248233,4.246639106783024
013,South Asia,100,target_only,Ridge,19,0.7657029795627479,0.3091454427911644,3.6457547069817338
013,South Asia,100,target_only,MLP,19,0.9647389404370007,0.15618061921455728,7.216442468124035
013,South Asia,100,target_only,PLSR,20,0.7883416044055853,0.28326789564457827,3.9788075900136404
013,South Asia,100,target_only,Ridge,20,0.7693674692533001,0.33465785052044905,3.367823140694472
013,South Asia,100,target_only,MLP,20,0.9723617862205586,0.2273559410828403,4.957286129537195
013,South Asia,100,target_only,PLSR,21,0.7926688521412665,0.24906195838663686,4.5252533164788264
013,South Asia,100,target_only,Ridge,21,0.7679389857750671,0.31318857039201353,3.5986896066708463
013,South Asia,100,target_only,MLP,21,0.9639412097055735,0.06443523274019002,17.491493477525015
013,South Asia,100,target_only,PLSR,22,0.7924200644843691,0.22542574956219844,4.999732530053601
013,South Asia,100,target_only,Ridge,22,0.7645064290625218,0.30439865346205164,3.7026065666822925
013,South Asia,100,target_only,MLP,22,0.9738231053215016,0.06401077131699147,17.607481209942286
013,South Asia,100,target_only,PLSR,23,0.7944854427671276,0.2468682755194644,4.565464925885043
013,South Asia,100,target_only,Ridge,23,0.77113200973323,0.302022780074954,3.7317332583924023
013,South Asia,100,target_only,MLP,23,0.9782674800049762,0.05181688706348996,21.750987314557715
013,South Asia,100,target_only,PLSR,24,0.7944066436772401,0.2468605127569293,4.565608491251922
013,South Asia,100,target_only,Ridge,24,0.7694682423523823,0.30378327887189777,3.7101069465811936
013,South Asia,100,target_only,MLP,24,0.978125165728263,0.06018183852403361,18.7277172123571
013,South Asia,100,target_only,PLSR,25,0.7914129418235114,0.29339527599273785,3.841467622081745
013,South Asia,100,target_only,Ridge,25,0.7710016987911755,0.3012668261050878,3.7410971123806913
013,South Asia,100,target_only,MLP,25,0.9808957511709167,0.04588796511150031,24.56130818743534
013,South Asia,100,target_only,PLSR,26,0.7913331629110801,0.27428242215425436,4.109153055983971
013,South Asia,100,target_only,Ridge,26,0.7650573847383133,0.29207928317263726,3.8587757438848254
013,South Asia,100,target_only,MLP,26,0.9560354414733946,0.0904869770833007,12.45558741740572
013,South Asia,100,target_only,PLSR,27,0.7953608412720824,0.26495809783628727,4.253761113178864
013,South Asia,100,target_only,Ridge,27,0.7714297886556833,0.3060547370963311,3.6825715030285378
013,South Asia,100,target_only,MLP,27,0.9803838195433623,0.06169422778151537,18.268620805000634
013,South Asia,100,target_only,PLSR,28,0.7945202599391955,0.30549391918889973,3.6893318734142335
013,South Asia,100,target_only,Ridge,28,0.7688120132696533,0.32555136157702597,3.4620296095157745
013,South Asia,100,target_only,MLP,28,0.9704473054747896,0.1373903313260705,8.203404434064225
013,South Asia,100,target_only,PLSR,29,0.7992783220010924,0.25283569721223054,4.457710938862314
013,South Asia,100,target_only,Ridge,29,0.77040790957333,0.33538741579381487,3.36049714486224
013,South Asia,100,target_only,MLP,29,0.9598815046943653,0.7026363318083921,1.6040566110452565
014,East Asia,10,target_only,PLSR,0,-0.46078609043304875,1.2896877492256682,0.6165670126226683
014,East Asia,10,target_only,Ridge,0,-0.27750958733338527,0.9808676464515474,0.8106893173944679
014,East Asia,10,target_only,MLP,0,-1.4648920909438305,2.418104563986402,0.3288438947591329
014,East Asia,10,pooled,PLSR,0,0.493703054216158,0.4836729600254805,1.6440425421223306
014,East Asia,10,pooled,Ridge,0,0.585220090400889,0.4759320398974062,1.670782498542303
014,East Asia,10,pooled,MLP,0,0.5552806207114613,0.527734573434654,1.5067781471675463
014,East Asia,10,target_only,PLSR,1,0.2571381813368985,0.722891766697399,1.0999972048222035
014,East Asia,10,target_only,Ridge,1,0.15498870713999302,0.8410287990579001,0.9454835834954325
014,East Asia,10,target_only,MLP,1,-1.4313196641409478,8.624910240355815,0.09219561718283097
014,East Asia,10,pooled,PLSR,1,0.4940148432675795,0.4822837158773521,1.6487782949701386
014,East Asia,10,pooled,Ridge,1,0.5855946690303933,0.4754223978267142,1.6725735396378119
014,East Asia,10,pooled,MLP,1,0.5325638831943817,0.674646059487708,1.1786608868062491
014,East Asia,10,target_only,PLSR,2,-1.8853531331425595,17.537745811301267,0.04534099942557684
014,East Asia,10,target_only,Ridge,2,-0.0019067408684865228,1.4202240719977686,0.559896806732461
014,East Asia,10,target_only,MLP,2,-0.6835032480788534,16.7304076935574,0.04752896267210114
014,East Asia,10,pooled,PLSR,2,0.49488048000643825,0.4829067661350129,1.6466510277344184
014,East Asia,10,pooled,Ridge,2,0.5860924212293462,0.47526809266967046,1.6731165736152271
014,East Asia,10,pooled,MLP,2,0.5509952169704919,0.5332343144706905,1.4912373438409519
014,East Asia,10,target_only,PLSR,3,-0.19585325781693208,0.7525300736205848,1.0566739465046835
014,East Asia,10,target_only,Ridge,3,0.25407758563655547,0.6691461374889843,1.1883486703518689
014,East Asia,10,target_only,MLP,3,-0.34581535203463143,1.84303860131314,0.4314499556273912
014,East Asia,10,pooled,PLSR,3,0.4945702507290768,0.48313517234349296,1.6458725596379842
014,East Asia,10,pooled,Ridge,3,0.5861120334300061,0.47594075992567175,1.670751887021207
014,East Asia,10,pooled,MLP,3,0.5536741148011156,0.5668136458917247,1.4028930469821859
014,East Asia,10,target_only,PLSR,4,-0.22415829496449935,1.774477310524252,0.44812008473706294
014,East Asia,10,target_only,Ridge,4,0.0928373916246974,0.8546355286649582,0.9304304537845354
014,East Asia,10,target_only,MLP,4,-1.084142179449846,3.2492249005490423,0.24472880366691666
014,East Asia,10,pooled,PLSR,4,0.49501780910465176,0.4831054830977569,1.6459737067302505
014,East Asia,10,pooled,Ridge,4,0.5864047912247926,0.4752686340200412,1.673114667867167
014,East Asia,10,pooled,MLP,4,0.5597838034963315,0.5952208755319126,1.3359392377586226
014,East Asia,10,target_only,PLSR,5,-0.9080082792775954,2.722465264365755,0.292080465879286
014,East Asia,10,target_only,Ridge,5,-0.15838612428178167,1.7091220336447193,0.46525579046008586
014,East Asia,10,target_only,MLP,5,-0.15254206966554418,0.7453575434572118,1.0668422554198937
014,East Asia,10,pooled,PLSR,5,0.49606265294538154,0.48355169967692085,1.6444548189726402
014,East Asia,10,pooled,Ridge,5,0.5872339559945476,0.4767160103779994,1.6680348581655715
014,East Asia,10,pooled,MLP,5,0.528276541472892,0.6435340058067857,1.2356439839713265
014,East Asia,10,target_only,PLSR,6,-0.0632088479993107,0.7375889598823528,1.078078667125056
014,East Asia,10,target_only,Ridge,6,0.11217804322940683,0.7045944198514217,1.1285626175180372
014,East Asia,10,target_only,MLP,6,-1.4777398577006466,1.3045374293544678,0.6095485686061201
014,East Asia,10,pooled,PLSR,6,0.49461189498847125,0.48439570105547747,1.6415895537955076
014,East Asia,10,pooled,Ridge,6,0.5860540472834991,0.47598598277085946,1.6705931509309255
014,East Asia,10,pooled,MLP,6,0.5507540386495633,0.6177508930734976,1.287216144358558
014,East Asia,10,target_only,PLSR,7,-0.13097604617134317,1.3472088226733139,0.5902417720054874
014,East Asia,10,target_only,Ridge,7,-0.053381933458366504,0.8222215168501664,0.9671103303187198
014,East Asia,10,target_only,MLP,7,-1.7566294824195499,2.082536266472687,0.38183196881510456
014,East Asia,10,pooled,PLSR,7,0.49238379616541483,0.48263267904336665,1.647586160829928
014,East Asia,10,pooled,Ridge,7,0.5845996789165491,0.4757324632283686,1.671483416035893
014,East Asia,10,pooled,MLP,7,0.5366359800558105,0.5742335251966493,1.3847657579445751
014,East Asia,10,target_only,PLSR,8,0.012706562540664601,0.800130374619251,0.9938116936686927
014,East Asia,10,target_only,Ridge,8,-0.047411259329674715,0.7841926994044192,1.0140095965698839
014,East Asia,10,target_only,MLP,8,-1.846043189803087,0.9385308677517223,0.8472592112617429
014,East Asia,10,pooled,PLSR,8,0.49372603298985007,0.4829982324546374,1.6463391982098103
014,East Asia,10,pooled,Ridge,8,0.5856110892012645,0.47613881220027576,1.6700569295780312
014,East Asia,10,pooled,MLP,8,0.5382995870895184,0.530140303836396,1.4999405195223936
014,East Asia,10,target_only,PLSR,9,0.351718501096136,0.6470502544512577,1.22892915548034
014,East Asia,10,target_only,Ridge,9,0.32113511022123653,0.6955678822980143,1.14320822308387
014,East Asia,10,target_only,MLP,9,-1.43472363905122,3.8090483112709714,0.20876052435543793
014,East Asia,10,pooled,PLSR,9,0.49433962736049286,0.4844635555905727,1.6413596308328728
014,East Asia,10,pooled,Ridge,9,0.5859448578786604,0.47640871400836593,1.6691107852871048
014,East Asia,10,pooled,MLP,9,0.49478761761416046,0.6688403192898729,1.1888920267252845
014,East Asia,10,target_only,PLSR,10,-0.23624916001118046,0.9716111411138841,0.8184127261493794
014,East Asia,10,target_only,Ridge,10,0.0852486192055516,0.7452204060562537,1.0670385785116283
014,East Asia,10,target_only,MLP,10,-0.8875780867016567,3.405901528976544,0.23347090806676096
014,East Asia,10,target_only,PLSR,11,-0.20258752250272827,0.7954124464325579,0.9997064118401944
014,East Asia,10,target_only,Ridge,11,0.06634391751149249,0.7237361035274071,1.0987139081227426
014,East Asia,10,target_only,MLP,11,-0.6178095074509053,1.0558962166594748,0.7530843564075081
014,East Asia,10,target_only,PLSR,12,-0.17517815836936257,0.8173128365616035,0.9729186759153369
014,East Asia,10,target_only,Ridge,12,0.07611106440699589,0.7022492850057531,1.1323314095643529
014,East Asia,10,target_only,MLP,12,-1.3625700316033482,1.826849874280389,0.43527327228754953
014,East Asia,10,target_only,PLSR,13,-1.5696230391257093,7.9505210120967975,0.10001595135038957
014,East Asia,10,target_only,Ridge,13,-0.18598837345347974,0.8108064936681441,0.9807258932506565
014,East Asia,10,target_only,MLP,13,-3.8811759002554123,5.793273679207135,0.1372589949634403
014,East Asia,10,target_only,PLSR,14,-0.3992106907736883,0.9096790008742972,0.8741313386281016
014,East Asia,10,target_only,Ridge,14,-0.10108662867163631,0.8317742172304354,0.9560033315336899
014,East Asia,10,target_only,MLP,14,-2.2507796627085326,2.053715604431833,0.38719037876527806
014,East Asia,10,target_only,PLSR,15,-2.481611414124162,3.770180988821557,0.2109126657616169
014,East Asia,10,target_only,Ridge,15,-1.2655230647293942,2.032298161184574,0.3912707977320779
014,East Asia,10,target_only,MLP,15,-5.855903337688441,5.08370818751322,0.15641710606231676
014,East Asia,10,target_only,PLSR,16,0.18829854542525604,0.7327207988376733,1.0852413689054936
014,East Asia,10,target_only,Ridge,16,0.24771000325198667,0.6681344486851352,1.19014806723558
014,East Asia,10,target_only,MLP,16,-0.9239193905415406,1.4317229098013642,0.5554000130279718
014,East Asia,10,target_only,PLSR,17,-0.3324745624575107,1.273002341126034,0.6246484370584487
014,East Asia,10,target_only,Ridge,17,0.26878330450217625,0.9244507789129252,0.8601636137850255
014,East Asia,10,target_only,MLP,17,-0.7090938159969589,4.439663896135879,0.17910791027406783
014,East Asia,10,target_only,PLSR,18,-1.0687846744777296,15.946229990961813,0.04986626451561429
014,East Asia,10,target_only,Ridge,18,-0.1064969657808712,1.366252460474756,0.5820146318198091
014,East Asia,10,target_only,MLP,18,-2.1113194729218265,11.662753654029382,0.0681810613809369
014,East Asia,10,target_only,PLSR,19,-0.7080846092366875,5.232054990225006,0.1519821416712454
014,East Asia,10,target_only,Ridge,19,-0.18963198709208418,2.484155889946103,0.32010025054159374
014,East Asia,10,target_only,MLP,19,-0.9944504011729565,1.1571010465165963,0.6872164925872082
014,East Asia,10,target_only,PLSR,20,-0.6050237668032987,7.62436557373756,0.10429443801791848
014,East Asia,10,target_only,Ridge,20,-0.14872342688037388,3.1210339090662202,0.2547806098633617
014,East Asia,10,target_only,MLP,20,-1.7039332332651234,35.08798220248667,0.022662429494157955
014,East Asia,10,target_only,PLSR,21,0.36182773441435534,0.7275962551242569,1.0928848480952185
014,East Asia,10,target_only,Ridge,21,0.42343005896094565,0.6311778885890693,1.259833300773037
014,East Asia,10,target_only,MLP,21,-0.15901780362299056,2.348487518634244,0.3385919305283587
014,East Asia,10,target_only,PLSR,22,-0.20778299216842466,1.0141609730961905,0.7840756485910474
014,East Asia,10,target_only,Ridge,22,0.02749717796629514,0.8272955040880429,0.961178827670141
014,East Asia,10,target_only,MLP,22,-0.4635330025903692,1.0275961363016717,0.7738243602374566
014,East Asia,10,target_only,PLSR,23,-0.8907767003850264,3.37776925359195,0.2354154067541834
014,East Asia,10,target_only,Ridge,23,-0.4084980249590693,1.6446300597753245,0.4835001756350933
014,East Asia,10,target_only,MLP,23,-0.3940142566991467,1.4787705735091385,0.5377297445601417
014,East Asia,10,target_only,PLSR,24,-0.009926384645849273,1.461065179230924,0.5442460295814386
014,East Asia,10,target_only,Ridge,24,0.2473069622587083,0.7387148965951309,1.0764354779106868
014,East Asia,10,target_only,MLP,24,-1.6245880663436307,0.8159442357468908,0.9745505733345129
014,East Asia,10,target_only,PLSR,25,-0.4804896828693175,1.2954722592524075,0.6138139331636526
014,East Asia,10,target_only,Ridge,25,0.29309513908467166,0.5849571021549003,1.359379892690926
014,East Asia,10,target_only,MLP,25,-2.1040916669919887,0.8773131991073474,0.9063797553316257
014,East Asia,10,target_only,PLSR,26,-0.934621920479598,1.0364997571192527,0.7671771433561807
014,East Asia,10,target_only,Ridge,26,-0.36667749263538885,0.819153522863244,0.9707324702415725
014,East Asia,10,target_only,MLP,26,-2.34839045406987,1.140985517497775,0.69692288864453
014,East Asia,10,target_only,PLSR,27,-0.5385579017990336,4.738480699506742,0.1678130551083385
014,East Asia,10,target_only,Ridge,27,-0.2541073088224508,2.3937098206943928,0.33219520423133386
014,East Asia,10,target_only,MLP,27,-0.6315696900864747,5.111856060747563,0.15555581246938233
014,East Asia,10,target_only,PLSR,28,-0.005743437493671788,0.91260736809464,0.8713264329832378
014,East Asia,10,target_only,Ridge,28,0.38237564900039234,0.6027045004717829,1.3193512278963837
014,East Asia,10,target_only,MLP,28,-1.6974550484752866,2.1348226144717684,0.37248009149129196
014,East Asia,10,target_only,PLSR,29,0.1343440651926162,0.6699328870101152,1.1869531085493898
014,East Asia,10,target_only,Ridge,29,0.15735870781857908,0.6193182599590504,1.283958465569384
014,East Asia,10,target_only,MLP,29,-1.4796602709288278,5.551274034296673,0.14324259941832787
014,East Asia,25,target_only,PLSR,0,0.39967972267114216,0.6094783172560444,1.304687796501324
014,East Asia,25,target_only,Ridge,0,0.4516506810857551,0.5465076359130578,1.4550188698234874
014,East Asia,25,target_only,MLP,0,-0.535337701209748,2.219367527405852,0.3582907801149919
014,East Asia,25,pooled,PLSR,0,0.4941400025128987,0.4823898243327619,1.648415622895879
014,East Asia,25,pooled,Ridge,0,0.5857353871954003,0.47444565448275244,1.676016874099182
014,East Asia,25,pooled,MLP,0,0.6174010422615295,0.5909187678133269,1.345665370722026
014,East Asia,25,target_only,PLSR,1,0.226980062546412,0.8353094835934669,0.9519572546157341
014,East Asia,25,target_only,Ridge,1,0.4999186468625547,0.6042098656902085,1.3160641159802393
014,East Asia,25,target_only,MLP,1,-0.062373978759729054,1.4625250924300988,0.5437027555095633
014,East Asia,25,pooled,PLSR,1,0.4956869949118047,0.48222630479660006,1.6489745889982603
014,East Asia,25,pooled,Ridge,1,0.5875196304825421,0.4763165723503241,1.6694336685209443
014,East Asia,25,pooled,MLP,1,0.6054770348452461,0.5454683648222715,1.4577910911757723
014,East Asia,25,target_only,PLSR,2,-0.48428857281396276,4.087818311318271,0.19452403756655415
014,East Asia,25,target_only,Ridge,2,0.5043851331670771,0.492398154434307,1.6149104451247727
014,East Asia,25,target_only,MLP,2,0.05152832269546481,0.6870134680454523,1.1574429901911543
014,East Asia,25,pooled,PLSR,2,0.5000158247356948,0.48316889348227626,1.6457576915292298
014,East Asia,25,pooled,Ridge,2,0.5881257883638795,0.47602035728380543,1.6704725135988967
014,East Asia,25,pooled,MLP,2,0.5709398334928412,0.5098285136330385,1.5596988036029558
014,East Asia,25,target_only,PLSR,3,-0.7800333517701261,8.205185748928582,0.0969117515541871
014,East Asia,25,target_only,Ridge,3,0.06297193149773905,2.689753721451889,0.2956326136531554
014,East Asia,25,target_only,MLP,3,0.014848011753466728,1.0775150990119693,0.7379747378809495
014,East Asia,25,pooled,PLSR,3,0.4942823602074139,0.48278026322910755,1.6470824996811526
014,East Asia,25,pooled,Ridge,3,0.5858675516492278,0.47633380200128933,1.6693732828013137
014,East Asia,25,pooled,MLP,3,0.6315834674835195,0.5593909967550428,1.4215082605348617
014,East Asia,25,target_only,PLSR,4,-0.8085879380346652,19.799695934469472,0.04016116840318689
014,East Asia,25,target_only,Ridge,4,0.29606958110742,0.6603102369412966,1.2042504844988748
014,East Asia,25,target_only,MLP,4,0.01821504495661963,0.7624180173400545,1.0429697418882702
014,East Asia,25,pooled,PLSR,4,0.4982469850692959,0.48361466910532963,1.6442407014393852
014,East Asia,25,pooled,Ridge,4,0.5890618304351427,0.4761968026058361,1.6698535529948095
014,East Asia,25,pooled,MLP,4,0.6223246593307303,0.508466383040889,1.5638770807236986
014,East Asia,25,target_only,PLSR,5,-0.9453671459622806,2.3607358537728125,0.3368351954689498
014,East Asia,25,target_only,Ridge,5,0.0965784712690454,0.640744969600677,1.241022498002118
014,East Asia,25,target_only,MLP,5,0.15715210327331364,0.8727017801299577,0.9111691311523507
014,East Asia,25,pooled,PLSR,5,0.4961133115073739,0.48207149397469945,1.6495041351643511
014,East Asia,25,pooled,Ridge,5,0.5876281925175314,0.4749030143966896,1.6744027699346318
014,East Asia,25,pooled,MLP,5,0.60200610649159,0.5135147725328426,1.5485025266829426
014,East Asia,25,target_only,PLSR,6,-0.9993490343317173,1.2986197871428047,0.612326202502781
014,East Asia,25,target_only,Ridge,6,0.4303421531083854,1.019735331292602,0.779789518274478
014,East Asia,25,target_only,MLP,6,-1.110535376273479,1.5519949963693034,0.5123592051626096
014,East Asia,25,pooled,PLSR,6,0.49798586362973896,0.48229293769468756,1.6487467690424824
014,East Asia,25,pooled,Ridge,6,0.5887029886918143,0.47482386638903784,1.6746818747830352
014,East Asia,25,pooled,MLP,6,0.6105729241455038,0.48488979062643106,1.6399168184770987
014,East Asia,25,target_only,PLSR,7,-0.5275875794621041,4.03301015594846,0.19716759740445475
014,East Asia,25,target_only,Ridge,7,0.5101788369791955,0.5344414055570079,1.4878692303553247
014,East Asia,25,target_only,MLP,7,0.12990218688312927,1.9260585635384855,0.4128529307516222
014,East Asia,25,pooled,PLSR,7,0.4973242001910304,0.4835698307540025,1.6443931614101044
014,East Asia,25,pooled,Ridge,7,0.5879701616443789,0.4757864554720461,1.6712937361093974
014,East Asia,25,pooled,MLP,7,0.6483950073447404,0.6007323171402191,1.3236826121517244
014,East Asia,25,target_only,PLSR,8,-0.3038330156409361,2.6961702456748022,0.294929047611793
014,East Asia,25,target_only,Ridge,8,0.4805100215336108,0.6977829331780206,1.1395792085864254
014,East Asia,25,target_only,MLP,8,0.28251908779692225,0.701629585701313,1.1333315170301765
014,East Asia,25,pooled,PLSR,8,0.4970795475651849,0.48224149404002015,1.6489226509615393
014,East Asia,25,pooled,Ridge,8,0.5871683157439234,0.47506210216406763,1.673842049563238
014,East Asia,25,pooled,MLP,8,0.6121104617770956,0.540889360184126,1.4701323066984229
014,East Asia,25,target_only,PLSR,9,0.05805989513530596,2.435429043626072,0.3265046562687755
014,East Asia,25,target_only,Ridge,9,0.2172122491781745,0.7526262382353294,1.0565389330839257
014,East Asia,25,target_only,MLP,9,0.09346350533759207,0.7914991038045793,1.00464917639686
014,East Asia,25,pooled,PLSR,9,0.4976977784561666,0.48296296195219984,1.6464594293978683
014,East Asia,25,pooled,Ridge,9,0.5885970864238863,0.4765263520807473,1.6686987388713823
014,East Asia,25,pooled,MLP,9,0.621601659184458,0.5362853465607379,1.482753403306096
014,East Asia,25,target_only,PLSR,10,0.030694565888295,0.8162302641978249,0.9742090653029261
014,East Asia,25,target_only,Ridge,10,0.43812458924532693,0.6247529032380674,1.2727894798643515
014,East Asia,25,target_only,MLP,10,0.20707219498176332,0.7164738281669191,1.1098506204903107
014,East Asia,25,target_only,PLSR,11,0.26496131923519295,1.4815181654077945,0.5367324824783682
014,East Asia,25,target_only,Ridge,11,0.33412658581890364,0.6261313508591095,1.2699873942824698
014,East Asia,25,target_only,MLP,11,-0.20984748814804255,1.3470606802564682,0.5903066835895829
014,East Asia,25,target_only,PLSR,12,0.25242069590697813,2.2464092475878794,0.3539777641184305
014,East Asia,25,target_only,Ridge,12,0.48159495093646787,0.5964039118361131,1.3332892473962041
014,East Asia,25,target_only,MLP,12,0.06443096830404982,1.0124393185682263,0.7854089703673809
014,East Asia,25,target_only,PLSR,13,-0.003433195802237332,0.7983006283326947,0.9960895614186209
014,East Asia,25,target_only,Ridge,13,0.2833483667953349,0.6502095056696495,1.2229580094144734
014,East Asia,25,target_only,MLP,13,0.23242603266020767,0.7235160659479307,1.0990480518415329
014,East Asia,25,target_only,PLSR,14,-3.1294207233452687,7.819043318748993,0.10169772571145544
014,East Asia,25,target_only,Ridge,14,0.3000910725809929,0.686714443078575,1.1579469905879607
014,East Asia,25,target_only,MLP,14,0.16046457116734547,0.6914398374198484,1.1500334226089488
014,East Asia,25,target_only,PLSR,15,0.2500397399295189,0.7049025381810146,1.1280693141041385
014,East Asia,25,target_only,Ridge,15,0.5009444962024008,0.5155377879962677,1.5424260670526835
014,East Asia,25,target_only,MLP,15,0.37018744588774966,0.9399031250110139,0.8460222139880695
014,East Asia,25,target_only,PLSR,16,-0.026484700032848973,6.745623289264452,0.1178807188983763
014,East Asia,25,target_only,Ridge,16,0.00411862424970888,0.7757385079181576,1.0250605257306844
014,East Asia,25,target_only,MLP,16,-0.11232815448409594,1.2583087203588021,0.6319426305250281
014,East Asia,25,target_only,PLSR,17,0.11961141795537089,4.243715594350679,0.18737799578621192
014,East Asia,25,target_only,Ridge,17,0.4490599496099962,0.5380524696998976,1.4778836034330254
014,East Asia,25,target_only,MLP,17,0.14953053296110386,0.8908887248598789,0.8925681744161607
014,East Asia,25,target_only,PLSR,18,0.3507804124146434,0.7900546395403544,1.0064859858537762
014,East Asia,25,target_only,Ridge,18,0.5449033933066046,0.42094714226280516,1.889023211991966
014,East Asia,25,target_only,MLP,18,-0.20097277394476154,1.8084751927059535,0.4396957867950221
014,East Asia,25,target_only,PLSR,19,-0.2240159805564672,1.9142642852629632,0.41539662463424654
014,East Asia,25,target_only,Ridge,19,0.32253620184492804,0.7630141825211623,1.0421548392831728
014,East Asia,25,target_only,MLP,19,-0.27971957363423283,1.034593803711061,0.7685904554075593
014,East Asia,25,target_only,PLSR,20,-0.33440652298134577,2.3942662010943554,0.3321180085959816
014,East Asia,25,target_only,Ridge,20,0.5188950464038335,0.9333459086559462,0.851965938224566
014,East Asia,25,target_only,MLP,20,-0.7288069353775011,1.059264628095386,0.7506895837595344
014,East Asia,25,target_only,PLSR,21,0.42743113368433394,0.536263475323605,1.4828138766606795
014,East Asia,25,target_only,Ridge,21,0.37772581562964624,0.6161066491122945,1.2906514219605352
014,East Asia,25,target_only,MLP,21,0.025666967252814588,1.1370098570565952,0.699359744175501
014,East Asia,25,target_only,PLSR,22,-0.24402143868286585,8.16938748154861,0.0973364189851584
014,East Asia,25,target_only,Ridge,22,0.5512395569449638,0.48000459025851006,1.6566069135461263
014,East Asia,25,target_only,MLP,22,-0.18976167531293342,0.7198232004150954,1.104686431748203
014,East Asia,25,target_only,PLSR,23,0.1009481199293838,0.8302776041557558,0.957726570939702
014,East Asia,25,target_only,Ridge,23,0.5344763838952702,0.5795996565956042,1.3719451240305551
014,East Asia,25,target_only,MLP,23,0.29960869965882875,0.7732122286181989,1.028409656915516
014,East Asia,25,target_only,PLSR,24,-0.11816461257725219,1.305426461678253,0.6091334487994393
014,East Asia,25,target_only,Ridge,24,0.38440267366390635,0.6331482390466525,1.2559127131956405
014,East Asia,25,target_only,MLP,24,0.20335769983984753,0.666346824610291,1.1933409050477264
014,East Asia,25,target_only,PLSR,25,-0.07600852504374589,1.0141992127258184,0.7840460855998459
014,East Asia,25,target_only,Ridge,25,0.3635736182546081,0.5385423103479138,1.4765393683597765
014,East Asia,25,target_only,MLP,25,-0.5290121342673089,1.3349632034744037,0.5956560605465182
014,East Asia,25,target_only,PLSR,26,-0.3024661608458634,0.9021565809754736,0.8814200766526818
014,East Asia,25,target_only,Ridge,26,0.21394257239828318,0.6215114784131259,1.27942757354444
014,East Asia,25,target_only,MLP,26,-0.005379292682616832,1.2569561239426836,0.6326226569165297
014,East Asia,25,target_only,PLSR,27,-0.8315471822633262,3.7589174854937513,0.2115446603509768
014,East Asia,25,target_only,Ridge,27,0.1862914458154752,0.8092612490119386,0.9825985412337376
014,East Asia,25,target_only,MLP,27,-0.03520756985539286,1.2916430518746316,0.6156336470838728
014,East Asia,25,target_only,PLSR,28,0.33475990790927423,1.0626541458393945,0.7482951305177551
014,East Asia,25,target_only,Ridge,28,0.5885701071946544,0.48007095436438463,1.6563779073219345
014,East Asia,25,target_only,MLP,28,-0.2255693595057644,1.0944752088729568,0.7265389990650991
014,East Asia,25,target_only,PLSR,29,-0.5403328135304719,2.529110106469245,0.3144105591615503
014,East Asia,25,target_only,Ridge,29,0.4378901567592772,0.5431154699756754,1.4641065606025494
014,East Asia,25,target_only,MLP,29,-0.07920657139666143,0.847615737734986,0.9381361003053279
014,East Asia,50,target_only,PLSR,0,0.3656764813791489,2.080602246971482,0.3821868999293753
014,East Asia,50,target_only,Ridge,0,0.5918619963247868,0.48716118253776214,1.63227069655634
014,East Asia,50,target_only,MLP,0,0.4430230041547587,0.7340399100473306,1.083291128822751
014,East Asia,50,pooled,PLSR,0,0.5041434339897517,0.4835188975561002,1.6445663794637164
014,East Asia,50,pooled,Ridge,0,0.5926449293194056,0.47629077740557274,1.6695240816704076
014,East Asia,50,pooled,MLP,0,0.6413703706719309,0.45969357766638586,1.729802114688689
014,East Asia,50,target_only,PLSR,1,0.606256257339844,1.60269309850271,0.4961517108291078
014,East Asia,50,target_only,Ridge,1,0.6867505486070684,0.461821341799907,1.7218323424746573
014,East Asia,50,target_only,MLP,1,0.44214632075918314,0.7099754670211385,1.1200090139627994
014,East Asia,50,pooled,PLSR,1,0.509338966564003,0.4832833275142873,1.6453680015117331
014,East Asia,50,pooled,Ridge,1,0.5974308724101933,0.47430402430755575,1.6765173433158576
014,East Asia,50,pooled,MLP,1,0.5865814475519608,0.4905253976761321,1.6210759453502095
014,East Asia,50,target_only,PLSR,2,0.12568613500602666,6.419091240241026,0.1238771802729923
014,East Asia,50,target_only,Ridge,2,0.5552270232875673,0.8153290842356252,0.9752858546700898
014,East Asia,50,target_only,MLP,2,0.3309311080155418,1.2897640023259564,0.6165305601040967
014,East Asia,50,pooled,PLSR,2,0.5081916346891189,0.4844381807029922,1.6414456053034463
014,East Asia,50,pooled,Ridge,2,0.5944984972964877,0.4748366958541802,1.6746366270738235
014,East Asia,50,pooled,MLP,2,0.6444158370713108,0.45260275552959506,1.7569025222254258
014,East Asia,50,target_only,PLSR,3,0.1755568660109914,1.148778509520423,0.6921951587413349
014,East Asia,50,target_only,Ridge,3,0.6383216078429775,0.4043493541804537,1.9665640974444332
014,East Asia,50,target_only,MLP,3,0.39430525865016686,0.6350260560444073,1.252198890403509
014,East Asia,50,pooled,PLSR,3,0.49929471059406727,0.4810352540762265,1.6530574755548302
014,East Asia,50,pooled,Ridge,3,0.5896402191421304,0.4741155056309108,1.6771839632158199
014,East Asia,50,pooled,MLP,3,0.655546677537642,0.4806088029026199,1.6545242574702508
014,East Asia,50,target_only,PLSR,4,0.6175842993948887,0.7548517252397188,1.0534239986052862
014,East Asia,50,target_only,Ridge,4,0.6324084114924399,0.4865940308340413,1.634173196479939
014,East Asia,50,target_only,MLP,4,0.3451897661704002,0.9494153637806434,0.8375458762218267
014,East Asia,50,pooled,PLSR,4,0.5036269261233877,0.48338903015627466,1.6450082090175904
014,East Asia,50,pooled,Ridge,4,0.5909217473973447,0.47526506662213897,1.673127226471145
014,East Asia,50,pooled,MLP,4,0.5656667041678978,0.5492605676632366,1.4477262151534325
014,East Asia,50,target_only,PLSR,5,0.4762325290413858,2.9419144547476606,0.2702930132699351
014,East Asia,50,target_only,Ridge,5,0.5893817513214041,0.5666930523568285,1.4031915857253612
014,East Asia,50,target_only,MLP,5,0.3926762030253862,1.4555570194252208,0.5463055807117254
014,East Asia,50,pooled,PLSR,5,0.5016492659689706,0.48389478736123864,1.6432888791639408
014,East Asia,50,pooled,Ridge,5,0.5905768139928367,0.4770431474343419,1.6668909867646056
014,East Asia,50,pooled,MLP,5,0.563352530749621,0.512981946947332,1.5501109298058096
014,East Asia,50,target_only,PLSR,6,0.4268786834563355,0.6825904374043446,1.164942957273052
014,East Asia,50,target_only,Ridge,6,0.5284193439965561,0.5199179404184179,1.529431590908715
014,East Asia,50,target_only,MLP,6,0.2769575169280343,0.6864732752032621,1.158353793919616
014,East Asia,50,pooled,PLSR,6,0.5031067673568212,0.4841349030128879,1.6424738596774033
014,East Asia,50,pooled,Ridge,6,0.5920794839963285,0.4758819523303856,1.6709583518814826
014,East Asia,50,pooled,MLP,6,0.62961683579205,0.42374822930115846,1.8765362726530441
014,East Asia,50,target_only,PLSR,7,0.43377418499975384,0.7609822575696408,1.044937532835124
014,East Asia,50,target_only,Ridge,7,0.6101849114252617,0.5104927348571879,1.5576694210517557
014,East Asia,50,target_only,MLP,7,0.3815544162009771,0.634370109491196,1.2534936795712301
014,East Asia,50,pooled,PLSR,7,0.5015682647043334,0.483212108363151,1.6456105072568221
014,East Asia,50,pooled,Ridge,7,0.5913096260575481,0.47577138367977323,1.6713466804286263
014,East Asia,50,pooled,MLP,7,0.589313262332547,0.5142947744450351,1.5461540001338425
014,East Asia,50,target_only,PLSR,8,0.5910480897805699,0.5772742424272942,1.3774716838440502
014,East Asia,50,target_only,Ridge,8,0.573472041687124,0.4151023955148663,1.9156211367314193
014,East Asia,50,target_only,MLP,8,0.2988504577281088,0.7114548020714617,1.1176801680737718
014,East Asia,50,pooled,PLSR,8,0.501424875252573,0.48101573415319354,1.6531245576737732
014,East Asia,50,pooled,Ridge,8,0.590212680109552,0.47491391701463054,1.674364330602732
014,East Asia,50,pooled,MLP,8,0.6573069694267342,0.49819063764890636,1.5961338143743193
014,East Asia,50,target_only,PLSR,9,0.6527540401595695,1.8671022249554856,0.42588933381785327
014,East Asia,50,target_only,Ridge,9,0.6490912936419424,0.42650433902776286,1.8644099250403219
014,East Asia,50,target_only,MLP,9,0.4349381017241962,1.4052621488738946,0.5658580666912143
014,East Asia,50,pooled,PLSR,9,0.5026612298216648,0.48316554828787,1.6457690859248844
014,East Asia,50,pooled,Ridge,9,0.5917102407686674,0.4760993367613887,1.670195401164045
014,East Asia,50,pooled,MLP,9,0.6867264683546,0.5241794496736458,1.5169975153570057
014,East Asia,50,target_only,PLSR,10,0.5145485328538787,0.58002450382072,1.3709402232459915
014,East Asia,50,target_only,Ridge,10,0.5523027425110825,0.5217336750247882,1.5241088716735478
014,East Asia,50,target_only,MLP,10,0.3621922180406745,0.5329903978390719,1.4919197906379829
014,East Asia,50,target_only,PLSR,11,0.32866878933036336,1.058935391322044,0.7509229829058505
014,East Asia,50,target_only,Ridge,11,0.49851963596815996,0.4737439492135673,1.6784993751923378
014,East Asia,50,target_only,MLP,11,0.35304745212155364,0.6609391591943924,1.2031045697539748
014,East Asia,50,target_only,PLSR,12,0.2464599376411971,1.5407601519665874,0.5160952025798285
014,East Asia,50,target_only,Ridge,12,0.41727079150427815,0.6488989127945539,1.2254280398338142
014,East Asia,50,target_only,MLP,12,0.19385663909612183,1.1533837931552156,0.6894313302086714
014,East Asia,50,target_only,PLSR,13,-0.048476491310954994,1.9291604951049783,0.4121890971610698
014,East Asia,50,target_only,Ridge,13,0.388506626720717,0.6857075850353882,1.1596472608875772
014,East Asia,50,target_only,MLP,13,0.3055879463708704,1.1158287843187895,0.7126352482845995
014,East Asia,50,target_only,PLSR,14,0.1476800361550995,1.715737768711873,0.4634618047448597
014,East Asia,50,target_only,Ridge,14,0.4372135076405428,0.5652370073372395,1.406806193568449
014,East Asia,50,target_only,MLP,14,0.32210744022327176,0.7945402780774752,1.0008037914455306
014,East Asia,50,target_only,PLSR,15,0.416497338692851,0.8261762698585544,0.9624809520276612
014,East Asia,50,target_only,Ridge,15,0.6156596481180183,0.528734572841176,1.5039283670882315
014,East Asia,50,target_only,MLP,15,0.4263979906911791,0.632754675990225,1.2566938703561752
014,East Asia,50,target_only,PLSR,16,0.6682644044592472,0.550013312009878,1.4457448672475808
014,East Asia,50,target_only,Ridge,16,0.5938077110713207,0.4920216320540469,1.6161462646194702
014,East Asia,50,target_only,MLP,16,0.18446129826045776,0.7253505766554932,1.096268409163746
014,East Asia,50,target_only,PLSR,17,0.10703927762165422,2.1616122058467604,0.3678638197014764
014,East Asia,50,target_only,Ridge,17,0.4535441107664079,0.5772121708025878,1.3776198129198531
014,East Asia,50,target_only,MLP,17,0.07987461580658939,1.5771758260428785,0.504178994900791
014,East Asia,50,target_only,PLSR,18,0.43791065607784396,0.9172088820589294,0.8669551051131603
014,East Asia,50,target_only,Ridge,18,0.5647403140247634,0.4234519415498989,1.8778492781155915
014,East Asia,50,target_only,MLP,18,0.27671693423119703,0.688107507405845,1.155602742591686
014,East Asia,50,target_only,PLSR,19,0.49851495712908944,2.4728430549360016,0.32156465456587696
014,East Asia,50,target_only,Ridge,19,0.6534005525015765,0.45516594900800456,1.7470088096202014
014,East Asia,50,target_only,MLP,19,0.5011212905081641,1.2444421411087208,0.6389842456216311
014,East Asia,50,target_only,PLSR,20,0.5794466052388059,1.1793964976072533,0.6742252706103279
014,East Asia,50,target_only,Ridge,20,0.6433966363340156,0.4479449131521377,1.7751712306777616
014,East Asia,50,target_only,MLP,20,0.47715380430526877,0.6508027947969401,1.2218431283845832
014,East Asia,50,target_only,PLSR,21,0.5328224894917478,0.5575380284305712,1.4262326194941246
014,East Asia,50,target_only,Ridge,21,0.6117276975467136,0.3995909313973837,1.9899824051946182
014,East Asia,50,target_only,MLP,21,0.03344608834670926,0.7957745432141075,0.9992515210959395
014,East Asia,50,target_only,PLSR,22,0.36255533281989694,0.906402844883297,0.8772908505803574
014,East Asia,50,target_only,Ridge,22,0.5797578588408359,0.5415094585528514,1.4684488150607509
014,East Asia,50,target_only,MLP,22,0.48610114198882326,0.7326993376880748,1.0852731561969111
014,East Asia,50,target_only,PLSR,23,0.44234928300871224,0.5344194355324308,1.4879303967751536
014,East Asia,50,target_only,Ridge,23,0.4900387890603545,0.5197202695745056,1.5300132962047748
014,East Asia,50,target_only,MLP,23,0.4021279271151459,0.6604072739854353,1.2040735377691498
014,East Asia,50,target_only,PLSR,24,0.08922951686416314,4.285703417547887,0.1855422191606282
014,East Asia,50,target_only,Ridge,24,0.5421764740636408,0.90028079821885,0.8832565620963324
014,East Asia,50,target_only,MLP,24,0.288872256489872,2.466971010383478,0.32233006363237193
014,East Asia,50,target_only,PLSR,25,0.5558909378930943,1.3593096662353399,0.5849873229831447
014,East Asia,50,target_only,Ridge,25,0.655745671742147,0.47108988311829497,1.6879558471784177
014,East Asia,50,target_only,MLP,25,0.47831741080489165,0.6551703733801509,1.2136979250964008
014,East Asia,50,target_only,PLSR,26,0.5119467831770238,2.094990802339792,0.37956201137877416
014,East Asia,50,target_only,Ridge,26,0.596434727468965,0.7788991941384644,1.0209009442302297
014,East Asia,50,target_only,MLP,26,0.20243833244400944,0.5978308245597683,1.33010693006952
014,East Asia,50,target_only,PLSR,27,0.31227641441210774,1.567837843717322,0.5071818657411439
014,East Asia,50,target_only,Ridge,27,0.5179290737529167,0.5376267495538849,1.4790538666760007
014,East Asia,50,target_only,MLP,27,0.3182558100335062,1.0200603902124659,0.7795410255960409
014,East Asia,50,target_only,PLSR,28,-0.08870192509209396,8.721845715862077,0.09117094576781641
014,East Asia,50,target_only,Ridge,28,0.508248599316641,0.8547953440665568,0.9302564973894014
014,East Asia,50,target_only,MLP,28,0.33608753184702955,1.728254752672708,0.46010515609831054
014,East Asia,50,target_only,PLSR,29,0.5389783325008175,0.7455926180267118,1.0665058954857236
014,East Asia,50,target_only,Ridge,29,0.5562982923817665,0.5800445012754101,1.3708929590879193
014,East Asia,50,target_only,MLP,29,0.5808578156574231,1.1484558060179084,0.6923896579993638
014,East Asia,100,target_only,PLSR,0,0.7079227686102045,0.6276357438783521,1.2669433353850612
014,East Asia,100,target_only,Ridge,0,0.6560958477274,0.4487240046012904,1.7720891117975117
014,East Asia,100,target_only,MLP,0,0.5185129255035615,0.53695588867564,1.480901764048757
014,East Asia,100,pooled,PLSR,0,0.5048904934673731,0.48354010758556293,1.6444942421149948
014,East Asia,100,pooled,Ridge,0,0.5927099083257064,0.4753915944869888,1.6726819152413241
014,East Asia,100,pooled,MLP,0,0.6961822071315205,0.4325745996251501,1.8382469138159985
014,East Asia,100,target_only,PLSR,1,0.7445834756688116,0.5000723681289214,1.5901276963799804
014,East Asia,100,target_only,Ridge,1,0.6843618124700245,0.44093242187520154,1.803403159546261
014,East Asia,100,target_only,MLP,1,0.7340692305621592,0.7492847350110429,1.0612506642677086
014,East Asia,100,pooled,PLSR,1,0.513201208002817,0.48152827865029985,1.6513649519919595
014,East Asia,100,pooled,Ridge,1,0.598805804156507,0.4731561766232611,1.680584470926742
014,East Asia,100,pooled,MLP,1,0.7478674133342051,0.43212794145440464,1.8401469714728584
014,East Asia,100,target_only,PLSR,2,0.7297149438441097,0.5286320641344001,1.5042199985696592
014,East Asia,100,target_only,Ridge,2,0.7163015748138034,0.4332041611689207,1.835575449253491
014,East Asia,100,target_only,MLP,2,0.6061918087407541,0.617088261976953,1.2885983606439457
014,East Asia,100,pooled,PLSR,2,0.5100202069740793,0.4811808038026588,1.6525574513197767
014,East Asia,100,pooled,Ridge,2,0.596822426676648,0.4742053427471198,1.6768662245548964
014,East Asia,100,pooled,MLP,2,0.6823663788560307,0.4057110244602045,1.9599638038283602
014,East Asia,100,target_only,PLSR,3,0.7350791250859672,0.7433946819551547,1.0696591488450984
014,East Asia,100,target_only,Ridge,3,0.7191610648260733,0.47053420992518186,1.6899492236336273
014,East Asia,100,target_only,MLP,3,0.6849323152585747,0.4546678205074152,1.7489228110946873
014,East Asia,100,pooled,PLSR,3,0.5167309922859824,0.4833710309763495,1.6450694638235988
014,East Asia,100,pooled,Ridge,3,0.6024415509491887,0.47314826112473035,1.6806125861392522
014,East Asia,100,pooled,MLP,3,0.7963012384866253,0.4508296938690017,1.7638122190486853
014,East Asia,100,target_only,PLSR,4,0.7651672641616045,0.5936907898321884,1.3393822784094178
014,East Asia,100,target_only,Ridge,4,0.7237080649087271,0.447080499295087,1.7786034595780493
014,East Asia,100,target_only,MLP,4,0.7063570382815221,0.6174679108356182,1.287806068626318
014,East Asia,100,pooled,PLSR,4,0.5221833911400199,0.4852058447449754,1.6388486069743657
014,East Asia,100,pooled,Ridge,4,0.6061985886782608,0.47662387956190577,1.6683572872744459
014,East Asia,100,pooled,MLP,4,0.7582344701864474,0.43580761164803317,1.8246099918932246
014,East Asia,100,target_only,PLSR,5,0.6974097698507375,1.7777800834368631,0.44728756394821184
014,East Asia,100,target_only,Ridge,5,0.6832767025105909,0.7670768664313387,1.0366352546329856
014,East Asia,100,target_only,MLP,5,0.7110323256236353,1.0963531978048215,0.7252944802352692
014,East Asia,100,pooled,PLSR,5,0.5088210000627471,0.48164965801945636,1.6509487954915185
014,East Asia,100,pooled,Ridge,5,0.5966304369312566,0.47542889860664495,1.6725506696933659
014,East Asia,100,pooled,MLP,5,0.6970475874808717,0.4874962219471637,1.6311488929698972
014,East Asia,100,target_only,PLSR,6,0.7129491402198276,0.5784226796384438,1.3747367638716517
014,East Asia,100,target_only,Ridge,6,0.7269113417855784,0.4242300026152555,1.8744051996654523
014,East Asia,100,target_only,MLP,6,0.699654116154859,0.4674587559284481,1.7010675544557303
014,East Asia,100,pooled,PLSR,6,0.5198715155001244,0.4843404198686064,1.6417769199850023
014,East Asia,100,pooled,Ridge,6,0.6039558538010334,0.4766106571394165,1.6684035718561792
014,East Asia,100,pooled,MLP,6,0.7096510658602468,0.41401632943193245,1.9206462794527457
014,East Asia,100,target_only,PLSR,7,0.723210445161308,1.021840967933483,0.7781826602276977
014,East Asia,100,target_only,Ridge,7,0.711071533740246,0.5668173713274921,1.4028838263968624
014,East Asia,100,target_only,MLP,7,0.7110766761477886,0.4307728516433731,1.8459355544866918
014,East Asia,100,pooled,PLSR,7,0.5146983241632244,0.48253586262105586,1.6479167339746346
014,East Asia,100,pooled,Ridge,7,0.6014990938940248,0.4765795628616482,1.6685124263017652
014,East Asia,100,pooled,MLP,7,0.7484300203173309,0.4631428972337275,1.7169191787363893
014,East Asia,100,target_only,PLSR,8,0.7335701657821415,0.8751845250325223,0.9085843042375253
014,East Asia,100,target_only,Ridge,8,0.7089070362208982,0.45770476293774326,1.737318435692755
014,East Asia,100,target_only,MLP,8,0.6835712509170201,0.5430065697928539,1.464400187753655
014,East Asia,100,pooled,PLSR,8,0.5079037553693078,0.48279358286290597,1.647037058862322
014,East Asia,100,pooled,Ridge,8,0.5953238889022883,0.47455039455508413,1.6756469531579365
014,East Asia,100,pooled,MLP,8,0.7341159468877749,0.49900945711791617,1.5935147348684862
014,East Asia,100,target_only,PLSR,9,0.7017632731148786,1.024212231648368,0.7763810059916603
014,East Asia,100,target_only,Ridge,9,0.7163657089747879,0.4457099574750432,1.7840726001744038
014,East Asia,100,target_only,MLP,9,0.5707278913457334,0.8448728605147062,0.9411817563552595
014,East Asia,100,pooled,PLSR,9,0.5034623028881462,0.4804009380920023,1.655240154014515
014,East Asia,100,pooled,Ridge,9,0.591953139680669,0.4734039812362424,1.679704764373973
014,East Asia,100,pooled,MLP,9,0.6980018544695535,0.4739072144427004,1.6779211173040025
014,East Asia,100,target_only,PLSR,10,0.6626342254981109,0.7819840007947202,1.0168736469646353
014,East Asia,100,target_only,Ridge,10,0.646564867866559,0.4775607713745908,1.6650842582134915
014,East Asia,100,target_only,MLP,10,0.6614151289485486,0.875506733570796,0.9082499223197841
014,East Asia,100,target_only,PLSR,11,0.7411840500514778,0.7045784665179988,1.1285881708617476
014,East Asia,100,target_only,Ridge,11,0.7026580954591254,0.4446049608480681,1.7885066357319719
014,East Asia,100,target_only,MLP,11,0.7367186784157722,0.5744792029236098,1.3841735587804398
014,East Asia,100,target_only,PLSR,12,0.7120394332957225,0.463159087599207,1.7168591614556175
014,East Asia,100,target_only,Ridge,12,0.7107326942727518,0.4060318863119925,1.9584149658263847
014,East Asia,100,target_only,MLP,12,0.6275391221070743,0.478486330818814,1.6618634045310476
014,East Asia,100,target_only,PLSR,13,0.6787420948402713,0.8999577327763756,0.883573632178248
014,East Asia,100,target_only,Ridge,13,0.7042793157891695,0.42685359278289453,1.862884455468472
014,East Asia,100,target_only,MLP,13,0.6761584430285106,0.5269030677593505,1.509155993601656
014,East Asia,100,target_only,PLSR,14,0.7057289912737978,0.6348307406487406,1.252584148561428
014,East Asia,100,target_only,Ridge,14,0.7010930846472746,0.49971345159181246,1.591269797166997
014,East Asia,100,target_only,MLP,14,0.6771506132497993,0.42376104511459695,1.876479520530455
014,East Asia,100,target_only,PLSR,15,0.7027133960396175,0.8205291544477521,0.9691050201516722
014,East Asia,100,target_only,Ridge,15,0.6936427391512759,0.4612295603864835,1.724041542545126
014,East Asia,100,target_only,MLP,15,0.7679898343670536,0.4888429989824868,1.6266550291428257
014,East Asia,100,target_only,PLSR,16,0.6528040324632369,0.9474346700666969,0.8392968379552174
014,East Asia,100,target_only,Ridge,16,0.6714071849909178,0.5426124392293441,1.4654638656745351
014,East Asia,100,target_only,MLP,16,0.6607195284932488,0.41243590815908426,1.9280060417275984
014,East Asia,100,target_only,PLSR,17,0.7043189193295198,0.6714025026653172,1.1843550174439945
014,East Asia,100,target_only,Ridge,17,0.6925070206490787,0.43871683564994396,1.8125106176472416
014,East Asia,100,target_only,MLP,17,0.7405390433725799,0.534014101238089,1.4890597849617355
014,East Asia,100,target_only,PLSR,18,0.6818696815237342,0.6346874649552523,1.2528669095618366
014,East Asia,100,target_only,Ridge,18,0.6997298253966624,0.417563784383307,1.9043292366231181
014,East Asia,100,target_only,MLP,18,0.6958294735729469,0.4260482109159601,1.8664059662322485
014,East Asia,100,target_only,PLSR,19,0.6983577075871512,0.6065575129446659,1.3109703627208469
014,East Asia,100,target_only,Ridge,19,0.6861912237907979,0.4750423438642814,1.6739116691949134
014,East Asia,100,target_only,MLP,19,0.675828749321393,0.4484988264855271,1.772978825802532
014,East Asia,100,target_only,PLSR,20,0.7276992379347748,0.9281037256739815,0.8567780742165115
014,East Asia,100,target_only,Ridge,20,0.714382517427462,0.47493058753973166,1.6743055587877889
014,East Asia,100,target_only,MLP,20,0.7297751764323941,0.4207950710737403,1.8897058863523994
014,East Asia,100,target_only,PLSR,21,0.7724215525425271,0.7628008556100887,1.0424462910704768
014,East Asia,100,target_only,Ridge,21,0.7238587822902816,0.5092269806972791,1.56154122404766
014,East Asia,100,target_only,MLP,21,0.6920164094020541,0.4688466087995995,1.6960321517351724
014,East Asia,100,target_only,PLSR,22,0.6964312666315958,0.7777824225069756,1.022366795321852
014,East Asia,100,target_only,Ridge,22,0.689060978063081,0.4638344579118274,1.714359313311912
014,East Asia,100,target_only,MLP,22,0.5994149545291438,0.5506895629018187,1.443969481763892
014,East Asia,100,target_only,PLSR,23,0.7537313358815881,0.6574172842771763,1.2095497665997854
014,East Asia,100,target_only,Ridge,23,0.7072085277654178,0.44207708808424295,1.7987336240429468
014,East Asia,100,target_only,MLP,23,0.6612736853495651,0.42474932076210836,1.8721134652537408
014,East Asia,100,target_only,PLSR,24,0.7168744564164022,1.0406559592571112,0.7641131688937567
014,East Asia,100,target_only,Ridge,24,0.6768822392426292,0.5927506556010443,1.341506610312929
014,East Asia,100,target_only,MLP,24,0.6578149678351168,0.460854605588399,1.7254442358037707
014,East Asia,100,target_only,PLSR,25,0.7299270796434898,0.8897260716237814,0.8937345415818757
014,East Asia,100,target_only,Ridge,25,0.7309128318592579,0.4802903856002922,1.6556211546110107
014,East Asia,100,target_only,MLP,25,0.7052938706141758,0.6413229346327664,1.2399040792318738
014,East Asia,100,target_only,PLSR,26,0.6830210786780493,0.6273637370406433,1.2674926455059168
014,East Asia,100,target_only,Ridge,26,0.6796264437574775,0.38352237860773863,2.073357298321883
014,East Asia,100,target_only,MLP,26,0.6504149767737168,0.4831894629585855,1.6456876312807316
014,East Asia,100,target_only,PLSR,27,0.6951569040724384,0.7662540203914684,1.037748451029174
014,East Asia,100,target_only,Ridge,27,0.7251135095220931,0.5296609569824695,1.5012979761361602
014,East Asia,100,target_only,MLP,27,0.7624765135887187,0.5366041179365394,1.4818725689506616
014,East Asia,100,target_only,PLSR,28,0.7007959180383223,0.7911120447877854,1.0051407104658971
014,East Asia,100,target_only,Ridge,28,0.6754880999947199,0.5183645931430704,1.5340147326317315
014,East Asia,100,target_only,MLP,28,0.7533645370100157,0.47456953477083486,1.675579371398351
014,East Asia,100,target_only,PLSR,29,0.7078669411656936,0.7707289791544084,1.0317231403813825
014,East Asia,100,target_only,Ridge,29,0.6990445686180058,0.45649590985923655,1.741919052464943
014,East Asia,100,target_only,MLP,29,0.6270532281330952,0.5862392065088511,1.3564069306990605
015,South East Asia,10,target_only,PLSR,0,-0.3360003441094406,2.8380403665219482,0.895468911896347
015,South East Asia,10,target_only,Ridge,0,-0.24672288599192171,2.6255436119061146,0.9679431365766986
015,South East Asia,10,target_only,MLP,0,-0.810874854015667,5.064177272010638,0.5018341148864072
015,South East Asia,10,pooled,PLSR,0,0.44184527910873506,1.8834399474192551,1.3493272893619934
015,South East Asia,10,pooled,Ridge,0,0.533724259941138,1.9256287568939539,1.3197647313008396
015,South East Asia,10,pooled,MLP,0,0.5412405540762659,2.080772339286175,1.2213623138604186
015,South East Asia,10,target_only,PLSR,1,-1.0778941484212212,3.257372133065389,0.7801923805787967
015,South East Asia,10,target_only,Ridge,1,-0.793994571791419,2.987113928419529,0.8507800438237559
015,South East Asia,10,target_only,MLP,1,-1.058528996432917,3.9476384064722527,0.6437714545386597
015,South East Asia,10,pooled,PLSR,1,0.44263957908321383,1.8874290659341355,1.346475459552981
015,South East Asia,10,pooled,Ridge,1,0.5314924976420542,1.9318431106556264,1.3155193115370687
015,South East Asia,10,pooled,MLP,1,0.5319985192906781,1.824983409411849,1.3925479573243613
015,South East Asia,10,target_only,PLSR,2,-1.8874539751199246,2.782922345948499,0.913204395597731
015,South East Asia,10,target_only,Ridge,2,-1.2304685742145556,2.526109677905886,1.0060437759907912
015,South East Asia,10,target_only,MLP,2,-0.09324654380642827,3.1268459114960985,0.8127605231788825
015,South East Asia,10,pooled,PLSR,2,0.4383568078636677,1.8973542014222846,1.3394319927308593
015,South East Asia,10,pooled,Ridge,2,0.5276589184652727,1.947492296534947,1.3049483807710223
015,South East Asia,10,pooled,MLP,2,0.5649355698828895,2.0640406975393417,1.2312629891246991
015,South East Asia,10,target_only,PLSR,3,-1.4337635713980799,8.852683425090076,0.28707418947396285
015,South East Asia,10,target_only,Ridge,3,-0.8851828990193522,5.556007410968466,0.4574106423814745
015,South East Asia,10,target_only,MLP,3,-0.9733749024781715,9.126873416994988,0.27844989218269056
015,South East Asia,10,pooled,PLSR,3,0.4406430095301892,1.8981455659791933,1.3388735640073541
015,South East Asia,10,pooled,Ridge,3,0.5274752439890904,1.954028845001411,1.3005831134112473
015,South East Asia,10,pooled,MLP,3,0.5660527231696344,1.7859347175935774,1.422995417409012
015,South East Asia,10,target_only,PLSR,4,-0.15608399396671513,2.6391938841753357,0.9629368020915289
015,South East Asia,10,target_only,Ridge,4,-0.05819805140917689,2.3074337144442953,1.1013867497118393
015,South East Asia,10,target_only,MLP,4,-0.5005041416451756,4.8295380237552505,0.526215324618409
015,South East Asia,10,pooled,PLSR,4,0.4393481307670919,1.8920110135623638,1.3432146539899361
015,South East Asia,10,pooled,Ridge,4,0.5315608261255189,1.9289699548771742,1.3174787468834055
015,South East Asia,10,pooled,MLP,4,0.5729034918974761,1.685446790952865,1.5078357457315843
015,South East Asia,10,target_only,PLSR,5,-1.229876692783174,30.74461424083825,0.08266088164318526
015,South East Asia,10,target_only,Ridge,5,-0.7219680830312452,6.679330451070571,0.3804837831492502
015,South East Asia,10,target_only,MLP,5,-1.1381337624400887,18.020942610865884,0.14102352878006355
015,South East Asia,10,pooled,PLSR,5,0.43637343868902356,1.8942265415102038,1.3416436013514854
015,South East Asia,10,pooled,Ridge,5,0.5243864419589042,1.9537546008524629,1.3007656733442696
015,South East Asia,10,pooled,MLP,5,0.5651686267502625,2.1282926704599787,1.1940918437585286
015,South East Asia,10,target_only,PLSR,6,-0.8780467643617185,6.709084629232332,0.3787963722881386
015,South East Asia,10,target_only,Ridge,6,-0.45895134726188336,3.709779800247874,0.6850479154470336
015,South East Asia,10,target_only,MLP,6,-0.29063242875446993,2.7580361913962013,0.9214443693143841
015,South East Asia,10,pooled,PLSR,6,0.447192421679255,1.8813252441272263,1.3508440004515538
015,South East Asia,10,pooled,Ridge,6,0.5390753019481223,1.9089189317482949,1.3313173632783784
015,South East Asia,10,pooled,MLP,6,0.5083330731870912,2.4270384749692737,1.0471102725141153
015,South East Asia,10,target_only,PLSR,7,-1.618378911220867,20.94461749801919,0.12133794848092433
015,South East Asia,10,target_only,Ridge,7,-0.8227109204123861,5.272829258021611,0.48197595533007165
015,South East Asia,10,target_only,MLP,7,-2.0600016974744744,13.296550343913168,0.19113054538169733
015,South East Asia,10,pooled,PLSR,7,0.44151211313470917,1.898882567301053,1.3383539154501087
015,South East Asia,10,pooled,Ridge,7,0.5272645700233497,1.9570425046957431,1.2985803388682253
015,South East Asia,10,pooled,MLP,7,0.5344336653247703,1.8247152152587562,1.392752632123438
015,South East Asia,10,target_only,PLSR,8,-1.1710911854066555,14.842976068420924,0.17121747735847992
015,South East Asia,10,target_only,Ridge,8,-0.23412738889990292,2.0628764453428468,1.2319578929047037
015,South East Asia,10,target_only,MLP,8,-0.14639689150018942,3.047262573742567,0.8339868512893088
015,South East Asia,10,pooled,PLSR,8,0.44114205657896133,1.8782471884039846,1.3530577522582743
015,South East Asia,10,pooled,Ridge,8,0.5278623978056542,1.9407439370780057,1.3094859503998395
015,South East Asia,10,pooled,MLP,8,0.5560361622564491,2.4758608712321934,1.026461926215797
015,South East Asia,10,target_only,PLSR,9,-0.16467435259184104,2.73189073504312,0.9302630175973
015,South East Asia,10,target_only,Ridge,9,0.011154008249342984,2.395658007119327,1.0608262579111667
015,South East Asia,10,target_only,MLP,9,-0.1395534870341577,2.675455716622937,0.9498856225268204
015,South East Asia,10,pooled,PLSR,9,0.4409699099476996,1.881643830086557,1.3506152855774058
015,South East Asia,10,pooled,Ridge,9,0.5258368169202792,1.947167969361099,1.3051657375820487
015,South East Asia,10,pooled,MLP,9,0.5570766862679686,2.210320761498311,1.1497774274194459
015,South East Asia,10,target_only,PLSR,10,-0.973196827218201,5.130508862272936,0.49534597583784884
015,South East Asia,10,target_only,Ridge,10,-0.6335857279472594,4.44272332462761,0.5720313270105195
015,South East Asia,10,target_only,MLP,10,-0.8543665248449965,13.587472656899779,0.1870382361091116
015,South East Asia,10,target_only,PLSR,11,-1.4014826764315838,3.5425305845342687,0.7173902548709907
015,South East Asia,10,target_only,Ridge,11,-1.1717807011090362,3.3127809490561035,0.7671430613760992
015,South East Asia,10,target_only,MLP,11,-1.8820869159601537,5.657363965715152,0.44921573622072253
015,South East Asia,10,target_only,PLSR,12,0.18770991896914402,2.285201999968408,1.112101651828789
015,South East Asia,10,target_only,Ridge,12,0.19236454208375198,2.358973003451624,1.0773234433835415
015,South East Asia,10,target_only,MLP,12,-0.9320360434251138,3.3138028748378887,0.76690648626818
015,South East Asia,10,target_only,PLSR,13,-0.3286963345910745,2.5892645286950264,0.981505323524498
015,South East Asia,10,target_only,Ridge,13,-0.24314803353047187,2.548420126314051,0.9972362455805436
015,South East Asia,10,target_only,MLP,13,-1.509866871820845,6.009523992941198,0.4228915504643007
015,South East Asia,10,target_only,PLSR,14,-0.9183716146463079,6.071009228185608,0.41860864040999635
015,South East Asia,10,target_only,Ridge,14,-0.6648045431015872,4.609757576789384,0.5513038107954786
015,South East Asia,10,target_only,MLP,14,-1.142279240425693,15.456011957486277,0.1644264332816058
015,South East Asia,10,target_only,PLSR,15,-0.3524980967761484,2.9648757804474055,0.8571613474288019
015,South East Asia,10,target_only,Ridge,15,-0.22377282674324306,2.644795312034155,0.9608973924612353
015,South East Asia,10,target_only,MLP,15,-0.8229794811025068,6.1707774843820475,0.41184063521321684
015,South East Asia,10,target_only,PLSR,16,-1.7321916060324751,72.11838254300132,0.035238961680983304
015,South East Asia,10,target_only,Ridge,16,-0.6854828347618602,5.944423182005691,0.42752288003658584
015,South East Asia,10,target_only,MLP,16,-0.5410368517051545,4.807839463201473,0.52859021986459
015,South East Asia,10,target_only,PLSR,17,-0.15401055902754668,2.7570917953439693,0.9217599947956254
015,South East Asia,10,target_only,Ridge,17,-0.006758568119971997,2.6730931918875998,0.9507251474209659
015,South East Asia,10,target_only,MLP,17,-1.5788999713233216,2.9751109714578763,0.8542124792346762
015,South East Asia,10,target_only,PLSR,18,-0.36853794180629995,5.77083284560662,0.4403830412211799
015,South East Asia,10,target_only,Ridge,18,-0.12245295768437758,3.645249772417459,0.6971749749927086
015,South East Asia,10,target_only,MLP,18,-0.7123884724634437,6.731585897662693,0.3775301923740916
015,South East Asia,10,target_only,PLSR,19,-0.22234615131193225,3.590510622707549,0.7078037599596085
015,South East Asia,10,target_only,Ridge,19,0.0677320289271901,2.5175156966289687,1.0094780828299506
015,South East Asia,10,target_only,MLP,19,-1.0467809735796223,2.853395190669406,0.8906501725514973
015,South East Asia,10,target_only,PLSR,20,-1.4881805235925416,3.6941482782462267,0.6879466462926662
015,South East Asia,10,target_only,Ridge,20,-1.1221081197054361,3.202540306432309,0.7935503305994176
015,South East Asia,10,target_only,MLP,20,-2.0207832099417344,3.5939176655909204,0.7071327602351902
015,South East Asia,10,target_only,PLSR,21,-2.5807400985407485,27.539573890699817,0.09228090924767533
015,South East Asia,10,target_only,Ridge,21,-0.7782715034111933,3.258472174792394,0.7799289920556822
015,South East Asia,10,target_only,MLP,21,-1.0559397477896675,7.173460811056956,0.3542748731560807
015,South East Asia,10,target_only,PLSR,22,-0.06068768440171701,2.658708286256312,0.955869033118257
015,South East Asia,10,target_only,Ridge,22,-0.064702856938329,2.686273388785613,0.9460604157182237
015,South East Asia,10,target_only,MLP,22,-0.8069898787703689,3.6938477351375645,0.6880026198028095
015,South East Asia,10,target_only,PLSR,23,-2.167965145211407,8.644723362359201,0.29398013243465554
015,South East Asia,10,target_only,Ridge,23,-0.9268675199187586,3.552412287268749,0.7153946989867106
015,South East Asia,10,target_only,MLP,23,-0.3165996853591766,2.887131544908286,0.8802428567583848
015,South East Asia,10,target_only,PLSR,24,-1.6899583201522534,18.940275965006492,0.13417845250104557
015,South East Asia,10,target_only,Ridge,24,-0.5216315852012658,5.434319045339191,0.4676532418734158
015,South East Asia,10,target_only,MLP,24,-2.254519557689052,40.9009655005556,0.06213488820680276
015,South East Asia,10,target_only,PLSR,25,-0.10120639865838665,2.3693476614663114,1.0726061693092959
015,South East Asia,10,target_only,Ridge,25,0.004214381037490611,2.2103943093185467,1.1497391701622741
015,South East Asia,10,target_only,MLP,25,-0.9686917285038843,12.801902859443766,0.1985155602905223
015,South East Asia,10,target_only,PLSR,26,-2.640108092374622,21.106544208541667,0.12040705924273674
015,South East Asia,10,target_only,Ridge,26,-1.7002803429320177,8.48380370293823,0.29955630845715503
015,South East Asia,10,target_only,MLP,26,-0.46427332624804274,3.914932772512557,0.6491495682303361
015,South East Asia,10,target_only,PLSR,27,-0.13846682982905367,3.4788235031333823,0.7305276961128658
015,South East Asia,10,target_only,Ridge,27,-0.034160395997452575,2.915478504555022,0.8716843272748461
015,South East Asia,10,target_only,MLP,27,-0.5875198920734221,4.974153930945641,0.5109164199999285
015,South East Asia,10,target_only,PLSR,28,-0.2569510557701633,2.4640326605813527,1.031389299169321
015,South East Asia,10,target_only,Ridge,28,-0.01037890632352445,2.1473198587069753,1.183511114388719
015,South East Asia,10,target_only,MLP,28,-0.7861663124207972,3.0475939911600696,0.8338961575258721
015,South East Asia,10,target_only,PLSR,29,-1.5916535470380881,8.181493836272121,0.3106250484062323
015,South East Asia,10,target_only,Ridge,29,-1.1836084582007018,5.460588225938666,0.4654035085186194
015,South East Asia,10,target_only,MLP,29,-2.935569949577682,168.96836780239965,0.01504054842915531
015,South East Asia,25,target_only,PLSR,0,-2.4639748982476304,8.780408409234587,0.2894372107172698
015,South East Asia,25,target_only,Ridge,0,0.1835772945681554,2.295608415954435,1.1070602901020912
015,South East Asia,25,target_only,MLP,0,0.20504680564582056,2.211235913806279,1.1493015752230418
015,South East Asia,25,pooled,PLSR,0,0.44771907111914133,1.8858737651466349,1.3475859126391292
015,South East Asia,25,pooled,Ridge,0,0.5318031732346915,1.9517741500542156,1.3020855506548876
015,South East Asia,25,pooled,MLP,0,0.5928667414886929,2.386554131583435,1.064872941826449
015,South East Asia,25,target_only,PLSR,1,-0.16087804311867915,7.079454427794661,0.3589792045202824
015,South East Asia,25,target_only,Ridge,1,0.4532538041181654,2.1120837353277238,1.2032557594280149
015,South East Asia,25,target_only,MLP,1,0.11084011712735065,3.399937112809355,0.7474776252044817
015,South East Asia,25,pooled,PLSR,1,0.4422594839990742,1.8988277229814745,1.3383925714634792
015,South East Asia,25,pooled,Ridge,1,0.5256003262660531,1.9557487153447948,1.2994393906475243
015,South East Asia,25,pooled,MLP,1,0.6248221828857449,2.438010238647615,1.0423979680811521
015,South East Asia,25,target_only,PLSR,2,-0.11494185975882498,3.65359722817692,0.695582123647335
015,South East Asia,25,target_only,Ridge,2,0.12160529262922826,2.7384154078264547,0.9280465307286851
015,South East Asia,25,target_only,MLP,2,-0.5360733530130171,4.139212559379981,0.613975939256426
015,South East Asia,25,pooled,PLSR,2,0.4394055847501628,1.8808071478580783,1.3512161104988982
015,South East Asia,25,pooled,Ridge,2,0.529238663805662,1.9355791075153166,1.3129801355366244
015,South East Asia,25,pooled,MLP,2,0.5597486967756724,1.9080994514476417,1.3318891303067146
015,South East Asia,25,target_only,PLSR,3,-0.6721989191719329,19.216954326519826,0.1322466024400215
015,South East Asia,25,target_only,Ridge,3,0.08525171158548217,1.9207747431181275,1.3230999251904596
015,South East Asia,25,target_only,MLP,3,-0.011089381954372035,2.6442940824810757,0.9610795318737043
015,South East Asia,25,pooled,PLSR,3,0.44610951777957075,1.887810296011859,1.34620354825703
015,South East Asia,25,pooled,Ridge,3,0.535432056929249,1.936025868669039,1.3126771496469936
015,South East Asia,25,pooled,MLP,3,0.5674813277001831,2.253815445416824,1.127588740282731
015,South East Asia,25,target_only,PLSR,4,-1.6151572920344996,1484.5791487356294,0.0017118500694905568
015,South East Asia,25,target_only,Ridge,4,0.24477831511205883,2.372526547406842,1.0711690125048459
015,South East Asia,25,target_only,MLP,4,0.15078856808663288,2.619334827254755,0.9702375169771091
015,South East Asia,25,pooled,PLSR,4,0.4452146215431376,1.8858459623386674,1.347605779941707
015,South East Asia,25,pooled,Ridge,4,0.5328657065605388,1.9429928658422162,1.307970278020411
015,South East Asia,25,pooled,MLP,4,0.6184507748974591,2.0825343439191695,1.220328935437695
015,South East Asia,25,target_only,PLSR,5,-0.22218477424961836,6.914324014726807,0.367552477077216
015,South East Asia,25,target_only,Ridge,5,0.25350554051515595,2.499302855388358,1.0168343197977194
015,South East Asia,25,target_only,MLP,5,0.0808078238140233,2.7175436100693857,0.9351742910438265
015,South East Asia,25,pooled,PLSR,5,0.4407963159224143,1.8952806145487655,1.3408974372548932
015,South East Asia,25,pooled,Ridge,5,0.5276852584147547,1.9523394727849346,1.3017085165532947
015,South East Asia,25,pooled,MLP,5,0.61507153211477,1.7977211228990027,1.4136658275612282
015,South East Asia,25,target_only,PLSR,6,-0.650631724767025,6.943536837275636,0.36600611165252384
015,South East Asia,25,target_only,Ridge,6,0.21231949637916214,2.248491594995495,1.1302585807230516
015,South East Asia,25,target_only,MLP,6,-0.2527131081878575,4.103136513253911,0.6193742057370474
015,South East Asia,25,pooled,PLSR,6,0.4368599355396433,1.8997358464626757,1.337752784767095
015,South East Asia,25,pooled,Ridge,6,0.526348489762092,1.9536820407932123,1.3008139839866149
015,South East Asia,25,pooled,MLP,6,0.5733167931653207,2.106507199561903,1.2064411265510304
015,South East Asia,25,target_only,PLSR,7,-0.1552770836767583,6.56413285075021,0.3871611036386728
015,South East Asia,25,target_only,Ridge,7,0.14942950541558853,1.735589046313417,1.4642734259734378
015,South East Asia,25,target_only,MLP,7,-0.20619138359169797,3.082837020955356,0.8243630466523197
015,South East Asia,25,pooled,PLSR,7,0.45387586175307726,1.8840139470528026,1.3489161918906392
015,South East Asia,25,pooled,Ridge,7,0.5407900787103899,1.9172136116752672,1.3255575192305544
015,South East Asia,25,pooled,MLP,7,0.5233102231444307,2.307999365277117,1.1011168188177471
015,South East Asia,25,target_only,PLSR,8,-1.219566796788452,42.529176384680206,0.05975608123562839
015,South East Asia,25,target_only,Ridge,8,-0.004323118046713148,2.190435829211649,1.1602151887014995
015,South East Asia,25,target_only,MLP,8,-0.2666899493933055,3.0415070356070806,0.8355650304849824
015,South East Asia,25,pooled,PLSR,8,0.442698446314418,1.8791060201835121,1.3524393470247782
015,South East Asia,25,pooled,Ridge,8,0.5269789717205764,1.9426399182213185,1.3082079159858941
015,South East Asia,25,pooled,MLP,8,0.596772942275603,2.298698671592199,1.105572013563234
015,South East Asia,25,target_only,PLSR,9,-0.29959688116375727,10.904690279266298,0.23305356262702684
015,South East Asia,25,target_only,Ridge,9,0.08382817647698693,2.703860212529803,0.9399069179502958
015,South East Asia,25,target_only,MLP,9,-0.5600775998765757,6.483520632933343,0.39197483324388255
015,South East Asia,25,pooled,PLSR,9,0.4461758422805856,1.8855276953131201,1.3478332486149376
015,South East Asia,25,pooled,Ridge,9,0.5293380306185045,1.9520278484328937,1.3019163230522353
015,South East Asia,25,pooled,MLP,9,0.6010503805052233,2.333595892025764,1.0890389924029147
015,South East Asia,25,target_only,PLSR,10,-0.10981478971122383,2.266674281489603,1.1211919329040907
015,South East Asia,25,target_only,Ridge,10,0.25901007780187935,1.9995396722654064,1.2709809933643528
015,South East Asia,25,target_only,MLP,10,0.05467406998752011,2.488133403920167,1.0213989792200306
015,South East Asia,25,target_only,PLSR,11,-0.40862554991699196,2.444633669734849,1.0395737203451685
015,South East Asia,25,target_only,Ridge,11,0.33372069408832905,1.7424422638262909,1.4585142771655566
015,South East Asia,25,target_only,MLP,11,-0.25911764593238806,3.4641053193063795,0.7336315396542795
015,South East Asia,25,target_only,PLSR,12,-0.6559196288894567,61.49697942012185,0.041325231627486705
015,South East Asia,25,target_only,Ridge,12,-0.1911165688474068,5.295629906619178,0.4799007792728812
015,South East Asia,25,target_only,MLP,12,-0.06149332964622678,3.284901892321492,0.7736538265778427
015,South East Asia,25,target_only,PLSR,13,-1.4800022858948219,7.033297351912659,0.3613350597548969
015,South East Asia,25,target_only,Ridge,13,-0.17215298989134786,2.2214044656056355,1.1440406095674465
015,South East Asia,25,target_only,MLP,13,0.06821941282131072,2.3162476973938166,1.0971956590768819
015,South East Asia,25,target_only,PLSR,14,-0.668925424115199,7.17276804809633,0.35430908986410153
015,South East Asia,25,target_only,Ridge,14,-0.05492673348645205,3.0724110430536893,0.8271604558488462
015,South East Asia,25,target_only,MLP,14,-0.17750341533777547,3.0916663372679727,0.8220087945108169
015,South East Asia,25,target_only,PLSR,15,-0.4336136473402066,7.2977910983048115,0.34823919795644054
015,South East Asia,25,target_only,Ridge,15,0.24018526239201343,2.5611217325883873,0.9922905602612205
015,South East Asia,25,target_only,MLP,15,0.10406403558189004,2.4604664416413207,1.0328842027335372
015,South East Asia,25,target_only,PLSR,16,-2.8757651315136203,96.80489065916804,0.026252567423220723
015,South East Asia,25,target_only,Ridge,16,-0.5691752643898864,5.107306690512096,0.49759630132423116
015,South East Asia,25,target_only,MLP,16,-0.2302412770980844,3.610971864880082,0.7037930546190274
015,South East Asia,25,target_only,PLSR,17,-0.759233777033856,7.251514040712774,0.3504615594287009
015,South East Asia,25,target_only,Ridge,17,0.2508512670142006,2.535405422504816,1.002355243216528
015,South East Asia,25,target_only,MLP,17,0.1708727495787512,2.3453995457008867,1.0835582037975824
015,South East Asia,25,target_only,PLSR,18,-0.46280547136242567,5.510118382541021,0.461220021511652
015,South East Asia,25,target_only,Ridge,18,0.3661518455576346,2.442881447595113,1.0403193824363313
015,South East Asia,25,target_only,MLP,18,-0.10071103737046738,7.585746133807883,0.33502003284831805
015,South East Asia,25,target_only,PLSR,19,-3.714654828434636,189.57891905008145,0.013405377199434068
015,South East Asia,25,target_only,Ridge,19,-0.1369550633359513,3.0600197537426013,0.8305099716493827
015,South East Asia,25,target_only,MLP,19,-0.09283737472084685,3.5969109145027707,0.7065443040806123
015,South East Asia,25,target_only,PLSR,20,-0.3804211342624284,4.377151466824614,0.5806006344968797
015,South East Asia,25,target_only,Ridge,20,0.3962097679973563,2.254005167173675,1.1274938300669393
015,South East Asia,25,target_only,MLP,20,-0.21528902754851442,4.237634573501475,0.5997159204851938
015,South East Asia,25,target_only,PLSR,21,-0.8985977076291336,70.57585752764325,0.036009153950866395
015,South East Asia,25,target_only,Ridge,21,0.1122172024941338,2.4728763997778023,1.0277007452356581
015,South East Asia,25,target_only,MLP,21,0.01612328944766106,2.5726805588054926,0.9878322865343576
015,South East Asia,25,target_only,PLSR,22,-0.009987792306285437,3.5905578058304437,0.707794458788705
015,South East Asia,25,target_only,Ridge,22,0.3176149850247977,2.3078342570464256,1.1011955954669734
015,South East Asia,25,target_only,MLP,22,0.2738896086314123,2.4015237570967103,1.058235177319121
015,South East Asia,25,target_only,PLSR,23,-0.9009476756539707,18.3251577174318,0.13868240361772358
015,South East Asia,25,target_only,Ridge,23,-0.10020700481924205,2.797992352177512,0.9082858703847119
015,South East Asia,25,target_only,MLP,23,-0.42418279295925987,3.273272962432986,0.7764023801541875
015,South East Asia,25,target_only,PLSR,24,-1.9410693163638513,17.79169783478749,0.1428406070362915
015,South East Asia,25,target_only,Ridge,24,0.16567178465652654,2.5077053217568617,1.0134272543421758
015,South East Asia,25,target_only,MLP,24,-0.29347035777439334,2.6259893780811723,0.9677788265786207
015,South East Asia,25,target_only,PLSR,25,-0.6425937542492743,36.70064351126347,0.06924611330445384
015,South East Asia,25,target_only,Ridge,25,0.2770981585598139,2.960189013618333,0.8585184619075771
015,South East Asia,25,target_only,MLP,25,-0.14058775624716047,4.6533129040852454,0.5461435693903559
015,South East Asia,25,target_only,PLSR,26,0.13227305244612042,4.273204133359266,0.5947239681548944
015,South East Asia,25,target_only,Ridge,26,0.16015201498255816,2.623958468276324,0.9685278748320841
015,South East Asia,25,target_only,MLP,26,-0.2832387502088469,2.8384849009669018,0.8953286727231221
015,South East Asia,25,target_only,PLSR,27,-0.21848731410167788,9.921919584654542,0.2561376251081361
015,South East Asia,25,target_only,Ridge,27,0.14633577290093602,2.076714816246323,1.2237486336813814
015,South East Asia,25,target_only,MLP,27,-0.3336366320846633,8.84310631766053,0.28738509157714703
015,South East Asia,25,target_only,PLSR,28,-1.5719129577860738,6.587395522946529,0.38579388622934335
015,South East Asia,25,target_only,Ridge,28,-0.05573733429284089,2.596161906669004,0.978897699869583
015,South East Asia,25,target_only,MLP,28,-0.43523883187343904,2.5565645297702875,0.9940593673008781
015,South East Asia,25,target_only,PLSR,29,-0.237944175328749,28.423819061006192,0.08941011457583332
015,South East Asia,25,target_only,Ridge,29,0.15954127938560858,5.1612891813418065,0.49239188691741237
015,South East Asia,25,target_only,MLP,29,-0.2479461045869371,3.6107421595079447,0.7038378279754115
015,South East Asia,50,target_only,PLSR,0,0.1556809050319481,2.8138477698583593,0.9031678778611553
015,South East Asia,50,target_only,Ridge,0,0.4276859970185989,2.0466547030679614,1.2417223653397724
015,South East Asia,50,target_only,MLP,0,0.2546504484868092,2.04778863345537,1.2410347813285223
015,South East Asia,50,pooled,PLSR,0,0.45440863295588596,1.8787200383351412,1.3527172048366514
015,South East Asia,50,pooled,Ridge,0,0.5458300295317898,1.9170693153215856,1.325657292939878
015,South East Asia,50,pooled,MLP,0,0.5699906305198148,1.8937317568713143,1.3419941391942418
015,South East Asia,50,target_only,PLSR,1,0.1686392793632483,2.3788303063135094,1.068330478295322
015,South East Asia,50,target_only,Ridge,1,0.33335409735986665,1.6109629197318192,1.5775514680067173
015,South East Asia,50,target_only,MLP,1,0.31267467502907076,2.609299057718014,0.9739692011960879
015,South East Asia,50,pooled,PLSR,1,0.4459459588271045,1.893954923401923,1.3418360107338225
015,South East Asia,50,pooled,Ridge,1,0.5320947530605259,1.9560171943299567,1.2992610322108544
015,South East Asia,50,pooled,MLP,1,0.6369042602405157,1.7525851555888925,1.4500732879215683
015,South East Asia,50,target_only,PLSR,2,0.42543580516157575,2.1168186418508035,1.200564313202245
015,South East Asia,50,target_only,Ridge,2,0.4756433487340789,1.7303176190105587,1.4687343473856234
015,South East Asia,50,target_only,MLP,2,0.34224332058808893,1.9664679948878006,1.2923561052272912
015,South East Asia,50,pooled,PLSR,2,0.45544100960687806,1.8812143900048834,1.3509236014937784
015,South East Asia,50,pooled,Ridge,2,0.5379842416893651,1.9337856813425363,1.3141978159456433
015,South East Asia,50,pooled,MLP,2,0.6017622514750023,1.844696443329267,1.377666731085955
015,South East Asia,50,target_only,PLSR,3,0.0385207372735501,6.802943827707481,0.3735701753962204
015,South East Asia,50,target_only,Ridge,3,0.3165920521654402,4.015580148716092,0.6328791419441292
015,South East Asia,50,target_only,MLP,3,0.3449586804234481,2.1556796167801937,1.1789214404333503
015,South East Asia,50,pooled,PLSR,3,0.469183018291638,1.883521477838417,1.349268882159961
015,South East Asia,50,pooled,Ridge,3,0.5518720795095121,1.9218772662945056,1.3223409025630681
015,South East Asia,50,pooled,MLP,3,0.6047971002239463,1.7485381888693963,1.4534294618812824
015,South East Asia,50,target_only,PLSR,4,0.36286436170113723,2.268342645097156,1.1203672974276195
015,South East Asia,50,target_only,Ridge,4,0.48767893602327506,1.6791840906388584,1.5134593836941561
015,South East Asia,50,target_only,MLP,4,0.39429462510763613,2.301923556537031,1.104023159983
015,South East Asia,50,pooled,PLSR,4,0.4582093462607194,1.8785259811420636,1.3528569444550722
015,South East Asia,50,pooled,Ridge,4,0.5408857539903069,1.9275922803607841,1.318420365561774
015,South East Asia,50,pooled,MLP,4,0.5931195045115305,1.9364210631647538,1.312409251928848
015,South East Asia,50,target_only,PLSR,5,0.37397987327256643,2.3517973225699365,1.0806105162796165
015,South East Asia,50,target_only,Ridge,5,0.4964956248766066,2.2778237290497985,1.1157039443027763
015,South East Asia,50,target_only,MLP,5,0.30019045052960347,2.3970277324705025,1.0602200735942435
015,South East Asia,50,pooled,PLSR,5,0.451688922513249,1.8860310345037978,1.347473542287674
015,South East Asia,50,pooled,Ridge,5,0.5399982819643837,1.9281363249209118,1.3180483589673364
015,South East Asia,50,pooled,MLP,5,0.6141512958482386,1.885069549516433,1.3481608249304355
015,South East Asia,50,target_only,PLSR,6,0.3986555140700957,2.560850433462446,0.992395684542655
015,South East Asia,50,target_only,Ridge,6,0.5191518750136079,1.7860439937386103,1.4229083537901095
015,South East Asia,50,target_only,MLP,6,0.2604129649185566,2.1956887817290522,1.1574394969245347
015,South East Asia,50,pooled,PLSR,6,0.4474602705913022,1.8932534615488648,1.3423331690877915
015,South East Asia,50,pooled,Ridge,6,0.535826255804414,1.9566134877440484,1.2988650721494799
015,South East Asia,50,pooled,MLP,6,0.6432140140986586,2.07213729509118,1.2264519947340125
015,South East Asia,50,target_only,PLSR,7,0.21597871669048507,2.9430087037933346,0.8635302082700808
015,South East Asia,50,target_only,Ridge,7,0.3503388862746146,2.676875191043583,0.9493819239052979
015,South East Asia,50,target_only,MLP,7,-0.1275557302507493,2.990579424120276,0.8497941564200064
015,South East Asia,50,pooled,PLSR,7,0.46292474533137096,1.883101083211269,1.3495701009281382
015,South East Asia,50,pooled,Ridge,7,0.550426852700479,1.9155908137149036,1.326680468883033
015,South East Asia,50,pooled,MLP,7,0.6111363855415379,1.9174361701140148,1.3254036606476465
015,South East Asia,50,target_only,PLSR,8,0.33077288638821367,3.6624312019241283,0.6939043435388378
015,South East Asia,50,target_only,Ridge,8,0.45020391941478843,2.785159414870467,0.9124709003579653
015,South East Asia,50,target_only,MLP,8,0.2980180855099508,2.828523910486779,0.8984816813834028
015,South East Asia,50,pooled,PLSR,8,0.4587417601016712,1.8758131958340027,1.3548134348193455
015,South East Asia,50,pooled,Ridge,8,0.5489785679620993,1.9178153131628926,1.3251416345904747
015,South East Asia,50,pooled,MLP,8,0.6225566303806358,1.8733189200956941,1.3566173339014258
015,South East Asia,50,target_only,PLSR,9,-0.28885012287625855,3.2956833153699288,0.7711229131376837
015,South East Asia,50,target_only,Ridge,9,0.15314022170397878,2.008947182608294,1.26502923567545
015,South East Asia,50,target_only,MLP,9,-0.16602834797886934,2.1139104862327924,1.202215957335221
015,South East Asia,50,pooled,PLSR,9,0.45182120788772917,1.8701846181796689,1.3588909320626057
015,South East Asia,50,pooled,Ridge,9,0.5291534981213862,1.937140369692561,1.3119219229996506
015,South East Asia,50,pooled,MLP,9,0.5717340404523525,1.3088508485099442,1.9416856564065637
015,South East Asia,50,target_only,PLSR,10,0.23621453816316862,3.951610417808536,0.64312435949511
015,South East Asia,50,target_only,Ridge,10,0.4793976175134971,2.5094232353433736,1.0127334772125727
015,South East Asia,50,target_only,MLP,10,0.4228136580616382,2.0213473381352247,1.2572687884863185
015,South East Asia,50,target_only,PLSR,11,0.16037899449532733,6.413868194301975,0.39623154731883264
015,South East Asia,50,target_only,Ridge,11,0.4860744706238753,2.1148859019718564,1.201661478076815
015,South East Asia,50,target_only,MLP,11,0.29252621354899455,3.0809372270023023,0.8248713724687061
015,South East Asia,50,target_only,PLSR,12,0.09696064765615287,2.210634319826203,1.1496143419718183
015,South East Asia,50,target_only,Ridge,12,0.3802113803249122,2.265374186432087,1.1218353833765227
015,South East Asia,50,target_only,MLP,12,0.24843005399221885,2.5952412641852156,0.9792449565282295
015,South East Asia,50,target_only,PLSR,13,0.12552359354633857,2.600093969412867,0.9774173352285389
015,South East Asia,50,target_only,Ridge,13,0.4274185682776127,2.216187186631926,1.146733874402371
015,South East Asia,50,target_only,MLP,13,0.25604192712798846,2.321570723511281,1.0946799480153635
015,South East Asia,50,target_only,PLSR,14,-0.03200826453508476,2.7145414436600586,0.936208553699862
015,South East Asia,50,target_only,Ridge,14,0.3910883302802204,2.026564745457516,1.2540319398251345
015,South East Asia,50,target_only,MLP,14,0.3195974533360837,2.2418818974616834,1.1335909004862081
015,South East Asia,50,target_only,PLSR,15,-0.14641375392838274,4.571406010829016,0.5559289445976041
015,South East Asia,50,target_only,Ridge,15,0.366411576998533,2.0714903533998505,1.2268350247232689
015,South East Asia,50,target_only,MLP,15,0.25198491076635476,2.386392281771865,1.0649451636008394
015,South East Asia,50,target_only,PLSR,16,-0.08256300993847865,9.651847842654066,0.263304701893072
015,South East Asia,50,target_only,Ridge,16,0.4583854377984795,2.354324490203391,1.07945057255373
015,South East Asia,50,target_only,MLP,16,0.2922418844166339,2.1063183714140044,1.206549282111257
015,South East Asia,50,target_only,PLSR,17,0.31095402692056706,2.5499009001152677,0.9966571323663741
015,South East Asia,50,target_only,Ridge,17,0.5865800964818071,2.10066379689965,1.2097970758948255
015,South East Asia,50,target_only,MLP,17,0.3508567379912366,3.001930413574934,0.8465808892288239
015,South East Asia,50,target_only,PLSR,18,0.2816067944917203,2.1391742095404505,1.1880177442272324
015,South East Asia,50,target_only,Ridge,18,0.5350033635338342,2.038838895689721,1.246482458373737
015,South East Asia,50,target_only,MLP,18,0.2912063618949773,2.0991850608996123,1.2106492973221732
015,South East Asia,50,target_only,PLSR,19,0.2572463422151341,4.256504918418914,0.5970572024785343
015,South East Asia,50,target_only,Ridge,19,0.47216301206214517,2.468762354781836,1.0294133471392388
015,South East Asia,50,target_only,MLP,19,0.07590597693293089,2.9132358512390737,0.8723553631424679
015,South East Asia,50,target_only,PLSR,20,0.31606694536077395,2.140935351038014,1.187040476348412
015,South East Asia,50,target_only,Ridge,20,0.5327513310065373,2.011000777739582,1.263737412266888
015,South East Asia,50,target_only,MLP,20,0.306429976192817,2.525299500509264,1.0063665392619023
015,South East Asia,50,target_only,PLSR,21,0.1877986225732312,2.171862135099008,1.1701373111380597
015,South East Asia,50,target_only,Ridge,21,0.4780665806155372,2.0970828272227386,1.2118629202133036
015,South East Asia,50,target_only,MLP,21,0.24464688178675909,2.5519149970029456,0.9958705215150179
015,South East Asia,50,target_only,PLSR,22,-0.06678255050950233,2.4390964985220926,1.0419337326207472
015,South East Asia,50,target_only,Ridge,22,0.26774916133100923,1.7062442767047703,1.4894566701993108
015,South East Asia,50,target_only,MLP,22,0.3399748865013381,1.7094324690152716,1.4866787457192114
015,South East Asia,50,target_only,PLSR,23,0.015900424418522463,2.57214244852967,0.9880389479906381
015,South East Asia,50,target_only,Ridge,23,0.4569087456993123,1.9658136572738065,1.2927862768293634
015,South East Asia,50,target_only,MLP,23,0.13193622522963078,2.210435599038884,1.1497176936674067
015,South East Asia,50,target_only,PLSR,24,0.26019217478062207,3.1069148907134716,0.817974424250713
015,South East Asia,50,target_only,Ridge,24,0.46214767552447567,1.9421560101712407,1.3085338693791362
015,South East Asia,50,target_only,MLP,24,0.2168589895355325,4.589310694056341,0.5537600498956586
015,South East Asia,50,target_only,PLSR,25,0.1849632491644273,3.3761018407614785,0.7527548157001426
015,South East Asia,50,target_only,Ridge,25,0.35235239972986276,2.466281730360257,1.0304487470521433
015,South East Asia,50,target_only,MLP,25,-0.006530864054304919,2.8117139796953388,0.9038532856754825
015,South East Asia,50,target_only,PLSR,26,0.14611972900337233,3.8073509716543676,0.667492158681405
015,South East Asia,50,target_only,Ridge,26,0.4802273199500108,2.3413045254719402,1.0854533834786184
015,South East Asia,50,target_only,MLP,26,0.44899735747598635,2.0943675037255858,1.213434086618784
015,South East Asia,50,target_only,PLSR,27,0.1508323923461946,3.811693218143331,0.6667317576426622
015,South East Asia,50,target_only,Ridge,27,0.30778960831212254,3.338402856502295,0.7612553152407631
015,South East Asia,50,target_only,MLP,27,0.007966848006288663,3.6552443213502404,0.6952686867149113
015,South East Asia,50,target_only,PLSR,28,-0.09167445485988357,6.555663936406668,0.3876612565226024
015,South East Asia,50,target_only,Ridge,28,0.4009058348786131,3.274939934792402,0.7760071847206005
015,South East Asia,50,target_only,MLP,28,0.19086943640318432,3.4963262713648486,0.7268706412617637
015,South East Asia,50,target_only,PLSR,29,0.2899499970321622,2.3206916207069295,1.095094624486628
015,South East Asia,50,target_only,Ridge,29,0.3580196294149026,1.5958063027557086,1.5925347045808487
015,South East Asia,50,target_only,MLP,29,0.21606919692077942,1.8137930424526811,1.4011394130670887
015,South East Asia,100,target_only,PLSR,0,0.5357012989104074,2.139749441675278,1.1876983675890547
015,South East Asia,100,target_only,Ridge,0,0.5534670456939075,1.8918992656736078,1.3432939929930494
015,South East Asia,100,target_only,MLP,0,0.5220532374089827,2.129122027188455,1.1936267092606496
015,South East Asia,100,pooled,PLSR,0,0.4652071866476126,1.8689963899029403,1.3597548570221134
015,South East Asia,100,pooled,Ridge,0,0.5533381408000235,1.8937263597516165,1.3419979638772357
015,South East Asia,100,pooled,MLP,0,0.6748551058897891,1.5008862902933888,1.6932508047831778
015,South East Asia,100,target_only,PLSR,1,0.5775624901233832,2.01392917410091,1.2618998481224544
015,South East Asia,100,target_only,Ridge,1,0.6031371332481444,1.838956074882301,1.3819671680249213
015,South East Asia,100,target_only,MLP,1,0.5539938943547275,2.4527805650991072,1.0361207827103895
015,South East Asia,100,pooled,PLSR,1,0.46138365616789745,1.8947532510278906,1.3412706470083318
015,South East Asia,100,pooled,Ridge,1,0.5459555134497913,1.9208699483041545,1.3230343476251376
015,South East Asia,100,pooled,MLP,1,0.6514550362594791,1.9884525019387493,1.2780677016169437
015,South East Asia,100,target_only,PLSR,2,0.3927031902795358,3.7826567520043217,0.6718497303728962
015,South East Asia,100,target_only,Ridge,2,0.5595236390316323,2.0985459057079443,1.2110180253931522
015,South East Asia,100,target_only,MLP,2,0.5993227555241396,1.83525612068329,1.384753272464843
015,South East Asia,100,pooled,PLSR,2,0.46717095516253826,1.8792649837674598,1.3523249466567981
015,South East Asia,100,pooled,Ridge,2,0.5481148110760399,1.9579021137980028,1.2980102023576001
015,South East Asia,100,pooled,MLP,2,0.6173308261134445,1.5189428224886783,1.6731221750424128
015,South East Asia,100,target_only,PLSR,3,0.4449950517768203,2.145433432439659,1.184551746281597
015,South East Asia,100,target_only,Ridge,3,0.5096386329395397,1.8921600944007915,1.3431088238504052
015,South East Asia,100,target_only,MLP,3,0.5030724690719175,1.844395967850217,1.3778911704570065
015,South East Asia,100,pooled,PLSR,3,0.4574874933514933,1.8833487224828707,1.3493926475692464
015,South East Asia,100,pooled,Ridge,3,0.5413156300988063,1.943738588077505,1.3074684705626596
015,South East Asia,100,pooled,MLP,3,0.6334406978802453,1.5910114357694223,1.597334162276649
015,South East Asia,100,target_only,PLSR,4,0.53664272894581,2.180906311104166,1.1652847744938895
015,South East Asia,100,target_only,Ridge,4,0.5691641774791458,1.8821120641385225,1.350279277918849
015,South East Asia,100,target_only,MLP,4,0.47056473465531545,2.2523694401386836,1.1283126442928653
015,South East Asia,100,pooled,PLSR,4,0.46971508470200185,1.9057847544732558,1.3335067944909318
015,South East Asia,100,pooled,Ridge,4,0.5433848422680476,1.967854232602025,1.2914457162647381
015,South East Asia,100,pooled,MLP,4,0.6973720669017272,1.7541663333515267,1.4487662148159806
015,South East Asia,100,target_only,PLSR,5,0.5304038891180931,2.5328537939511175,1.0033650284104656
015,South East Asia,100,target_only,Ridge,5,0.5665436369416693,2.439022131480949,1.0419655017169611
015,South East Asia,100,target_only,MLP,5,0.49537219602620086,2.0025852820260264,1.269048035924939
015,South East Asia,100,pooled,PLSR,5,0.4783040521641294,1.8944165165973308,1.3415090592073333
015,South East Asia,100,pooled,Ridge,5,0.556064252049375,1.9380496738729862,1.3113063886792165
015,South East Asia,100,pooled,MLP,5,0.7005392344787668,1.9112272184291268,1.3297094633343092
015,South East Asia,100,target_only,PLSR,6,0.2854309067897479,6.358190489407122,0.3997012865785172
015,South East Asia,100,target_only,Ridge,6,0.5062056698260964,2.4570592810497516,1.034316484965533
015,South East Asia,100,target_only,MLP,6,0.4201373678228387,2.8488713537899195,0.8920644716183713
015,South East Asia,100,pooled,PLSR,6,0.4531538223336482,1.8908430970793437,1.3440443169783947
015,South East Asia,100,pooled,Ridge,6,0.5426434030627606,1.941687437540217,1.30884964788504
015,South East Asia,100,pooled,MLP,6,0.6401042892732932,1.3644366337508165,1.8625833227162119
015,South East Asia,100,target_only,PLSR,7,0.43716000132330834,2.576617324367568,0.9863229960045001
015,South East Asia,100,target_only,Ridge,7,0.5251334795315127,2.134447261422633,1.1906487289985617
015,South East Asia,100,target_only,MLP,7,0.5401778932205656,1.6223498451289344,1.566478972804627
015,South East Asia,100,pooled,PLSR,7,0.4681025238909199,1.8595431147495782,1.3666673812344288
015,South East Asia,100,pooled,Ridge,7,0.5568252265149526,1.904276291485475,1.3345631252620693
015,South East Asia,100,pooled,MLP,7,0.692709559584328,1.4384970472380543,1.7666890062838974
015,South East Asia,100,target_only,PLSR,8,0.45989846562597025,2.467093497274404,1.0301096905062501
015,South East Asia,100,target_only,Ridge,8,0.5493164083227973,2.3675374140222867,1.0734262968244672
015,South East Asia,100,target_only,MLP,8,0.5073156749618649,2.361939425089112,1.0759704046311167
015,South East Asia,100,pooled,PLSR,8,0.4809623404372577,1.8880783745419347,1.346012407744398
015,South East Asia,100,pooled,Ridge,8,0.5596062610078693,1.9336196887128254,1.3143106339691162
015,South East Asia,100,pooled,MLP,8,0.7188824298793124,1.6651241957855372,1.5262386585694898
015,South East Asia,100,target_only,PLSR,9,0.5877978480830426,2.3509555872944548,1.0809974176721926
015,South East Asia,100,target_only,Ridge,9,0.6154008812095345,1.9624596876359104,1.2949957316008895
015,South East Asia,100,target_only,MLP,9,0.48642333847947217,1.654517264037184,1.5360232100123938
015,South East Asia,100,pooled,PLSR,9,0.45765962849060193,1.8971727690597728,1.339560086658217
015,South East Asia,100,pooled,Ridge,9,0.5473899352045319,1.9390944227197464,1.3105998806199544
015,South East Asia,100,pooled,MLP,9,0.7400102888095834,1.555684274254445,1.6336071277350044
015,South East Asia,100,target_only,PLSR,10,0.4563581591794933,1.8959988760911313,1.3403894648749608
015,South East Asia,100,target_only,Ridge,10,0.5641384252794888,1.8526305910387695,1.3717666820466186
015,South East Asia,100,target_only,MLP,10,0.5418295067205761,1.2952207650205287,1.962118727217162
015,South East Asia,100,target_only,PLSR,11,0.6138586131486731,2.31189829476106,1.099259826734712
015,South East Asia,100,target_only,Ridge,11,0.619065422944187,2.099747111623427,1.2103252362435417
015,South East Asia,100,target_only,MLP,11,0.5765895935318315,2.366218728289212,1.0740245136867574
015,South East Asia,100,target_only,PLSR,12,0.48712941879836436,2.1942874472733886,1.1581786707503714
015,South East Asia,100,target_only,Ridge,12,0.5344992171313827,2.1167792713893996,1.2005866427722642
015,South East Asia,100,target_only,MLP,12,0.5670954757542458,1.928891219927477,1.3175325247334944
015,South East Asia,100,target_only,PLSR,13,0.5568320604835857,2.1325535442893013,1.191706030421976
015,South East Asia,100,target_only,Ridge,13,0.5995604310222555,2.049047961177417,1.2402720517420203
015,South East Asia,100,target_only,MLP,13,0.5635833466997888,1.7863960061939308,1.4226279672120066
015,South East Asia,100,target_only,PLSR,14,0.4548628261452752,2.7800015954299084,0.914163834691725
015,South East Asia,100,target_only,Ridge,14,0.5760096001651689,2.362583347146022,1.0756771489129802
015,South East Asia,100,target_only,MLP,14,0.5626543962677528,1.968166334140311,1.2912409255477812
015,South East Asia,100,target_only,PLSR,15,0.4753054273954287,2.5520292369333597,0.9958259420182657
015,South East Asia,100,target_only,Ridge,15,0.5095961492131018,2.1792930902779215,1.166147376075616
015,South East Asia,100,target_only,MLP,15,0.5177547513213749,1.7556672517290706,1.4475276658629026
015,South East Asia,100,target_only,PLSR,16,0.5017032581607335,2.0785316183962963,1.2226789799272495
015,South East Asia,100,target_only,Ridge,16,0.5402088222066109,2.072808260440291,1.2260549938118723
015,South East Asia,100,target_only,MLP,16,0.5518599166648397,2.007055046229839,1.2662218326802641
015,South East Asia,100,target_only,PLSR,17,0.6082173109405178,2.1045351235806744,1.207571634444094
015,South East Asia,100,target_only,Ridge,17,0.6017473165796912,1.9520713142108994,1.3018873339443742
015,South East Asia,100,target_only,MLP,17,0.6143011354255616,1.5137567864405626,1.6788541869418108
015,South East Asia,100,target_only,PLSR,18,0.5705214441923987,1.8074580860184346,1.4060502639514036
015,South East Asia,100,target_only,Ridge,18,0.595483527751556,2.0298923880944826,1.2519761805269791
015,South East Asia,100,target_only,MLP,18,0.5680132580866766,1.3929543098393378,1.8244510254040127
015,South East Asia,100,target_only,PLSR,19,0.5036919234657773,2.0323820184877777,1.2504425328552482
015,South East Asia,100,target_only,Ridge,19,0.5140113634635821,2.0285842956421023,1.2527834925996524
015,South East Asia,100,target_only,MLP,19,0.4368497529896024,2.4141873972332903,1.0526841958663982
015,South East Asia,100,target_only,PLSR,20,0.32182932727777414,2.097841214805668,1.2114248213789323
015,South East Asia,100,target_only,Ridge,20,0.4718430697921733,1.6930079192854681,1.5011016132753259
015,South East Asia,100,target_only,MLP,20,0.3881553722098383,2.657127041460472,0.9564378666405307
015,South East Asia,100,target_only,PLSR,21,0.5034970177846882,2.106105708351657,1.2066711128741618
015,South East Asia,100,target_only,Ridge,21,0.545280390610012,1.794818332332092,1.4159521736248302
015,South East Asia,100,target_only,MLP,21,0.45229705531479525,1.884401439496304,1.348638812124142
015,South East Asia,100,target_only,PLSR,22,0.4723214586568262,3.530515074760098,0.719831771034148
015,South East Asia,100,target_only,Ridge,22,0.4979884112328371,3.0428331743896937,0.8352008714500252
015,South East Asia,100,target_only,MLP,22,0.5046791414925129,2.1613054794948745,1.1758527163505235
015,South East Asia,100,target_only,PLSR,23,0.5899515337355239,2.028468826651515,1.2528548063134322
015,South East Asia,100,target_only,Ridge,23,0.590519715213477,1.9751026004971612,1.2867062796067497
015,South East Asia,100,target_only,MLP,23,0.6283053096872733,1.6208086745821177,1.5679684831292904
015,South East Asia,100,target_only,PLSR,24,0.5648086451469776,2.7257284474247947,0.9323661428299481
015,South East Asia,100,target_only,Ridge,24,0.6213098894328053,2.0149521550444573,1.261259187998559
015,South East Asia,100,target_only,MLP,24,0.515173381063231,1.4401266065849505,1.7646899288624507
015,South East Asia,100,target_only,PLSR,25,0.528088617418887,2.592223520626691,0.9803849470175784
015,South East Asia,100,target_only,Ridge,25,0.5809998650036521,2.248187154342356,1.13041163589013
015,South East Asia,100,target_only,MLP,25,0.5185458742620352,2.6130187355426098,0.9725827390210372
015,South East Asia,100,target_only,PLSR,26,0.524912019641923,1.895088278363066,1.3410335275370402
015,South East Asia,100,target_only,Ridge,26,0.6026847052014768,1.8681635631863256,1.3603610353007665
015,South East Asia,100,target_only,MLP,26,0.5086713477713551,1.8984854680163403,1.3386338540598433
015,South East Asia,100,target_only,PLSR,27,0.5623700413273427,1.932830438252651,1.3148473185391347
015,South East Asia,100,target_only,Ridge,27,0.5974765356898295,1.6645710793417599,1.5267458088556267
015,South East Asia,100,target_only,MLP,27,0.5588527560636235,1.5833670090068255,1.6050460218451876
015,South East Asia,100,target_only,PLSR,28,0.5916771337849512,2.307510017711322,1.101350329758462
015,South East Asia,100,target_only,Ridge,28,0.6074496552214237,2.2602500424279204,1.12437866219324
015,South East Asia,100,target_only,MLP,28,0.6123284703802062,1.9687807464218177,1.2908379582369303
015,South East Asia,100,target_only,PLSR,29,0.5966311511202944,2.402111328151729,1.0579763265521693
015,South East Asia,100,target_only,Ridge,29,0.6176170345174488,2.090926230761902,1.215431171859793
015,South East Asia,100,target_only,MLP,29,0.596406465611915,2.053130276769273,1.2378059725105859
016,Oceania,10,target_only,PLSR,0,-0.018976780124632997,0.9787323732086111,1.4213636142373034
016,Oceania,10,target_only,Ridge,0,-0.007275731109814609,1.0321003350824733,1.3478675823157074
016,Oceania,10,target_only,MLP,0,0.3973816210876092,1.057116340260227,1.3159711286010332
016,Oceania,10,pooled,PLSR,0,0.4786742557869861,1.2532026682163229,1.110063534523781
016,Oceania,10,pooled,Ridge,0,0.5350276841355982,1.2188772703793582,1.1413245756251356
016,Oceania,10,pooled,MLP,0,0.6244433327894608,0.9544480789632855,1.4575277733974643
016,Oceania,10,target_only,PLSR,1,-3.2594617374705503,440.33503963012197,0.00315926387444294
016,Oceania,10,target_only,Ridge,1,0.5183570727992146,1.0963788594261894,1.2688447714897761
016,Oceania,10,target_only,MLP,1,-0.04723782244485131,1.3796849606220176,1.0082987225777
016,Oceania,10,pooled,PLSR,1,0.4811442726613129,1.253657028010329,1.1096612169619513
016,Oceania,10,pooled,Ridge,1,0.5375356967820097,1.2194183538058152,1.1408181441693916
016,Oceania,10,pooled,MLP,1,0.6877009509714829,0.9708838698348481,1.4328537393370055
016,Oceania,10,target_only,PLSR,2,-0.7331375616856939,3.17621513112722,0.4379849997317843
016,Oceania,10,target_only,Ridge,2,0.0891549516648007,1.5023932214195423,0.9259457268054135
016,Oceania,10,target_only,MLP,2,-0.37909712219917036,9.543446061920273,0.14576858027266193
016,Oceania,10,pooled,PLSR,2,0.4820462467588399,1.252479021451743,1.1107048976695728
016,Oceania,10,pooled,Ridge,2,0.5393440840382401,1.2177907111923951,1.1423429088178219
016,Oceania,10,pooled,MLP,2,0.702476906981989,0.9720602072095839,1.4311197732785137
016,Oceania,10,target_only,PLSR,3,0.6183919385733128,1.12043160841315,1.2416059783649689
016,Oceania,10,target_only,Ridge,3,0.6082892538282973,1.1070153134623675,1.2566534233423103
016,Oceania,10,target_only,MLP,3,0.2869681201996165,2.0451355565446696,0.680216320577408
016,Oceania,10,pooled,PLSR,3,0.48337852701680284,1.2531145085242303,1.1101416302275184
016,Oceania,10,pooled,Ridge,3,0.5408931307150241,1.2183517384637752,1.1418168821336703
016,Oceania,10,pooled,MLP,3,0.6258901184010854,1.0069464787550937,1.381537760651122
016,Oceania,10,target_only,PLSR,4,0.5247794353257571,1.2267686399768825,1.1339828375308483
016,Oceania,10,target_only,Ridge,4,0.454446115176919,1.0143394918607014,1.371468423065094
016,Oceania,10,target_only,MLP,4,-0.12273446944428179,1.400854810312794,0.9930612174178287
016,Oceania,10,pooled,PLSR,4,0.48515406198739996,1.2510145017361602,1.112005161750104
016,Oceania,10,pooled,Ridge,4,0.5445842579255209,1.215538545158364,1.1444594570002744
016,Oceania,10,pooled,MLP,4,0.7281929940702357,0.9077427576486771,1.5325207187092253
016,Oceania,10,target_only,PLSR,5,-0.3489584835600794,0.9567203843098159,1.4540660010692863
016,Oceania,10,target_only,Ridge,5,0.1301203143986397,0.9735081934003353,1.4289911402756619
016,Oceania,10,target_only,MLP,5,0.5250989567870694,1.6036950032269535,0.8674558320351471
016,Oceania,10,pooled,PLSR,5,0.48174171642824315,1.2529307211655307,1.110304472429849
016,Oceania,10,pooled,Ridge,5,0.5400688667239024,1.2177336365366487,1.1423964499423414
016,Oceania,10,pooled,MLP,5,0.741258491792953,0.9262843868789824,1.5018439294244461
016,Oceania,10,target_only,PLSR,6,0.1347296854124641,5.235537958261873,0.26570996036034517
016,Oceania,10,target_only,Ridge,6,0.4858721259684122,1.23012351755223,1.130890161439238
016,Oceania,10,target_only,MLP,6,0.04854331544438273,1.8583565092978187,0.7485832650487962
016,Oceania,10,pooled,PLSR,6,0.48292530128975975,1.2521120899759832,1.1110303897644884
016,Oceania,10,pooled,Ridge,6,0.5424960024270877,1.2165483545600966,1.143509485784376
016,Oceania,10,pooled,MLP,6,0.6657833840287553,0.9855588785048431,1.4115184934108516
016,Oceania,10,target_only,PLSR,7,-1.486248596922235,20.558944475168257,0.06766566177729119
016,Oceania,10,target_only,Ridge,7,0.12112464027937508,1.4055436761829398,0.9897483848618449
016,Oceania,10,target_only,MLP,7,-0.8795255333920555,3.030282767197875,0.45907748227774703
016,Oceania,10,pooled,PLSR,7,0.4841371338324746,1.251747340200762,1.1113541356770347
016,Oceania,10,pooled,Ridge,7,0.5418602273414826,1.2169045754330978,1.143174749638638
016,Oceania,10,pooled,MLP,7,0.5542430334143991,0.9539072726707126,1.4583541012954016
016,Oceania,10,target_only,PLSR,8,0.417180719117897,3.794257783121817,0.36664208466359266
016,Oceania,10,target_only,Ridge,8,0.2842784479195617,1.4417307302490583,0.9649059662580175
016,Oceania,10,target_only,MLP,8,-1.1372231102534287,1.816466643083648,0.7658464792908302
016,Oceania,10,pooled,PLSR,8,0.4813938351947694,1.2531957642595877,1.1100696499534963
016,Oceania,10,pooled,Ridge,8,0.5379897543176992,1.2189995242622929,1.1412101117896036
016,Oceania,10,pooled,MLP,8,0.6724745039948785,0.9739381061089482,1.4283603594818453
016,Oceania,10,target_only,PLSR,9,-0.2536812042619281,20.152651839259708,0.06902985247056931
016,Oceania,10,target_only,Ridge,9,0.41543961960807263,1.593763671794327,0.8728612704471085
016,Oceania,10,target_only,MLP,9,-0.05988110401518876,4.586226894004764,0.3033287745038023
016,Oceania,10,pooled,PLSR,9,0.482111407191929,1.2548222172895713,1.1086308197185968
016,Oceania,10,pooled,Ridge,9,0.5395757625525657,1.2197910814227502,1.1404695480575588
016,Oceania,10,pooled,MLP,9,0.5905482272974443,1.022725956153667,1.3602222325389222
016,Oceania,10,target_only,PLSR,10,0.08955084784190248,1.138881882859356,1.2214915385800724
016,Oceania,10,target_only,Ridge,10,0.6295302666300479,0.8917572336631377,1.559992485444023
016,Oceania,10,target_only,MLP,10,-0.4993014186631777,3.214127265952623,0.43281876174947653
016,Oceania,10,target_only,PLSR,11,0.5311058322763458,1.2563147855121715,1.1073137078361377
016,Oceania,10,target_only,Ridge,11,0.5476818309671843,1.2198143122676275,1.1404478282999762
016,Oceania,10,target_only,MLP,11,0.14494071046948653,2.2408557583681645,0.620805055461444
016,Oceania,10,target_only,PLSR,12,-0.01120585696050247,2.05699320964841,0.6762951753217616
016,Oceania,10,target_only,Ridge,12,-0.026803799686614616,1.2280090395077856,1.1328374129171261
016,Oceania,10,target_only,MLP,12,-1.5160830459771066,40.704171182087,0.03417670825753239
016,Oceania,10,target_only,PLSR,13,0.3252976862621827,4.306628656534189,0.3230217170556741
016,Oceania,10,target_only,Ridge,13,0.611389047735799,1.1712768268932265,1.1877077659299242
016,Oceania,10,target_only,MLP,13,-0.8096990116089349,15.698106177030608,0.08861798790674165
016,Oceania,10,target_only,PLSR,14,0.6499393027866153,1.1977975428525651,1.161410450084783
016,Oceania,10,target_only,Ridge,14,0.529904753363354,1.3671796736886228,1.0175214056551851
016,Oceania,10,target_only,MLP,14,0.21407352777633937,1.4649585104977658,0.9496068136988828
016,Oceania,10,target_only,PLSR,15,0.2687171520262922,3.039368309398672,0.4577051682262475
016,Oceania,10,target_only,Ridge,15,0.5131068524582905,1.6807488465099933,0.8276873646193357
016,Oceania,10,target_only,MLP,15,0.41461792112932994,1.3388822489141232,1.0390268333776924
016,Oceania,10,target_only,PLSR,16,0.6433917666385561,1.0756321186233277,1.2933181886901257
016,Oceania,10,target_only,Ridge,16,0.5495745762242584,0.966142594296764,1.439885366370193
016,Oceania,10,target_only,MLP,16,-2.798039552344016,95.92569555601312,0.014502210020906552
016,Oceania,10,target_only,PLSR,17,0.4919627347453306,1.3761347035933293,1.0109000083511797
016,Oceania,10,target_only,Ridge,17,0.575305438512522,1.231799824621627,1.1293511782908077
016,Oceania,10,target_only,MLP,17,-0.12463056607349143,1.8032082572204209,0.7714774917342201
016,Oceania,10,target_only,PLSR,18,0.14262048238978653,1.6988110856779441,0.8188871588389035
016,Oceania,10,target_only,Ridge,18,0.25367310464236603,1.3418922862706653,1.0366961622687554
016,Oceania,10,target_only,MLP,18,0.05173028638685062,2.906346690087356,0.4786540394852314
016,Oceania,10,target_only,PLSR,19,0.7274466728912367,0.736044739543002,1.8900136209363811
016,Oceania,10,target_only,Ridge,19,0.6550175453747424,0.8108464196480711,1.7156573053114474
016,Oceania,10,target_only,MLP,19,0.392051316063605,1.6247640371128387,0.8562071485942371
016,Oceania,10,target_only,PLSR,20,-0.6249951752916607,1.5275208104448696,0.9107139973757187
016,Oceania,10,target_only,Ridge,20,-0.44235202236172744,1.4867342793793858,0.935698196140034
016,Oceania,10,target_only,MLP,20,-1.8644104068873935,1.617848700289731,0.8598669227262813
016,Oceania,10,target_only,PLSR,21,0.30684139922698794,2.4119387127183196,0.5767702869145455
016,Oceania,10,target_only,Ridge,21,0.6819150253716156,1.0990010122113303,1.2658173813286162
016,Oceania,10,target_only,MLP,21,-0.8527994729750548,1.6311327672817109,0.8528641023337272
016,Oceania,10,target_only,PLSR,22,-0.31565907170331675,1.0709275812114347,1.2989996781866346
016,Oceania,10,target_only,Ridge,22,0.16703062019256287,0.9838588406640763,1.413957496601717
016,Oceania,10,target_only,MLP,22,-0.21020376486418302,12.888372931952864,0.1079371764535105
016,Oceania,10,target_only,PLSR,23,0.1181983837583993,5.807518681451135,0.23954026834180403
016,Oceania,10,target_only,Ridge,23,0.43890847546977596,1.871563538976263,0.7433007506204087
016,Oceania,10,target_only,MLP,23,0.23424391267077127,1.8239900960027418,0.7626875751154044
016,Oceania,10,target_only,PLSR,24,0.5637390905263361,1.2800459204072516,1.0867849044917466
016,Oceania,10,target_only,Ridge,24,0.5892641118469091,1.1756586683564954,1.1832810158237277
016,Oceania,10,target_only,MLP,24,-0.2448702852428002,1.6118884172146528,0.8630464543933685
016,Oceania,10,target_only,PLSR,25,0.03340191390045666,1.2917556854969758,1.0769331995002096
016,Oceania,10,target_only,Ridge,25,0.2960571968461351,1.3201822247619561,1.053744367453275
016,Oceania,10,target_only,MLP,25,-0.14531028393027356,1.6189701011025914,0.8592713246572123
016,Oceania,10,target_only,PLSR,26,0.5799504662122563,0.9938574268723921,1.3997325428584453
016,Oceania,10,target_only,Ridge,26,0.6361956868193333,0.8446053660373722,1.6470823408115662
016,Oceania,10,target_only,MLP,26,0.6421385986659331,0.9490017500817879,1.4658925373266725
016,Oceania,10,target_only,PLSR,27,0.5071806350856918,3.0949748457251465,0.4494817091248135
016,Oceania,10,target_only,Ridge,27,0.472887533289552,1.2729935733349742,1.0928056609982453
016,Oceania,10,target_only,MLP,27,-0.14006530233933479,19.849191262918307,0.07008520220940803
016,Oceania,10,target_only,PLSR,28,0.19981012470875759,1.0645454466319801,1.3067874065462688
016,Oceania,10,target_only,Ridge,28,0.3374541094625474,1.112363355673957,1.2506116605324402
016,Oceania,10,target_only,MLP,28,0.41487542757445905,1.930543407793271,0.7205922320829846
016,Oceania,10,target_only,PLSR,29,-0.45362771825849824,63.33093674894765,0.0219661141105411
016,Oceania,10,target_only,Ridge,29,0.5986896584440726,1.1581231151822249,1.2011974937016576
016,Oceania,10,target_only,MLP,29,0.19935152118907995,1.365966648841265,1.0184249992742718
016,Oceania,25,target_only,PLSR,0,0.60031271625545,0.8514709313062004,1.6338016157765625
016,Oceania,25,target_only,Ridge,0,0.8000316988886532,0.9682562689445051,1.4367421394248434
016,Oceania,25,target_only,MLP,0,0.6471213040625089,1.1282588148974597,1.232992434879648
016,Oceania,25,pooled,PLSR,0,0.4903075555324996,1.2513357590489216,1.1117196749912888
016,Oceania,25,pooled,Ridge,0,0.544909024052586,1.2176014487178195,1.1425204731973357
016,Oceania,25,pooled,MLP,0,0.6754957324151292,1.0991728020993414,1.265619546533427
016,Oceania,25,target_only,PLSR,1,0.10837734065548654,2.006301280358557,0.6933826923074223
016,Oceania,25,target_only,Ridge,1,0.5353885416481514,0.910889698233,1.5272261680568495
016,Oceania,25,target_only,MLP,1,0.5897286292475872,0.8440471010434415,1.648171744959581
016,Oceania,25,pooled,PLSR,1,0.49213894476578823,1.2496099480090375,1.1132550485623884
016,Oceania,25,pooled,Ridge,1,0.5494990232068258,1.2142157480750693,1.1457062598308825
016,Oceania,25,pooled,MLP,1,0.7426800543885758,1.056676689593712,1.3165186637075625
016,Oceania,25,target_only,PLSR,2,-1.062946072529782,459.1995357557016,0.0030294773296437763
016,Oceania,25,target_only,Ridge,2,0.5189881256924,2.488367248647536,0.5590551732711265
016,Oceania,25,target_only,MLP,2,0.4733086707270814,2.49419333838432,0.5577492979176945
016,Oceania,25,pooled,PLSR,2,0.48917840598560125,1.2515221170408939,1.11155413429213
016,Oceania,25,pooled,Ridge,2,0.5462771778173503,1.2156002824488763,1.1444013327739175
016,Oceania,25,pooled,MLP,2,0.7487851751478223,0.9748932190430769,1.4269609801167114
016,Oceania,25,target_only,PLSR,3,0.5475773999507305,1.0360421302536296,1.3427393951771887
016,Oceania,25,target_only,Ridge,3,0.7748790497816912,0.6236176643766269,2.2307491638252963
016,Oceania,25,target_only,MLP,3,0.8006839837768901,0.6435237287266595,2.1617455911182684
016,Oceania,25,pooled,PLSR,3,0.49218900878704364,1.2484832958824936,1.1142596684655823
016,Oceania,25,pooled,Ridge,3,0.5503395283663737,1.211918227493322,1.1478782576215607
016,Oceania,25,pooled,MLP,3,0.7334084287671367,0.9112990856593314,1.5265400846401036
016,Oceania,25,target_only,PLSR,4,0.7087102511078245,0.9058492579032561,1.5357241519133824
016,Oceania,25,target_only,Ridge,4,0.7223628216699594,0.9673083510086506,1.4381500809997698
016,Oceania,25,target_only,MLP,4,0.6997211454736325,0.8845170211912327,1.5727618011028432
016,Oceania,25,pooled,PLSR,4,0.49008157022778776,1.2492345404544096,1.1135895929108868
016,Oceania,25,pooled,Ridge,4,0.5500723361826123,1.2131904174909607,1.1466745560288023
016,Oceania,25,pooled,MLP,4,0.7147547205206651,0.9329004807016003,1.4911929108543533
016,Oceania,25,target_only,PLSR,5,0.32758031990356684,1.9380564705537193,0.7177987868214106
016,Oceania,25,target_only,Ridge,5,0.5503401784942382,1.0173756544145431,1.367375538542235
016,Oceania,25,target_only,MLP,5,0.6539062128638955,1.3419075509364085,1.0366843694888555
016,Oceania,25,pooled,PLSR,5,0.4865382707153286,1.2512164490218844,1.111825683271938
016,Oceania,25,pooled,Ridge,5,0.5458818895128688,1.2150896292564441,1.144882278524695
016,Oceania,25,pooled,MLP,5,0.7244608925687811,1.0490088403206057,1.3261419064206132
016,Oceania,25,target_only,PLSR,6,0.5965158315340124,0.9523201710284797,1.4607845404056259
016,Oceania,25,target_only,Ridge,6,0.7165947462950457,0.8424715146635109,1.6512541482313188
016,Oceania,25,target_only,MLP,6,0.7015286391255466,1.0204824583341647,1.363212637310525
016,Oceania,25,pooled,PLSR,6,0.48663214008296773,1.25259364079073,1.1106032619458752
016,Oceania,25,pooled,Ridge,6,0.544734080457806,1.2171637627581684,1.1429313178059521
016,Oceania,25,pooled,MLP,6,0.7324159599285442,0.993779553191064,1.399842227471735
016,Oceania,25,target_only,PLSR,7,0.3621798845229173,2.1393564890753165,0.6502584260541486
016,Oceania,25,target_only,Ridge,7,0.6360311735284856,0.6535916981824933,2.1284459200190415
016,Oceania,25,target_only,MLP,7,0.5930027731577727,1.1591715368678528,1.2001110613134698
016,Oceania,25,pooled,PLSR,7,0.4903231294822702,1.2484644848153372,1.1142764574201005
016,Oceania,25,pooled,Ridge,7,0.5481606981725393,1.212096180293489,1.147709732917403
016,Oceania,25,pooled,MLP,7,0.7213087084035339,0.9437789090167468,1.4740047378301393
016,Oceania,25,target_only,PLSR,8,0.6059002017690817,1.1167539031328455,1.245694847765721
016,Oceania,25,target_only,Ridge,8,0.7391103522251277,1.1264818186017314,1.2349374489520115
016,Oceania,25,target_only,MLP,8,0.4465576967474546,2.406557653894252,0.5780599442958425
016,Oceania,25,pooled,PLSR,8,0.4893268002024901,1.2511138107073076,1.111916894729487
016,Oceania,25,pooled,Ridge,8,0.5456449542559267,1.2162797754196513,1.1437619957750786
016,Oceania,25,pooled,MLP,8,0.7224039434494338,0.9573526749154839,1.4531056524991226
016,Oceania,25,target_only,PLSR,9,0.7744754504316133,0.9785797544806585,1.4215852892778607
016,Oceania,25,target_only,Ridge,9,0.652976784907145,0.9940702557949912,1.3994328622601306
016,Oceania,25,target_only,MLP,9,0.6530140826887578,0.8537086556953166,1.6295191270162455
016,Oceania,25,pooled,PLSR,9,0.489810721712173,1.2496817895263952,1.1131910499248432
016,Oceania,25,pooled,Ridge,9,0.5486144948679144,1.2139540512722193,1.145953244191525
016,Oceania,25,pooled,MLP,9,0.7162819114824143,0.9422154682732647,1.476450589273687
016,Oceania,25,target_only,PLSR,10,0.4269665602407393,1.6644718402900716,0.8357813870329031
016,Oceania,25,target_only,Ridge,10,0.6893537124675237,0.9012174123051769,1.5436170721519176
016,Oceania,25,target_only,MLP,10,0.6744615923039992,0.8832823951697781,1.574960161056364
016,Oceania,25,target_only,PLSR,11,0.44154664652900943,0.8791414535679416,1.582378555474788
016,Oceania,25,target_only,Ridge,11,0.7173905669362637,0.7988033416179453,1.7415232396714257
016,Oceania,25,target_only,MLP,11,0.7531333406911405,0.7475792358587994,1.860852357351453
016,Oceania,25,target_only,PLSR,12,0.5380449979789255,1.662492797115098,0.8367763071027209
016,Oceania,25,target_only,Ridge,12,0.718259017176255,1.0737748902050634,1.2955551447931268
016,Oceania,25,target_only,MLP,12,0.826293244112851,1.0596562307861486,1.3128168767740607
016,Oceania,25,target_only,PLSR,13,0.43123784839091917,4.159680110442966,0.3344330685098529
016,Oceania,25,target_only,Ridge,13,0.7311311066634425,1.0365163483694382,1.3421250765058002
016,Oceania,25,target_only,MLP,13,0.6827440991160021,0.982657180022815,1.4156865808710073
016,Oceania,25,target_only,PLSR,14,0.7174228151241734,0.9168959700143606,1.5172218319740858
016,Oceania,25,target_only,Ridge,14,0.7580858276745164,0.7514703488595985,1.8512168649980338
016,Oceania,25,target_only,MLP,14,0.8284463706765617,0.6210891396831126,2.2398307979827483
016,Oceania,25,target_only,PLSR,15,0.7954880279157606,1.1162172151140983,1.2462937898808921
016,Oceania,25,target_only,Ridge,15,0.7769636104819757,1.1110301121126411,1.2521124028849053
016,Oceania,25,target_only,MLP,15,0.7600131680194657,0.9407060540684554,1.4788196348246436
016,Oceania,25,target_only,PLSR,16,-0.18444095989699139,1.634379089085998,0.8511700820479879
016,Oceania,25,target_only,Ridge,16,0.2055059872579864,1.1726769144101743,1.1862897327134208
016,Oceania,25,target_only,MLP,16,0.5432910008393239,0.9126204755810982,1.5243297959856308
016,Oceania,25,target_only,PLSR,17,0.4550080641212827,1.9680878570792288,0.7068457733484416
016,Oceania,25,target_only,Ridge,17,0.6549271626916322,1.086982413061127,1.2798133315121205
016,Oceania,25,target_only,MLP,17,0.7456316985527138,1.0616935983878568,1.3102976089026364
016,Oceania,25,target_only,PLSR,18,0.5838684201318511,2.377808339692025,0.5850490807577137
016,Oceania,25,target_only,Ridge,18,0.6956638048446184,1.1943189620794665,1.1647931813229326
016,Oceania,25,target_only,MLP,18,0.5766304557118801,1.6002689750672512,0.8693129748993493
016,Oceania,25,target_only,PLSR,19,0.4135946504954946,1.2977021415680787,1.071998372194922
016,Oceania,25,target_only,Ridge,19,0.5555847524422862,1.254535948279477,1.108883795050038
016,Oceania,25,target_only,MLP,19,0.6019142247470461,1.3169193158054324,1.056355212243221
016,Oceania,25,target_only,PLSR,20,-0.17709890252338711,8.947921042256363,0.15547014516391483
016,Oceania,25,target_only,Ridge,20,0.6111932015170544,0.8599562873580636,1.6176805772635885
016,Oceania,25,target_only,MLP,20,0.6828341964155658,1.6413716635617916,0.8475439257529704
016,Oceania,25,target_only,PLSR,21,0.17597600256438217,1.3043991003015203,1.0664945897565208
016,Oceania,25,target_only,Ridge,21,0.47198748424853554,0.8716446779030703,1.5959881573550356
016,Oceania,25,target_only,MLP,21,0.32735365938767635,2.2924998619264363,0.6068199202358271
016,Oceania,25,target_only,PLSR,22,0.4761018762505055,0.9632730420622858,1.4441747278388937
016,Oceania,25,target_only,Ridge,22,0.675485030955287,0.804693719312027,1.7287752469898676
016,Oceania,25,target_only,MLP,22,0.7983657333983951,0.7465250732284006,1.8634800534411855
016,Oceania,25,target_only,PLSR,23,0.6550136658987118,0.6740958454493794,2.063704431270391
016,Oceania,25,target_only,Ridge,23,0.811463045785048,0.8097990422534692,1.7178763011174518
016,Oceania,25,target_only,MLP,23,0.7778027686179401,0.8241520120544046,1.6879587297094556
016,Oceania,25,target_only,PLSR,24,0.4089666397619659,1.142218184574845,1.2179236875594406
016,Oceania,25,target_only,Ridge,24,0.7595916917567189,0.9022796807788168,1.5417997467859026
016,Oceania,25,target_only,MLP,24,0.6714080007647649,0.8401715991533377,1.6557743498551087
016,Oceania,25,target_only,PLSR,25,0.6634834821841566,1.6286542773504407,0.8541619929418033
016,Oceania,25,target_only,Ridge,25,0.7730679270433981,0.894851860829541,1.5545976314618626
016,Oceania,25,target_only,MLP,25,0.6950857944680495,1.624209342929508,0.8564995574066349
016,Oceania,25,target_only,PLSR,26,-2.8418977855433085,1249.8181055193872,0.0011130696356624874
016,Oceania,25,target_only,Ridge,26,0.6823979132295874,0.9638988611367351,1.4432370858019965
016,Oceania,25,target_only,MLP,26,0.6316066734112655,0.9668293208142206,1.4388626341858284
016,Oceania,25,target_only,PLSR,27,0.36243802334811626,6.2907856496358985,0.22113844928659454
016,Oceania,25,target_only,Ridge,27,0.6658225666305644,1.440094953073194,0.9660019850678133
016,Oceania,25,target_only,MLP,27,0.665736416989281,1.1768722383953654,1.1820608371658257
016,Oceania,25,target_only,PLSR,28,-0.938089266378044,25.79319726574064,0.053934166013710705
016,Oceania,25,target_only,Ridge,28,0.5690575888350791,1.285077467840323,1.0825297448353517
016,Oceania,25,target_only,MLP,28,0.19196426592967997,8.94884687204786,0.15545406053377878
016,Oceania,25,target_only,PLSR,29,-2.606673488547981,97.44987682474009,0.014275385754019449
016,Oceania,25,target_only,Ridge,29,0.14894986594843396,3.895060655250393,0.3571535096583537
016,Oceania,25,target_only,MLP,29,-0.590383429199838,6.673745791250881,0.20844884220471635
016,Oceania,50,target_only,PLSR,0,0.7787334146354757,0.5833349462587433,2.3847955488985826
016,Oceania,50,target_only,Ridge,0,0.8318914367137671,0.881460846844276,1.578214833177509
016,Oceania,50,target_only,MLP,0,0.8459156767061359,0.5150345622791347,2.7010509298614562
016,Oceania,50,pooled,PLSR,0,0.5037549083136837,1.246786849418124,1.1157757911900401
016,Oceania,50,pooled,Ridge,0,0.5596433174885418,1.2106319815216682,1.1490978303797155
016,Oceania,50,pooled,MLP,0,0.7303585603587119,0.8382539740776227,1.6595621689543283
016,Oceania,50,target_only,PLSR,1,0.7608665852079439,1.0606588509511485,1.311575896535763
016,Oceania,50,target_only,Ridge,1,0.8102373054643799,0.9552561386823131,1.4562948376063674
016,Oceania,50,target_only,MLP,1,0.8707848164876988,0.6651215526750759,2.0915493983916043
016,Oceania,50,pooled,PLSR,1,0.5013559937872514,1.2484990349477523,1.1142456216740781
016,Oceania,50,pooled,Ridge,1,0.554558245152619,1.2135826673732655,1.1463039319487653
016,Oceania,50,pooled,MLP,1,0.8015846245543995,0.878794542913256,1.5830032111295902
016,Oceania,50,target_only,PLSR,2,0.8230941251192607,0.9154411875716201,1.5196329400964477
016,Oceania,50,target_only,Ridge,2,0.8067428727642452,0.9076555573287768,1.5326679510991406
016,Oceania,50,target_only,MLP,2,0.8946201058230746,0.6377175898913252,2.181427336184832
016,Oceania,50,pooled,PLSR,2,0.506740849615757,1.246842626110399,1.1157258776872052
016,Oceania,50,pooled,Ridge,2,0.558500734652352,1.2118781457842174,1.1479162225956545
016,Oceania,50,pooled,MLP,2,0.841613560872301,0.7844524957145921,1.7733828255433102
016,Oceania,50,target_only,PLSR,3,0.5209376493014798,1.4222299610581264,0.9781361815214841
016,Oceania,50,target_only,Ridge,3,0.7828967007067472,0.8521029685790846,1.6325897628013393
016,Oceania,50,target_only,MLP,3,0.8214270861279118,0.6691523064383641,2.0789505916213753
016,Oceania,50,pooled,PLSR,3,0.5052098098941817,1.2462151621183457,1.1162876408839078
016,Oceania,50,pooled,Ridge,3,0.5555171464897077,1.212416446210744,1.147406559604715
016,Oceania,50,pooled,MLP,3,0.7301585284032963,0.9218355550431696,1.509091915303373
016,Oceania,50,target_only,PLSR,4,0.8393193047998605,0.8499048872476309,1.6368120765371237
016,Oceania,50,target_only,Ridge,4,0.8204257300649311,0.8748988464911851,1.5900519116398915
016,Oceania,50,target_only,MLP,4,0.8282851436605958,0.882583442263622,1.5762074346046047
016,Oceania,50,pooled,PLSR,4,0.5077439328029953,1.245623156287538,1.1168181775786747
016,Oceania,50,pooled,Ridge,4,0.5633390021414599,1.209374451994897,1.1502926831802418
016,Oceania,50,pooled,MLP,4,0.7761940154367553,0.8495229965796927,1.637547881523822
016,Oceania,50,target_only,PLSR,5,0.7524875795983569,1.1010278023570514,1.2634872438068687
016,Oceania,50,target_only,Ridge,5,0.8018105464130489,0.98746871107563,1.4087885193238272
016,Oceania,50,target_only,MLP,5,0.7680768090392069,0.9034040177894019,1.5398808904557482
016,Oceania,50,pooled,PLSR,5,0.5028453653483805,1.2475327456249203,1.1151086720837862
016,Oceania,50,pooled,Ridge,5,0.5567167369494364,1.213028540258205,1.1468275784003632
016,Oceania,50,pooled,MLP,5,0.7355744676045572,0.8575450891560774,1.6222290826991739
016,Oceania,50,target_only,PLSR,6,0.7451986689424674,0.7103104032272468,1.958488256731592
016,Oceania,50,target_only,Ridge,6,0.7029373839748982,0.7357213018371139,1.890844508485955
016,Oceania,50,target_only,MLP,6,0.7260185111931123,1.1162642464515335,1.2462412800348037
016,Oceania,50,pooled,PLSR,6,0.5037558930850946,1.2495979476359262,1.1132657395818288
016,Oceania,50,pooled,Ridge,6,0.5578565720505517,1.214573672263684,1.1453686302635657
016,Oceania,50,pooled,MLP,6,0.6845035514707541,0.9107693224752502,1.5274280204937933
016,Oceania,50,target_only,PLSR,7,0.7090964584780441,1.2404353800181893,1.1214889592511024
016,Oceania,50,target_only,Ridge,7,0.7578193682647444,0.8253287653762043,1.6855520390359022
016,Oceania,50,target_only,MLP,7,0.7916082623609153,0.7047937849380315,1.9738178926721939
016,Oceania,50,pooled,PLSR,7,0.5048714296497816,1.2474932021751144,1.1151440191652178
016,Oceania,50,pooled,Ridge,7,0.5594378194587313,1.2116863701695297,1.1480979052031492
016,Oceania,50,pooled,MLP,7,0.7592547802684046,0.8540751977755698,1.6288197889109068
016,Oceania,50,target_only,PLSR,8,0.739240304730153,0.7194196871714841,1.9336899005701629
016,Oceania,50,target_only,Ridge,8,0.8251759436198421,0.7637524295764792,1.8214470153977325
016,Oceania,50,target_only,MLP,8,0.8001691270397769,0.9527321016411779,1.460152944315064
016,Oceania,50,pooled,PLSR,8,0.5066581912512946,1.2429497824278388,1.1192202637805353
016,Oceania,50,pooled,Ridge,8,0.5621026818328125,1.206095934659631,1.153419511149777
016,Oceania,50,pooled,MLP,8,0.811217021611587,0.6750449423472792,2.0608029126439567
016,Oceania,50,target_only,PLSR,9,0.8415973581367783,0.6665291142314941,2.087132510271241
016,Oceania,50,target_only,Ridge,9,0.7627452967337467,0.5715141608489134,2.4341209346212644
016,Oceania,50,target_only,MLP,9,0.7883503287097272,0.39401298091084236,3.5306821113836144
016,Oceania,50,pooled,PLSR,9,0.5038580450037563,1.2448820720707405,1.1174830247501495
016,Oceania,50,pooled,Ridge,9,0.5583913676827326,1.2088461907131953,1.1507953567972968
016,Oceania,50,pooled,MLP,9,0.8117628760914631,0.5796417065985053,2.399990489846563
016,Oceania,50,target_only,PLSR,10,0.7393768916482186,0.9287604273506186,1.497840069826397
016,Oceania,50,target_only,Ridge,10,0.7974062980099262,0.9087306256276736,1.5308547375015205
016,Oceania,50,target_only,MLP,10,0.8253904569665068,0.6956723744982579,1.9996978956627067
016,Oceania,50,target_only,PLSR,11,0.6704227495262671,0.9913380373756242,1.4032898273908712
016,Oceania,50,target_only,Ridge,11,0.6858945761549685,1.006275785984916,1.3824585692412732
016,Oceania,50,target_only,MLP,11,0.7379050396911435,0.7546527263316772,1.8434102664904803
016,Oceania,50,target_only,PLSR,12,0.7802654024074315,0.8935834485739338,1.5568043315651725
016,Oceania,50,target_only,Ridge,12,0.8250501942968151,0.7420218667514159,1.8747892018940833
016,Oceania,50,target_only,MLP,12,0.7753829203690504,0.8488658170683859,1.638815647164613
016,Oceania,50,target_only,PLSR,13,0.8273635478692902,0.8565022348120602,1.6242042656900917
016,Oceania,50,target_only,Ridge,13,0.8342833195668558,0.8051824124656373,1.7277259932875324
016,Oceania,50,target_only,MLP,13,0.8999619977662245,0.9942350642059358,1.3992008866292602
016,Oceania,50,target_only,PLSR,14,0.8074238235677261,0.9616112355481484,1.4466704754773945
016,Oceania,50,target_only,Ridge,14,0.7581516976684952,1.0423204611321484,1.334651515757276
016,Oceania,50,target_only,MLP,14,0.835700279405891,0.8185590064739988,1.6994921225621302
016,Oceania,50,target_only,PLSR,15,0.806100072982197,0.8450545891448518,1.6462067672605571
016,Oceania,50,target_only,Ridge,15,0.8421249257333413,0.9252106920366988,1.5035867995564245
016,Oceania,50,target_only,MLP,15,0.9083354997223783,0.5872132357672548,2.369045005494782
016,Oceania,50,target_only,PLSR,16,0.7630378878630929,0.9799891088320729,1.41954086103341
016,Oceania,50,target_only,Ridge,16,0.7388067380332701,0.8152669421461124,1.7063547059725195
016,Oceania,50,target_only,MLP,16,0.8119638823166231,0.7103391130353596,1.9584091004229922
016,Oceania,50,target_only,PLSR,17,0.6454611186025085,0.9992114757326733,1.3922323923819961
016,Oceania,50,target_only,Ridge,17,0.7517596994937804,0.8000844154362949,1.7387347591269398
016,Oceania,50,target_only,MLP,17,0.8484360878428601,0.5230685416770802,2.659564612497134
016,Oceania,50,target_only,PLSR,18,0.7278219360377545,0.49625158233549377,2.8032849322268962
016,Oceania,50,target_only,Ridge,18,0.8127469349308958,0.7859935799052237,1.7699057841192416
016,Oceania,50,target_only,MLP,18,0.8664139886402267,0.4751647584747427,2.9276888879981833
016,Oceania,50,target_only,PLSR,19,0.8061239194996839,0.8534317187879242,1.6300479027549928
016,Oceania,50,target_only,Ridge,19,0.7758650743609941,0.8469398538380015,1.6425423565212627
016,Oceania,50,target_only,MLP,19,0.8320169637224615,0.5107291713548231,2.7238204930894194
016,Oceania,50,target_only,PLSR,20,0.7823403296330396,0.8885765539673062,1.5655765135189796
016,Oceania,50,target_only,Ridge,20,0.8173105786670247,0.9141754044124144,1.521737050286313
016,Oceania,50,target_only,MLP,20,0.8811699030493978,0.5260974806733983,2.6442525092007845
016,Oceania,50,target_only,PLSR,21,0.8577215093769867,0.4997442052458318,2.7836932749835976
016,Oceania,50,target_only,Ridge,21,0.8242567826592249,0.7418763265747866,1.8751569952065428
016,Oceania,50,target_only,MLP,21,0.9089203223089375,0.3431336489757787,4.0542062473536165
016,Oceania,50,target_only,PLSR,22,0.8655445621789108,0.9248680019159182,1.504143921589922
016,Oceania,50,target_only,Ridge,22,0.8284709697617069,0.8967492339190113,1.5513083599472395
016,Oceania,50,target_only,MLP,22,0.8499454557347302,0.6429535203634421,2.1636627521200578
016,Oceania,50,target_only,PLSR,23,0.8295232827489788,0.7309859520879997,1.9030934580632997
016,Oceania,50,target_only,Ridge,23,0.8043679053545013,0.838468114993041,1.659138324379086
016,Oceania,50,target_only,MLP,23,0.8298913480048882,0.687689635023179,2.022910499891358
016,Oceania,50,target_only,PLSR,24,0.8141197311353747,1.0386030119401153,1.339428604925956
016,Oceania,50,target_only,Ridge,24,0.8266770147173828,1.0130119396866832,1.3732657324701543
016,Oceania,50,target_only,MLP,24,0.843950794746726,1.0201810147077623,1.3636154401024063
016,Oceania,50,target_only,PLSR,25,0.792166615228594,0.6430732703693021,2.1632598452676293
016,Oceania,50,target_only,Ridge,25,0.8496825957973355,0.7028116854523307,1.979384538063718
016,Oceania,50,target_only,MLP,25,0.9136093697006532,0.28054812871880574,4.958630769372136
016,Oceania,50,target_only,PLSR,26,0.7926061349699157,0.8841292499614412,1.5734516004481418
016,Oceania,50,target_only,Ridge,26,0.8295336387571258,0.8345086375552828,1.667010406782863
016,Oceania,50,target_only,MLP,26,0.8158326003164257,0.6056633191365471,2.296877719684412
016,Oceania,50,target_only,PLSR,27,0.869684316997342,0.5841130620645539,2.3816186860089457
016,Oceania,50,target_only,Ridge,27,0.8363762024800827,0.7592007555172343,1.8323672273048273
016,Oceania,50,target_only,MLP,27,0.8909474699387621,0.3122634614698816,4.455002762111578
016,Oceania,50,target_only,PLSR,28,0.5171860798473846,2.0448513211583443,0.680310870996142
016,Oceania,50,target_only,Ridge,28,0.7159212407260938,0.7310725673645297,1.9028679852805812
016,Oceania,50,target_only,MLP,28,0.7654129090696035,0.5541541950712977,2.5103745414683014
016,Oceania,50,target_only,PLSR,29,0.7137167582181716,0.8931616020124516,1.557539621296271
016,Oceania,50,target_only,Ridge,29,0.778547040697847,0.9335106670913503,1.490218197173223
016,Oceania,50,target_only,MLP,29,0.8435671486324704,0.7389572499019393,1.8825643615235526
016,Oceania,100,target_only,PLSR,0,0.9134325434282423,0.7049730716592673,1.9733159169903982
016,Oceania,100,target_only,Ridge,0,0.8772483338495705,0.7996138000645742,1.7397580972745859
016,Oceania,100,target_only,MLP,0,0.979129671620777,0.20070063003395006,6.931391212471648
016,Oceania,100,pooled,PLSR,0,0.5266443677818207,1.239238358112775,1.1225722430617715
016,Oceania,100,pooled,Ridge,0,0.5768278693343131,1.2028619922796184,1.1565205254498225
016,Oceania,100,pooled,MLP,0,0.9145649318752718,0.49334961198521476,2.8197743538440965
016,Oceania,100,target_only,PLSR,1,0.9219247216529826,0.5975955976926073,2.3278862640993214
016,Oceania,100,target_only,Ridge,1,0.8819999002481111,0.7693193086863637,1.8082668245130227
016,Oceania,100,target_only,MLP,1,0.9901218545552437,0.1137798929104169,12.226541507207571
016,Oceania,100,pooled,PLSR,1,0.5291068807917925,1.2367747366362456,1.1248083762920513
016,Oceania,100,pooled,Ridge,1,0.58115111052952,1.1996793212607506,1.1595886989974058
016,Oceania,100,pooled,MLP,1,0.9331175349165226,0.48199812459054786,2.8861825645827945
016,Oceania,100,target_only,PLSR,2,0.9198890165779187,0.6332749549452984,2.196730776247119
016,Oceania,100,target_only,Ridge,2,0.879823110367875,0.7909895163885866,1.758726954696359
016,Oceania,100,target_only,MLP,2,0.9877490351619336,0.13420140654739837,10.366020887147053
016,Oceania,100,pooled,PLSR,2,0.5260700334235902,1.2393373765308573,1.1224825537408523
016,Oceania,100,pooled,Ridge,2,0.5781270881248479,1.2020227464860138,1.1573280018383008
016,Oceania,100,pooled,MLP,2,0.8641776585471453,0.7542081709280065,1.8444968338690095
016,Oceania,100,target_only,PLSR,3,0.9116283404874994,0.7224872199531894,1.9254798492421465
016,Oceania,100,target_only,Ridge,3,0.879842659986559,0.8278255526074086,1.6804682809961315
016,Oceania,100,target_only,MLP,3,0.9742753416503573,0.17960125689370096,7.745684008092457
016,Oceania,100,pooled,PLSR,3,0.5263826432834334,1.2399711394553512,1.121908840528249
016,Oceania,100,pooled,Ridge,3,0.5754158345131839,1.2042120612135339,1.155223924557724
016,Oceania,100,pooled,MLP,3,0.8252889445507489,0.9076659395870316,1.5326504198094961
016,Oceania,100,target_only,PLSR,4,0.8184277742544535,0.8211794662229375,1.6940688857619015
016,Oceania,100,target_only,Ridge,4,0.7812983597520046,0.8794998616920956,1.581733714748289
016,Oceania,100,target_only,MLP,4,0.8521778047539368,0.3877825333330461,3.587409085700289
016,Oceania,100,pooled,PLSR,4,0.5286537802242003,1.2378244719523668,1.1238544841181468
016,Oceania,100,pooled,Ridge,4,0.579457416194485,1.2012215464567388,1.1580999254120068
016,Oceania,100,pooled,MLP,4,0.8696381680710566,0.7293756238725303,1.907295140971104
016,Oceania,100,target_only,PLSR,5,0.9241605571245949,0.6495179863246427,2.141795319982912
016,Oceania,100,target_only,Ridge,5,0.8767926173003907,0.8420410321135043,1.6520983304853063
016,Oceania,100,target_only,MLP,5,0.9844396077758918,0.3608094261165081,3.8555937917920047
016,Oceania,100,pooled,PLSR,5,0.5288602658691985,1.2382304163215525,1.1234860370233266
016,Oceania,100,pooled,Ridge,5,0.5806012395571706,1.2017665871569707,1.1575746889800484
016,Oceania,100,pooled,MLP,5,0.8739060328835018,0.4603007455147575,3.022229698540091
016,Oceania,100,target_only,PLSR,6,0.9059996160208128,0.6281152388081306,2.214776043317415
016,Oceania,100,target_only,Ridge,6,0.8816278868314088,0.7885063930669415,1.7642654461480596
016,Oceania,100,target_only,MLP,6,0.982040874604404,0.13815876161570895,10.069101424231858
016,Oceania,100,pooled,PLSR,6,0.5289250546711433,1.2372327278568553,1.1243920016281654
016,Oceania,100,pooled,Ridge,6,0.5799524593421219,1.2001613189645535,1.159122995694491
016,Oceania,100,pooled,MLP,6,0.8955691331173677,0.6378159001697596,2.1810911000879463
016,Oceania,100,target_only,PLSR,7,0.9204044706613789,0.6300102146500579,2.2081143305391593
016,Oceania,100,target_only,Ridge,7,0.8763292153844955,0.8074456202258709,1.722883310662699
016,Oceania,100,target_only,MLP,7,0.9788569507744965,0.3664547062230574,3.796197892211199
016,Oceania,100,pooled,PLSR,7,0.5276793894551624,1.2388369262614645,1.122936000586438
016,Oceania,100,pooled,Ridge,7,0.577933256403859,1.202770018239138,1.156608962860143
016,Oceania,100,pooled,MLP,7,0.8937192096946139,0.7245291905412661,1.9200531897349575
016,Oceania,100,target_only,PLSR,8,0.9070399966805004,0.5760234985102076,2.415065682134134
016,Oceania,100,target_only,Ridge,8,0.8804162814517033,0.8259744589473026,1.6842343831404107
016,Oceania,100,target_only,MLP,8,0.9866814916840724,0.2601206381599392,5.348036177350465
016,Oceania,100,pooled,PLSR,8,0.5289114731633953,1.238226682294737,1.1234894250354321
016,Oceania,100,pooled,Ridge,8,0.5787305773064102,1.2019923646293063,1.1573572547475124
016,Oceania,100,pooled,MLP,8,0.8733210101516061,0.7122581516712713,1.9531325546652298
016,Oceania,100,target_only,PLSR,9,0.9074607266017688,0.6136855702216832,2.2668523603256983
016,Oceania,100,target_only,Ridge,9,0.874609526656957,0.7485743084804899,1.85837874422737
016,Oceania,100,target_only,MLP,9,0.9843260227890803,0.11622252212783708,11.969578338909981
016,Oceania,100,pooled,PLSR,9,0.5253768749100083,1.2375624126054787,1.1240924653052817
016,Oceania,100,pooled,Ridge,9,0.5769976123220564,1.2011218426290196,1.1581960580368138
016,Oceania,100,pooled,MLP,9,0.857146033999036,0.42428550185866376,3.2787700198585945
016,Oceania,100,target_only,PLSR,10,0.8914691008761909,0.7060748502169116,1.9702367007229864
016,Oceania,100,target_only,Ridge,10,0.8596896329156046,0.8018101150714531,1.7349925589687456
016,Oceania,100,target_only,MLP,10,0.9575967292018173,0.22861095342925286,6.0851615484179
016,Oceania,100,target_only,PLSR,11,0.9167085987663282,0.7155470485868392,1.9441552950323098
016,Oceania,100,target_only,Ridge,11,0.8716279271888905,0.8426934257911928,1.6508193143297973
016,Oceania,100,target_only,MLP,11,0.9775072938312293,0.4001072984230405,3.4769037926520743
016,Oceania,100,target_only,PLSR,12,0.9127179354498676,0.6573408495222515,2.116306303443498
016,Oceania,100,target_only,Ridge,12,0.8749429235122949,0.762564425489672,1.8242846595702962
016,Oceania,100,target_only,MLP,12,0.9692632061452429,0.24419662828110497,5.69678047214252
016,Oceania,100,target_only,PLSR,13,0.9021030506072034,0.8069910374962163,1.723853820819376
016,Oceania,100,target_only,Ridge,13,0.8751487657757625,0.8382920170498191,1.6594868554881759
016,Oceania,100,target_only,MLP,13,0.9854638073618777,0.35257010887839063,3.9456963262721696
016,Oceania,100,target_only,PLSR,14,0.9178066710613293,0.7080265771604031,1.9648055994368188
016,Oceania,100,target_only,Ridge,14,0.8792923244108384,0.7561791934550318,1.8396890517426967
016,Oceania,100,target_only,MLP,14,0.986055736454109,0.14762976778993525,9.423130606926865
016,Oceania,100,target_only,PLSR,15,0.9058424170740118,0.7074897428827936,1.9662964690999163
016,Oceania,100,target_only,Ridge,15,0.875458311048131,0.7983987454775612,1.7424057730986782
016,Oceania,100,target_only,MLP,15,0.9836696081578693,0.18141640489381183,7.6681851576163425
016,Oceania,100,target_only,PLSR,16,0.9050201946361685,0.7302024886139308,1.9051353631997259
016,Oceania,100,target_only,Ridge,16,0.8718433122960303,0.8296562324785304,1.6767602398392687
016,Oceania,100,target_only,MLP,16,0.9794840067131599,0.22040109958247023,6.311831410960391
016,Oceania,100,target_only,PLSR,17,0.9226346049706782,0.6969583651884292,1.9960081589360628
016,Oceania,100,target_only,Ridge,17,0.8757737677176968,0.8396239114604214,1.656854413466071
016,Oceania,100,target_only,MLP,17,0.985065084312319,0.2495662373076778,5.574209870543442
016,Oceania,100,target_only,PLSR,18,0.9013275008011703,0.5845205091103576,2.379958550080915
016,Oceania,100,target_only,Ridge,18,0.8739820791631028,0.7829773823978005,1.7767238423856069
016,Oceania,100,target_only,MLP,18,0.9785897958180854,0.10445476839550705,13.318057229206227
016,Oceania,100,target_only,PLSR,19,0.9074645938866568,0.726122661599698,1.9158396465551426
016,Oceania,100,target_only,Ridge,19,0.8800846911195792,0.8380883455922411,1.6598901424548382
016,Oceania,100,target_only,MLP,19,0.9716498311917321,0.32347904494879987,4.300540035213202
016,Oceania,100,target_only,PLSR,20,0.9159865001774911,0.7814398687092492,1.7802196164532336
016,Oceania,100,target_only,Ridge,20,0.8616465688801818,0.9046539503904617,1.5377532842855668
016,Oceania,100,target_only,MLP,20,0.9515173216091786,0.36030769679585156,3.86096271527348
016,Oceania,100,target_only,PLSR,21,0.9059890369252368,0.6244861196944759,2.227646923578453
016,Oceania,100,target_only,Ridge,21,0.8733163716503237,0.755582891040043,1.841140925570693
016,Oceania,100,target_only,MLP,21,0.9653373373893405,0.116393015272089,11.952045233151015
016,Oceania,100,target_only,PLSR,22,0.9183243891580851,0.7342326212073662,1.8946782575081917
016,Oceania,100,target_only,Ridge,22,0.878877908035697,0.7909795052035831,1.7587492143640222
016,Oceania,100,target_only,MLP,22,0.9839112643166218,0.17985198298992097,7.734885989179252
016,Oceania,100,target_only,PLSR,23,0.9149952536951849,0.6745121190869209,2.062430820721216
016,Oceania,100,target_only,Ridge,23,0.8756121416055451,0.8483782328756715,1.6397575155122035
016,Oceania,100,target_only,MLP,23,0.9795208790987331,0.4148292545738375,3.3535112772699347
016,Oceania,100,target_only,PLSR,24,0.9139270157561126,0.6324599435302612,2.199561565258691
016,Oceania,100,target_only,Ridge,24,0.8785756984339528,0.7912554939572594,1.7581357652222362
016,Oceania,100,target_only,MLP,24,0.984201076115447,0.16045292283019377,8.67004825351217
016,Oceania,100,target_only,PLSR,25,0.9122918243202183,0.614354921881159,2.264382580504411
016,Oceania,100,target_only,Ridge,25,0.8818541830323946,0.786201679874665,1.7694373072016547
016,Oceania,100,target_only,MLP,25,0.9759927692350019,0.15877798668096632,8.761507891834281
016,Oceania,100,target_only,PLSR,26,0.9233740344563423,0.6669998707998921,2.085659449508652
016,Oceania,100,target_only,Ridge,26,0.877658695157657,0.7937512021402714,1.7526078443771653
016,Oceania,100,target_only,MLP,26,0.9858079002765616,0.1495313861238261,9.303294909624217
016,Oceania,100,target_only,PLSR,27,0.9027615694047367,0.6566691661921343,2.1184709972324387
016,Oceania,100,target_only,Ridge,27,0.8794788476989724,0.7599244414479814,1.8306222401586896
016,Oceania,100,target_only,MLP,27,0.9791852924681617,0.13961471022644265,9.964097487281592
016,Oceania,100,target_only,PLSR,28,0.9216058432446642,0.620405331329987,2.2422995308125664
016,Oceania,100,target_only,Ridge,28,0.8767074628073592,0.806438654023025,1.7250346029607926
016,Oceania,100,target_only,MLP,28,0.9848185966416073,0.3811695223885546,3.649647995562345
016,Oceania,100,target_only,PLSR,29,0.9132265811891204,0.6432501628997337,2.1626649530622615
016,Oceania,100,target_only,Ridge,29,0.8764280085751515,0.8053564526645268,1.727352625973589
016,Oceania,100,target_only,MLP,29,0.9704122516950964,0.23800759048607895,5.844916880649704
